id;pesid;data_inversa;dia_semana;horario;uf;br;km;municipio;causa_principal;causa_acidente;ordem_tipo_acidente;tipo_acidente;classificacao_acidente;fase_dia;sentido_via;condicao_metereologica;tipo_pista;tracado_via;uso_solo;id_veiculo;tipo_veiculo;marca;ano_fabricacao_veiculo;tipo_envolvido;estado_fisico;idade;sexo;ilesos;feridos_leves;feridos_graves;mortos;latitude;longitude;regional;delegacia;uop
654351;1472795;11/01/2025;sábado;05:30:00;PR;369;479,5;CORBELIA;Sim;Ingestão de álcool pelo condutor;2;Saída de leito carroçável;Com Vítimas Feridas;Amanhecer;Crescente;Céu Claro;Simples;Reta;Não;1176441;Automóvel;RENAULT/CAPTUR INTEN 16A;2017;Passageiro;Lesões Leves;12;Masculino;0;1;0;0;-24,6286;-53,2084;SPRF-PR;DEL04-PR;UOP03-DEL04-PR
654351;1472795;11/01/2025;sábado;05:30:00;PR;369;479,5;CORBELIA;Sim;Ingestão de álcool pelo condutor;1;Colisão frontal;Com Vítimas Feridas;Amanhecer;Crescente;Céu Claro;Simples;Reta;Não;1176441;Automóvel;RENAULT/CAPTUR INTEN 16A;2017;Passageiro;Lesões Leves;12;Masculino;0;1;0;0;-24,6286;-53,2084;SPRF-PR;DEL04-PR;UOP03-DEL04-PR
654430;1473041;11/01/2025;sábado;12:15:00;PR;376;432;TIBAGI;Sim;Velocidade Incompatível;1;Colisão com objeto;Com Vítimas Feridas;Pleno dia;Crescente;Nublado;Dupla;Curva;Não;1176597;Automóvel;HYUNDAI/HB20 1.6A COMF;2014;Passageiro;Lesões Leves;13;Masculino;0;1;0;0;-24,75487094;-50,53509738;SPRF-PR;DEL03-PR;UOP02-DEL03-PR
654445;1473063;11/01/2025;sábado;09:00:00;PR;487;178,3;CAMPO MOURAO;Sim;Manobra de mudança de faixa;3;Queda de ocupante de veículo;Com Vítimas Feridas;Pleno dia;Decrescente;Céu Claro;Dupla;Rotatória;Sim;1176619;Motoneta;HONDA/BIZ 125 ES;2012;Passageiro;Lesões Leves;16;Feminino;0;1;0;0;-24,04705186;-52,39354134;SPRF-PR;DEL09-PR;UOP03-DEL09-PR
654445;1473063;11/01/2025;sábado;09:00:00;PR;487;178,3;CAMPO MOURAO;Sim;Manobra de mudança de faixa;2;Tombamento;Com Vítimas Feridas;Pleno dia;Decrescente;Céu Claro;Dupla;Rotatória;Sim;1176619;Motoneta;HONDA/BIZ 125 ES;2012;Passageiro;Lesões Leves;16;Feminino;0;1;0;0;-24,04705186;-52,39354134;SPRF-PR;DEL09-PR;UOP03-DEL09-PR
654445;1473063;11/01/2025;sábado;09:00:00;PR;487;178,3;CAMPO MOURAO;Sim;Manobra de mudança de faixa;1;Colisão lateral mesmo sentido;Com Vítimas Feridas;Pleno dia;Decrescente;Céu Claro;Dupla;Rotatória;Sim;1176619;Motoneta;HONDA/BIZ 125 ES;2012;Passageiro;Lesões Leves;16;Feminino;0;1;0;0;-24,04705186;-52,39354134;SPRF-PR;DEL09-PR;UOP03-DEL09-PR
654492;1473325;11/01/2025;sábado;18:45:00;PR;376;666,1;GUARATUBA;Não;Chuva;1;Colisão com objeto;Sem Vítimas;Anoitecer;Decrescente;Garoa/Chuvisco;Simples;"Aclive;Curva";Não;1176794;Automóvel;FIAT/PALIO WK ADVEN FLEX;2013;Passageiro;Ileso;11;Feminino;1;0;0;0;-25,86037408;-48,95087256;SPRF-PR;DEL01-PR;UOP04-DEL01-PR
654492;1473325;11/01/2025;sábado;18:45:00;PR;376;666,1;GUARATUBA;Sim;Reação tardia ou ineficiente do condutor;1;Colisão com objeto;Sem Vítimas;Anoitecer;Decrescente;Garoa/Chuvisco;Simples;"Aclive;Curva";Não;1176794;Automóvel;FIAT/PALIO WK ADVEN FLEX;2013;Passageiro;Ileso;11;Feminino;1;0;0;0;-25,86037408;-48,95087256;SPRF-PR;DEL01-PR;UOP04-DEL01-PR
654616;1473474;12/01/2025;domingo;11:10:00;PR;373;177,6;PONTA GROSSA;Sim;Acessar a via sem observar a presença dos outros veículos;3;Queda de ocupante de veículo;Com Vítimas Feridas;Pleno dia;Decrescente;Nublado;Dupla;"Aclive;Reta";Sim;1176905;Caminhão-trator;VOLVO/FH 540 6X4T;2019;Passageiro;Ileso;9;Feminino;1;0;0;0;-25,055;-50,23;SPRF-PR;DEL03-PR;UOP01-DEL03-PR
654616;1473474;12/01/2025;domingo;11:10:00;PR;373;177,6;PONTA GROSSA;Sim;Acessar a via sem observar a presença dos outros veículos;2;Tombamento;Com Vítimas Feridas;Pleno dia;Decrescente;Nublado;Dupla;"Aclive;Reta";Sim;1176905;Caminhão-trator;VOLVO/FH 540 6X4T;2019;Passageiro;Ileso;9;Feminino;1;0;0;0;-25,055;-50,23;SPRF-PR;DEL03-PR;UOP01-DEL03-PR
654616;1473474;12/01/2025;domingo;11:10:00;PR;373;177,6;PONTA GROSSA;Sim;Acessar a via sem observar a presença dos outros veículos;1;Colisão lateral mesmo sentido;Com Vítimas Feridas;Pleno dia;Decrescente;Nublado;Dupla;"Aclive;Reta";Sim;1176905;Caminhão-trator;VOLVO/FH 540 6X4T;2019;Passageiro;Ileso;9;Feminino;1;0;0;0;-25,055;-50,23;SPRF-PR;DEL03-PR;UOP01-DEL03-PR
654730;1473891;12/01/2025;domingo;21:15:00;PR;272;373,3;CAMPO MOURAO;Sim;Transitar na contramão;2;Saída de leito carroçável;Com Vítimas Fatais;Plena Noite;Crescente;Céu Claro;Simples;Reta;Não;1177142;Motoneta;HONDA/BIZ 125 KS;2005;Passageiro;Óbito;12;Masculino;0;0;0;1;-24,0678098;-52,45503794;SPRF-PR;DEL09-PR;UOP03-DEL09-PR
654730;1473891;12/01/2025;domingo;21:15:00;PR;272;373,3;CAMPO MOURAO;Sim;Transitar na contramão;1;Colisão frontal;Com Vítimas Fatais;Plena Noite;Crescente;Céu Claro;Simples;Reta;Não;1177142;Motoneta;HONDA/BIZ 125 KS;2005;Passageiro;Óbito;12;Masculino;0;0;0;1;-24,0678098;-52,45503794;SPRF-PR;DEL09-PR;UOP03-DEL09-PR
654730;1473891;12/01/2025;domingo;21:15:00;PR;272;373,3;CAMPO MOURAO;Não;Reação tardia ou ineficiente do condutor;2;Saída de leito carroçável;Com Vítimas Fatais;Plena Noite;Crescente;Céu Claro;Simples;Reta;Não;1177142;Motoneta;HONDA/BIZ 125 KS;2005;Passageiro;Óbito;12;Masculino;0;0;0;1;-24,0678098;-52,45503794;SPRF-PR;DEL09-PR;UOP03-DEL09-PR
654730;1473891;12/01/2025;domingo;21:15:00;PR;272;373,3;CAMPO MOURAO;Não;Reação tardia ou ineficiente do condutor;1;Colisão frontal;Com Vítimas Fatais;Plena Noite;Crescente;Céu Claro;Simples;Reta;Não;1177142;Motoneta;HONDA/BIZ 125 KS;2005;Passageiro;Óbito;12;Masculino;0;0;0;1;-24,0678098;-52,45503794;SPRF-PR;DEL09-PR;UOP03-DEL09-PR
654748;1473932;13/01/2025;segunda-feira;00:10:00;PR;277;3,8;PARANAGUA;Não;Velocidade Incompatível;4;Colisão traseira;Sem Vítimas;Plena Noite;Decrescente;Nublado;Dupla;Reta;Sim;1177182;Automóvel;RENAULT/CLIO PRI 10 16VH;2006;Passageiro;Ileso;6;Masculino;1;0;0;0;-25,5395086;-48,5345222;SPRF-PR;DEL01-PR;UOP05-DEL01-PR
654748;1473932;13/01/2025;segunda-feira;00:10:00;PR;277;3,8;PARANAGUA;Não;Velocidade Incompatível;3;Queda de ocupante de veículo;Sem Vítimas;Plena Noite;Decrescente;Nublado;Dupla;Reta;Sim;1177182;Automóvel;RENAULT/CLIO PRI 10 16VH;2006;Passageiro;Ileso;6;Masculino;1;0;0;0;-25,5395086;-48,5345222;SPRF-PR;DEL01-PR;UOP05-DEL01-PR
654748;1473932;13/01/2025;segunda-feira;00:10:00;PR;277;3,8;PARANAGUA;Não;Velocidade Incompatível;2;Tombamento;Sem Vítimas;Plena Noite;Decrescente;Nublado;Dupla;Reta;Sim;1177182;Automóvel;RENAULT/CLIO PRI 10 16VH;2006;Passageiro;Ileso;6;Masculino;1;0;0;0;-25,5395086;-48,5345222;SPRF-PR;DEL01-PR;UOP05-DEL01-PR
654748;1473932;13/01/2025;segunda-feira;00:10:00;PR;277;3,8;PARANAGUA;Não;Velocidade Incompatível;1;Saída de leito carroçável;Sem Vítimas;Plena Noite;Decrescente;Nublado;Dupla;Reta;Sim;1177182;Automóvel;RENAULT/CLIO PRI 10 16VH;2006;Passageiro;Ileso;6;Masculino;1;0;0;0;-25,5395086;-48,5345222;SPRF-PR;DEL01-PR;UOP05-DEL01-PR
654748;1473932;13/01/2025;segunda-feira;00:10:00;PR;277;3,8;PARANAGUA;Não;Acumulo de areia ou detritos sobre o pavimento;4;Colisão traseira;Sem Vítimas;Plena Noite;Decrescente;Nublado;Dupla;Reta;Sim;1177182;Automóvel;RENAULT/CLIO PRI 10 16VH;2006;Passageiro;Ileso;6;Masculino;1;0;0;0;-25,5395086;-48,5345222;SPRF-PR;DEL01-PR;UOP05-DEL01-PR
654748;1473932;13/01/2025;segunda-feira;00:10:00;PR;277;3,8;PARANAGUA;Não;Acumulo de areia ou detritos sobre o pavimento;3;Queda de ocupante de veículo;Sem Vítimas;Plena Noite;Decrescente;Nublado;Dupla;Reta;Sim;1177182;Automóvel;RENAULT/CLIO PRI 10 16VH;2006;Passageiro;Ileso;6;Masculino;1;0;0;0;-25,5395086;-48,5345222;SPRF-PR;DEL01-PR;UOP05-DEL01-PR
654748;1473932;13/01/2025;segunda-feira;00:10:00;PR;277;3,8;PARANAGUA;Não;Acumulo de areia ou detritos sobre o pavimento;2;Tombamento;Sem Vítimas;Plena Noite;Decrescente;Nublado;Dupla;Reta;Sim;1177182;Automóvel;RENAULT/CLIO PRI 10 16VH;2006;Passageiro;Ileso;6;Masculino;1;0;0;0;-25,5395086;-48,5345222;SPRF-PR;DEL01-PR;UOP05-DEL01-PR
654748;1473932;13/01/2025;segunda-feira;00:10:00;PR;277;3,8;PARANAGUA;Não;Acumulo de areia ou detritos sobre o pavimento;1;Saída de leito carroçável;Sem Vítimas;Plena Noite;Decrescente;Nublado;Dupla;Reta;Sim;1177182;Automóvel;RENAULT/CLIO PRI 10 16VH;2006;Passageiro;Ileso;6;Masculino;1;0;0;0;-25,5395086;-48,5345222;SPRF-PR;DEL01-PR;UOP05-DEL01-PR
654748;1473932;13/01/2025;segunda-feira;00:10:00;PR;277;3,8;PARANAGUA;Não;Ausência de sinalização;4;Colisão traseira;Sem Vítimas;Plena Noite;Decrescente;Nublado;Dupla;Reta;Sim;1177182;Automóvel;RENAULT/CLIO PRI 10 16VH;2006;Passageiro;Ileso;6;Masculino;1;0;0;0;-25,5395086;-48,5345222;SPRF-PR;DEL01-PR;UOP05-DEL01-PR
654748;1473932;13/01/2025;segunda-feira;00:10:00;PR;277;3,8;PARANAGUA;Não;Ausência de sinalização;3;Queda de ocupante de veículo;Sem Vítimas;Plena Noite;Decrescente;Nublado;Dupla;Reta;Sim;1177182;Automóvel;RENAULT/CLIO PRI 10 16VH;2006;Passageiro;Ileso;6;Masculino;1;0;0;0;-25,5395086;-48,5345222;SPRF-PR;DEL01-PR;UOP05-DEL01-PR
654748;1473932;13/01/2025;segunda-feira;00:10:00;PR;277;3,8;PARANAGUA;Não;Ausência de sinalização;2;Tombamento;Sem Vítimas;Plena Noite;Decrescente;Nublado;Dupla;Reta;Sim;1177182;Automóvel;RENAULT/CLIO PRI 10 16VH;2006;Passageiro;Ileso;6;Masculino;1;0;0;0;-25,5395086;-48,5345222;SPRF-PR;DEL01-PR;UOP05-DEL01-PR
654748;1473932;13/01/2025;segunda-feira;00:10:00;PR;277;3,8;PARANAGUA;Não;Ausência de sinalização;1;Saída de leito carroçável;Sem Vítimas;Plena Noite;Decrescente;Nublado;Dupla;Reta;Sim;1177182;Automóvel;RENAULT/CLIO PRI 10 16VH;2006;Passageiro;Ileso;6;Masculino;1;0;0;0;-25,5395086;-48,5345222;SPRF-PR;DEL01-PR;UOP05-DEL01-PR
654748;1473932;13/01/2025;segunda-feira;00:10:00;PR;277;3,8;PARANAGUA;Sim;Reação tardia ou ineficiente do condutor;4;Colisão traseira;Sem Vítimas;Plena Noite;Decrescente;Nublado;Dupla;Reta;Sim;1177182;Automóvel;RENAULT/CLIO PRI 10 16VH;2006;Passageiro;Ileso;6;Masculino;1;0;0;0;-25,5395086;-48,5345222;SPRF-PR;DEL01-PR;UOP05-DEL01-PR
654748;1473932;13/01/2025;segunda-feira;00:10:00;PR;277;3,8;PARANAGUA;Sim;Reação tardia ou ineficiente do condutor;3;Queda de ocupante de veículo;Sem Vítimas;Plena Noite;Decrescente;Nublado;Dupla;Reta;Sim;1177182;Automóvel;RENAULT/CLIO PRI 10 16VH;2006;Passageiro;Ileso;6;Masculino;1;0;0;0;-25,5395086;-48,5345222;SPRF-PR;DEL01-PR;UOP05-DEL01-PR
654748;1473932;13/01/2025;segunda-feira;00:10:00;PR;277;3,8;PARANAGUA;Sim;Reação tardia ou ineficiente do condutor;2;Tombamento;Sem Vítimas;Plena Noite;Decrescente;Nublado;Dupla;Reta;Sim;1177182;Automóvel;RENAULT/CLIO PRI 10 16VH;2006;Passageiro;Ileso;6;Masculino;1;0;0;0;-25,5395086;-48,5345222;SPRF-PR;DEL01-PR;UOP05-DEL01-PR
654748;1473932;13/01/2025;segunda-feira;00:10:00;PR;277;3,8;PARANAGUA;Sim;Reação tardia ou ineficiente do condutor;1;Saída de leito carroçável;Sem Vítimas;Plena Noite;Decrescente;Nublado;Dupla;Reta;Sim;1177182;Automóvel;RENAULT/CLIO PRI 10 16VH;2006;Passageiro;Ileso;6;Masculino;1;0;0;0;-25,5395086;-48,5345222;SPRF-PR;DEL01-PR;UOP05-DEL01-PR
654892;1474409;13/01/2025;segunda-feira;14:49:00;PR;280;293,5;FLOR DA SERRA DO SUL;Não;Velocidade Incompatível;3;Saída de leito carroçável;Com Vítimas Feridas;Pleno dia;Crescente;Sol;Simples;"Reta;Interseção de Vias";Não;1177501;Caminhonete;FIAT/STRADA FREEDOM 13CD;2022;Passageiro;Lesões Graves;12;Feminino;0;0;1;0;-26,25026574;-53,33540044;SPRF-PR;DEL02-PR;UOP01-DEL02-PR
654892;1474409;13/01/2025;segunda-feira;14:49:00;PR;280;293,5;FLOR DA SERRA DO SUL;Não;Velocidade Incompatível;2;Colisão transversal;Com Vítimas Feridas;Pleno dia;Crescente;Sol;Simples;"Reta;Interseção de Vias";Não;1177501;Caminhonete;FIAT/STRADA FREEDOM 13CD;2022;Passageiro;Lesões Graves;12;Feminino;0;0;1;0;-26,25026574;-53,33540044;SPRF-PR;DEL02-PR;UOP01-DEL02-PR
654892;1474409;13/01/2025;segunda-feira;14:49:00;PR;280;293,5;FLOR DA SERRA DO SUL;Não;Velocidade Incompatível;1;Colisão transversal;Com Vítimas Feridas;Pleno dia;Crescente;Sol;Simples;"Reta;Interseção de Vias";Não;1177501;Caminhonete;FIAT/STRADA FREEDOM 13CD;2022;Passageiro;Lesões Graves;12;Feminino;0;0;1;0;-26,25026574;-53,33540044;SPRF-PR;DEL02-PR;UOP01-DEL02-PR
654892;1474409;13/01/2025;segunda-feira;14:49:00;PR;280;293,5;FLOR DA SERRA DO SUL;Não;Ultrapassagem Indevida;3;Saída de leito carroçável;Com Vítimas Feridas;Pleno dia;Crescente;Sol;Simples;"Reta;Interseção de Vias";Não;1177501;Caminhonete;FIAT/STRADA FREEDOM 13CD;2022;Passageiro;Lesões Graves;12;Feminino;0;0;1;0;-26,25026574;-53,33540044;SPRF-PR;DEL02-PR;UOP01-DEL02-PR
654892;1474409;13/01/2025;segunda-feira;14:49:00;PR;280;293,5;FLOR DA SERRA DO SUL;Não;Ultrapassagem Indevida;2;Colisão transversal;Com Vítimas Feridas;Pleno dia;Crescente;Sol;Simples;"Reta;Interseção de Vias";Não;1177501;Caminhonete;FIAT/STRADA FREEDOM 13CD;2022;Passageiro;Lesões Graves;12;Feminino;0;0;1;0;-26,25026574;-53,33540044;SPRF-PR;DEL02-PR;UOP01-DEL02-PR
654892;1474409;13/01/2025;segunda-feira;14:49:00;PR;280;293,5;FLOR DA SERRA DO SUL;Não;Ultrapassagem Indevida;1;Colisão transversal;Com Vítimas Feridas;Pleno dia;Crescente;Sol;Simples;"Reta;Interseção de Vias";Não;1177501;Caminhonete;FIAT/STRADA FREEDOM 13CD;2022;Passageiro;Lesões Graves;12;Feminino;0;0;1;0;-26,25026574;-53,33540044;SPRF-PR;DEL02-PR;UOP01-DEL02-PR
654892;1474409;13/01/2025;segunda-feira;14:49:00;PR;280;293,5;FLOR DA SERRA DO SUL;Sim;Desrespeitar a preferência no cruzamento;3;Saída de leito carroçável;Com Vítimas Feridas;Pleno dia;Crescente;Sol;Simples;"Reta;Interseção de Vias";Não;1177501;Caminhonete;FIAT/STRADA FREEDOM 13CD;2022;Passageiro;Lesões Graves;12;Feminino;0;0;1;0;-26,25026574;-53,33540044;SPRF-PR;DEL02-PR;UOP01-DEL02-PR
654892;1474409;13/01/2025;segunda-feira;14:49:00;PR;280;293,5;FLOR DA SERRA DO SUL;Sim;Desrespeitar a preferência no cruzamento;2;Colisão transversal;Com Vítimas Feridas;Pleno dia;Crescente;Sol;Simples;"Reta;Interseção de Vias";Não;1177501;Caminhonete;FIAT/STRADA FREEDOM 13CD;2022;Passageiro;Lesões Graves;12;Feminino;0;0;1;0;-26,25026574;-53,33540044;SPRF-PR;DEL02-PR;UOP01-DEL02-PR
654892;1474409;13/01/2025;segunda-feira;14:49:00;PR;280;293,5;FLOR DA SERRA DO SUL;Sim;Desrespeitar a preferência no cruzamento;1;Colisão transversal;Com Vítimas Feridas;Pleno dia;Crescente;Sol;Simples;"Reta;Interseção de Vias";Não;1177501;Caminhonete;FIAT/STRADA FREEDOM 13CD;2022;Passageiro;Lesões Graves;12;Feminino;0;0;1;0;-26,25026574;-53,33540044;SPRF-PR;DEL02-PR;UOP01-DEL02-PR
654950;1476280;13/01/2025;segunda-feira;23:30:00;PR;376;228,2;APUCARANA;Sim;Reação tardia ou ineficiente do condutor;2;Capotamento;Com Vítimas Feridas;Plena Noite;Decrescente;Nublado;Dupla;Reta;Não;1177543;Automóvel;RENAULT/LOGAN EXPR 16 M;2014;Passageiro;Lesões Leves;12;Masculino;0;1;0;0;-23,56382701;-51,53990037;SPRF-PR;DEL07-PR;UOP03-DEL07-PR
654950;1476280;13/01/2025;segunda-feira;23:30:00;PR;376;228,2;APUCARANA;Sim;Reação tardia ou ineficiente do condutor;1;Saída de leito carroçável;Com Vítimas Feridas;Plena Noite;Decrescente;Nublado;Dupla;Reta;Não;1177543;Automóvel;RENAULT/LOGAN EXPR 16 M;2014;Passageiro;Lesões Leves;12;Masculino;0;1;0;0;-23,56382701;-51,53990037;SPRF-PR;DEL07-PR;UOP03-DEL07-PR
655076;1474845;14/01/2025;terça-feira;15:50:00;PR;116;201,8;RIO NEGRO;Sim;Velocidade Incompatível;1;Colisão traseira;Com Vítimas Feridas;Pleno dia;Decrescente;Céu Claro;Simples;"Aclive;Reta";Não;1177792;Automóvel;FIAT/SIENA ATTRACTIV 1.4;2018;Passageiro;Lesões Leves;15;Feminino;0;1;0;0;-26,05781226;-49,72690791;SPRF-SC;DEL06-SC;UOP01-DEL06-SC
655242;1475342;15/01/2025;quarta-feira;13:25:00;PR;376;663,9;GUARATUBA;Sim;Acessar a via sem observar a presença dos outros veículos;2;Tombamento;Sem Vítimas;Pleno dia;Crescente;Nublado;Dupla;"Interseção de Vias;Declive;Curva";Não;1178194;Motocicleta;Não Informado/Não Informado;0;Condutor;Ileso;15;Masculino;1;0;0;0;-25,85276631;-48,97556799;SPRF-PR;DEL01-PR;UOP04-DEL01-PR
655242;1475342;15/01/2025;quarta-feira;13:25:00;PR;376;663,9;GUARATUBA;Sim;Acessar a via sem observar a presença dos outros veículos;1;Colisão lateral mesmo sentido;Sem Vítimas;Pleno dia;Crescente;Nublado;Dupla;"Interseção de Vias;Declive;Curva";Não;1178194;Motocicleta;Não Informado/Não Informado;0;Condutor;Ileso;15;Masculino;1;0;0;0;-25,85276631;-48,97556799;SPRF-PR;DEL01-PR;UOP04-DEL01-PR
655247;1475297;15/01/2025;quarta-feira;13:45:00;PR;369;138;IBIPORA;Sim;Acessar a via sem observar a presença dos outros veículos;3;Queda de ocupante de veículo;Com Vítimas Feridas;Pleno dia;Decrescente;Céu Claro;Simples;Curva;Sim;1178111;Motocicleta;HONDA/CG 160 TITAN;2019;Passageiro;Lesões Leves;15;Feminino;0;1;0;0;-23,27347307;-51,05330163;SPRF-PR;DEL07-PR;UOP01-DEL07-PR
655247;1475297;15/01/2025;quarta-feira;13:45:00;PR;369;138;IBIPORA;Sim;Acessar a via sem observar a presença dos outros veículos;2;Tombamento;Com Vítimas Feridas;Pleno dia;Decrescente;Céu Claro;Simples;Curva;Sim;1178111;Motocicleta;HONDA/CG 160 TITAN;2019;Passageiro;Lesões Leves;15;Feminino;0;1;0;0;-23,27347307;-51,05330163;SPRF-PR;DEL07-PR;UOP01-DEL07-PR
655247;1475297;15/01/2025;quarta-feira;13:45:00;PR;369;138;IBIPORA;Sim;Acessar a via sem observar a presença dos outros veículos;1;Colisão transversal;Com Vítimas Feridas;Pleno dia;Decrescente;Céu Claro;Simples;Curva;Sim;1178111;Motocicleta;HONDA/CG 160 TITAN;2019;Passageiro;Lesões Leves;15;Feminino;0;1;0;0;-23,27347307;-51,05330163;SPRF-PR;DEL07-PR;UOP01-DEL07-PR
655313;1477563;15/01/2025;quarta-feira;19:50:00;PR;116;62;CAMPINA GRANDE DO SUL;Sim;Acessar a via sem observar a presença dos outros veículos;3;Colisão traseira;Com Vítimas Feridas;Plena Noite;Crescente;Chuva;Dupla;"Aclive;Retorno Regulamentado";Não;1178328;Automóvel;GM/ASTRA GL;2000;Passageiro;Ileso;8;Feminino;1;0;0;0;-25,30561332;-48,9732999;SPRF-PR;DEL01-PR;UOP02-DEL01-PR
655313;1477563;15/01/2025;quarta-feira;19:50:00;PR;116;62;CAMPINA GRANDE DO SUL;Sim;Acessar a via sem observar a presença dos outros veículos;2;Colisão lateral sentido oposto;Com Vítimas Feridas;Plena Noite;Crescente;Chuva;Dupla;"Aclive;Retorno Regulamentado";Não;1178328;Automóvel;GM/ASTRA GL;2000;Passageiro;Ileso;8;Feminino;1;0;0;0;-25,30561332;-48,9732999;SPRF-PR;DEL01-PR;UOP02-DEL01-PR
655313;1477563;15/01/2025;quarta-feira;19:50:00;PR;116;62;CAMPINA GRANDE DO SUL;Sim;Acessar a via sem observar a presença dos outros veículos;1;Colisão transversal;Com Vítimas Feridas;Plena Noite;Crescente;Chuva;Dupla;"Aclive;Retorno Regulamentado";Não;1178328;Automóvel;GM/ASTRA GL;2000;Passageiro;Ileso;8;Feminino;1;0;0;0;-25,30561332;-48,9732999;SPRF-PR;DEL01-PR;UOP02-DEL01-PR
655337;1479951;15/01/2025;quarta-feira;22:50:00;PR;116;116;CURITIBA;Sim;Ausência de reação do condutor;1;Colisão traseira;Com Vítimas Feridas;Plena Noite;Crescente;Céu Claro;Simples;Reta;Sim;1181274;Automóvel;VW/FOX 1.0;2009;Passageiro;Lesões Graves;7;Feminino;0;0;1;0;-25,56083937;-49,3080622;SPRF-PR;DEL01-PR;UOP03-DEL01-PR
655340;1475487;15/01/2025;quarta-feira;20:44:00;PR;277;436,1;VIRMOND;Sim;Velocidade Incompatível;2;Saída de leito carroçável;Com Vítimas Feridas;Plena Noite;Decrescente;Céu Claro;Simples;"Declive;Curva";Não;1178304;Caminhão-trator;SCANIA/R450 A6X2;2023;Passageiro;Ileso;14;Feminino;1;0;0;0;-25,37702748;-52,25432396;SPRF-PR;DEL04-PR;UOP02-DEL04-PR
655340;1475486;15/01/2025;quarta-feira;20:44:00;PR;277;436,1;VIRMOND;Sim;Velocidade Incompatível;2;Saída de leito carroçável;Com Vítimas Feridas;Plena Noite;Decrescente;Céu Claro;Simples;"Declive;Curva";Não;1178304;Caminhão-trator;SCANIA/R450 A6X2;2023;Passageiro;Ileso;10;Masculino;1;0;0;0;-25,37702748;-52,25432396;SPRF-PR;DEL04-PR;UOP02-DEL04-PR
655340;1475487;15/01/2025;quarta-feira;20:44:00;PR;277;436,1;VIRMOND;Sim;Velocidade Incompatível;1;Tombamento;Com Vítimas Feridas;Plena Noite;Decrescente;Céu Claro;Simples;"Declive;Curva";Não;1178304;Caminhão-trator;SCANIA/R450 A6X2;2023;Passageiro;Ileso;14;Feminino;1;0;0;0;-25,37702748;-52,25432396;SPRF-PR;DEL04-PR;UOP02-DEL04-PR
655340;1475486;15/01/2025;quarta-feira;20:44:00;PR;277;436,1;VIRMOND;Sim;Velocidade Incompatível;1;Tombamento;Com Vítimas Feridas;Plena Noite;Decrescente;Céu Claro;Simples;"Declive;Curva";Não;1178304;Caminhão-trator;SCANIA/R450 A6X2;2023;Passageiro;Ileso;10;Masculino;1;0;0;0;-25,37702748;-52,25432396;SPRF-PR;DEL04-PR;UOP02-DEL04-PR
655488;1475931;16/01/2025;quinta-feira;17:50:00;PR;116;59,5;CAMPINA GRANDE DO SUL;Não;Velocidade Incompatível;1;Colisão com objeto;Com Vítimas Feridas;Pleno dia;Crescente;Chuva;Dupla;Reta;Não;1178658;Caminhão-trator;DAF/CF85 FTS 410A;2017;Passageiro;Lesões Leves;11;Masculino;0;1;0;0;-25,30502152;-48,95008922;SPRF-PR;DEL01-PR;UOP02-DEL01-PR
655488;1475931;16/01/2025;quinta-feira;17:50:00;PR;116;59,5;CAMPINA GRANDE DO SUL;Não;Pista Escorregadia;1;Colisão com objeto;Com Vítimas Feridas;Pleno dia;Crescente;Chuva;Dupla;Reta;Não;1178658;Caminhão-trator;DAF/CF85 FTS 410A;2017;Passageiro;Lesões Leves;11;Masculino;0;1;0;0;-25,30502152;-48,95008922;SPRF-PR;DEL01-PR;UOP02-DEL01-PR
655488;1475931;16/01/2025;quinta-feira;17:50:00;PR;116;59,5;CAMPINA GRANDE DO SUL;Não;Chuva;1;Colisão com objeto;Com Vítimas Feridas;Pleno dia;Crescente;Chuva;Dupla;Reta;Não;1178658;Caminhão-trator;DAF/CF85 FTS 410A;2017;Passageiro;Lesões Leves;11;Masculino;0;1;0;0;-25,30502152;-48,95008922;SPRF-PR;DEL01-PR;UOP02-DEL01-PR
655488;1475931;16/01/2025;quinta-feira;17:50:00;PR;116;59,5;CAMPINA GRANDE DO SUL;Sim;Reação tardia ou ineficiente do condutor;1;Colisão com objeto;Com Vítimas Feridas;Pleno dia;Crescente;Chuva;Dupla;Reta;Não;1178658;Caminhão-trator;DAF/CF85 FTS 410A;2017;Passageiro;Lesões Leves;11;Masculino;0;1;0;0;-25,30502152;-48,95008922;SPRF-PR;DEL01-PR;UOP02-DEL01-PR
655688;1476605;17/01/2025;sexta-feira;17:00:00;PR;280;280,5;FLOR DA SERRA DO SUL;Sim;Ultrapassagem Indevida;1;Saída de leito carroçável;Com Vítimas Feridas;Pleno dia;Decrescente;Céu Claro;Simples;Reta;Não;1179026;Caminhonete;IMP/TOYOTA HILUX 4X2 CD;2014;Passageiro;Ileso;16;Masculino;1;0;0;0;-26,24539005;-53,22355706;SPRF-PR;DEL02-PR;UOP01-DEL02-PR
655746;1478779;17/01/2025;sexta-feira;18:35:00;PR;277;509,7;GUARANIACU;Sim;Ingestão de álcool pelo condutor;2;Saída de leito carroçável;Com Vítimas Fatais;Anoitecer;Crescente;Céu Claro;Simples;Reta;Não;1180432;Automóvel;RENAULT/SANDERO AUT1016V;2010;Passageiro;Lesões Graves;9;Masculino;0;0;1;0;-25,12162365;-52,77960777;SPRF-PR;DEL04-PR;UOP04-DEL04-PR