id;pesid;data_inversa;dia_semana;horario;uf;br;km;municipio;causa_principal;causa_acidente;ordem_tipo_acidente;tipo_acidente;classificacao_acidente;fase_dia;sentido_via;condicao_metereologica;tipo_pista;tracado_via;uso_solo;id_veiculo;tipo_veiculo;marca;ano_fabricacao_veiculo;tipo_envolvido;estado_fisico;idade;sexo;ilesos;feridos_leves;feridos_graves;mortos;latitude;longitude;regional;delegacia;uop
655746;1478779;17/01/2025;sexta-feira;18:35:00;PR;277;509,7;GUARANIACU;Sim;Ingestão de álcool pelo condutor;1;Colisão frontal;Com Vítimas Fatais;Anoitecer;Crescente;Céu Claro;Simples;Reta;Não;1180432;Automóvel;RENAULT/SANDERO AUT1016V;2010;Passageiro;Lesões Graves;9;Masculino;0;0;1;0;-25,12162365;-52,77960777;SPRF-PR;DEL04-PR;UOP04-DEL04-PR
655803;1476922;18/01/2025;sábado;07:30:00;PR;116;38;CAMPINA GRANDE DO SUL;Não;Pista Escorregadia;2;Colisão com objeto;Com Vítimas Feridas;Pleno dia;Decrescente;Chuva;Dupla;Curva;Não;1179221;Automóvel;VW/NOVO FOX HL MD;2015;Passageiro;Lesões Leves;15;Feminino;0;1;0;0;-25,14802509;-48,85922071;SPRF-PR;DEL01-PR;UOP02-DEL01-PR
655803;1476922;18/01/2025;sábado;07:30:00;PR;116;38;CAMPINA GRANDE DO SUL;Não;Pista Escorregadia;1;Saída de leito carroçável;Com Vítimas Feridas;Pleno dia;Decrescente;Chuva;Dupla;Curva;Não;1179221;Automóvel;VW/NOVO FOX HL MD;2015;Passageiro;Lesões Leves;15;Feminino;0;1;0;0;-25,14802509;-48,85922071;SPRF-PR;DEL01-PR;UOP02-DEL01-PR
655803;1476922;18/01/2025;sábado;07:30:00;PR;116;38;CAMPINA GRANDE DO SUL;Sim;Ausência de reação do condutor;2;Colisão com objeto;Com Vítimas Feridas;Pleno dia;Decrescente;Chuva;Dupla;Curva;Não;1179221;Automóvel;VW/NOVO FOX HL MD;2015;Passageiro;Lesões Leves;15;Feminino;0;1;0;0;-25,14802509;-48,85922071;SPRF-PR;DEL01-PR;UOP02-DEL01-PR
655803;1476922;18/01/2025;sábado;07:30:00;PR;116;38;CAMPINA GRANDE DO SUL;Sim;Ausência de reação do condutor;1;Saída de leito carroçável;Com Vítimas Feridas;Pleno dia;Decrescente;Chuva;Dupla;Curva;Não;1179221;Automóvel;VW/NOVO FOX HL MD;2015;Passageiro;Lesões Leves;15;Feminino;0;1;0;0;-25,14802509;-48,85922071;SPRF-PR;DEL01-PR;UOP02-DEL01-PR
655918;1479541;18/01/2025;sábado;20:40:00;PR;369;177;ROLANDIA;Sim;Velocidade Incompatível;2;Saída de leito carroçável;Com Vítimas Fatais;Plena Noite;Crescente;Céu Claro;Dupla;Reta;Não;1179418;Automóvel;VW/GOL 1.0 GIV;2011;Passageiro;Lesões Graves;1;Feminino;0;0;1;0;-23,3515303;-51,3882399;SPRF-PR;DEL07-PR;UOP01-DEL07-PR
655918;1479541;18/01/2025;sábado;20:40:00;PR;369;177;ROLANDIA;Sim;Velocidade Incompatível;1;Colisão com objeto;Com Vítimas Fatais;Plena Noite;Crescente;Céu Claro;Dupla;Reta;Não;1179418;Automóvel;VW/GOL 1.0 GIV;2011;Passageiro;Lesões Graves;1;Feminino;0;0;1;0;-23,3515303;-51,3882399;SPRF-PR;DEL07-PR;UOP01-DEL07-PR
655950;1477295;18/01/2025;sábado;23:21:00;PR;469;13;FOZ DO IGUACU;Não;Deficiência do Sistema de Iluminação/Sinalização;1;Engavetamento;Sem Vítimas;Plena Noite;Crescente;Ignorado;Simples;Reta;Sim;1179468;Camioneta;JEEP/COMPASS LONGITUDE F;2020;Passageiro;Ileso;16;Masculino;1;0;0;0;-25,5754;-54,5489;SPRF-PR;DEL05-PR;UOP04-DEL05-PR
655950;1477294;18/01/2025;sábado;23:21:00;PR;469;13;FOZ DO IGUACU;Não;Deficiência do Sistema de Iluminação/Sinalização;1;Engavetamento;Sem Vítimas;Plena Noite;Crescente;Ignorado;Simples;Reta;Sim;1179468;Camioneta;JEEP/COMPASS LONGITUDE F;2020;Passageiro;Ileso;14;Feminino;1;0;0;0;-25,5754;-54,5489;SPRF-PR;DEL05-PR;UOP04-DEL05-PR
655950;1477292;18/01/2025;sábado;23:21:00;PR;469;13;FOZ DO IGUACU;Não;Deficiência do Sistema de Iluminação/Sinalização;1;Engavetamento;Sem Vítimas;Plena Noite;Crescente;Ignorado;Simples;Reta;Sim;1179467;Utilitário;I/CHEV TRACKER LTZ MT;2021;Passageiro;Ileso;13;Feminino;1;0;0;0;-25,5754;-54,5489;SPRF-PR;DEL05-PR;UOP04-DEL05-PR
655950;1477291;18/01/2025;sábado;23:21:00;PR;469;13;FOZ DO IGUACU;Não;Deficiência do Sistema de Iluminação/Sinalização;1;Engavetamento;Sem Vítimas;Plena Noite;Crescente;Ignorado;Simples;Reta;Sim;1179467;Utilitário;I/CHEV TRACKER LTZ MT;2021;Passageiro;Ileso;9;Feminino;1;0;0;0;-25,5754;-54,5489;SPRF-PR;DEL05-PR;UOP04-DEL05-PR
655950;1477295;18/01/2025;sábado;23:21:00;PR;469;13;FOZ DO IGUACU;Não;Velocidade Incompatível;1;Engavetamento;Sem Vítimas;Plena Noite;Crescente;Ignorado;Simples;Reta;Sim;1179468;Camioneta;JEEP/COMPASS LONGITUDE F;2020;Passageiro;Ileso;16;Masculino;1;0;0;0;-25,5754;-54,5489;SPRF-PR;DEL05-PR;UOP04-DEL05-PR
655950;1477294;18/01/2025;sábado;23:21:00;PR;469;13;FOZ DO IGUACU;Não;Velocidade Incompatível;1;Engavetamento;Sem Vítimas;Plena Noite;Crescente;Ignorado;Simples;Reta;Sim;1179468;Camioneta;JEEP/COMPASS LONGITUDE F;2020;Passageiro;Ileso;14;Feminino;1;0;0;0;-25,5754;-54,5489;SPRF-PR;DEL05-PR;UOP04-DEL05-PR
655950;1477292;18/01/2025;sábado;23:21:00;PR;469;13;FOZ DO IGUACU;Não;Velocidade Incompatível;1;Engavetamento;Sem Vítimas;Plena Noite;Crescente;Ignorado;Simples;Reta;Sim;1179467;Utilitário;I/CHEV TRACKER LTZ MT;2021;Passageiro;Ileso;13;Feminino;1;0;0;0;-25,5754;-54,5489;SPRF-PR;DEL05-PR;UOP04-DEL05-PR
655950;1477291;18/01/2025;sábado;23:21:00;PR;469;13;FOZ DO IGUACU;Não;Velocidade Incompatível;1;Engavetamento;Sem Vítimas;Plena Noite;Crescente;Ignorado;Simples;Reta;Sim;1179467;Utilitário;I/CHEV TRACKER LTZ MT;2021;Passageiro;Ileso;9;Feminino;1;0;0;0;-25,5754;-54,5489;SPRF-PR;DEL05-PR;UOP04-DEL05-PR
655950;1477295;18/01/2025;sábado;23:21:00;PR;469;13;FOZ DO IGUACU;Não;Ausência de reação do condutor;1;Engavetamento;Sem Vítimas;Plena Noite;Crescente;Ignorado;Simples;Reta;Sim;1179468;Camioneta;JEEP/COMPASS LONGITUDE F;2020;Passageiro;Ileso;16;Masculino;1;0;0;0;-25,5754;-54,5489;SPRF-PR;DEL05-PR;UOP04-DEL05-PR
655950;1477294;18/01/2025;sábado;23:21:00;PR;469;13;FOZ DO IGUACU;Não;Ausência de reação do condutor;1;Engavetamento;Sem Vítimas;Plena Noite;Crescente;Ignorado;Simples;Reta;Sim;1179468;Camioneta;JEEP/COMPASS LONGITUDE F;2020;Passageiro;Ileso;14;Feminino;1;0;0;0;-25,5754;-54,5489;SPRF-PR;DEL05-PR;UOP04-DEL05-PR
655950;1477292;18/01/2025;sábado;23:21:00;PR;469;13;FOZ DO IGUACU;Não;Ausência de reação do condutor;1;Engavetamento;Sem Vítimas;Plena Noite;Crescente;Ignorado;Simples;Reta;Sim;1179467;Utilitário;I/CHEV TRACKER LTZ MT;2021;Passageiro;Ileso;13;Feminino;1;0;0;0;-25,5754;-54,5489;SPRF-PR;DEL05-PR;UOP04-DEL05-PR
655950;1477291;18/01/2025;sábado;23:21:00;PR;469;13;FOZ DO IGUACU;Não;Ausência de reação do condutor;1;Engavetamento;Sem Vítimas;Plena Noite;Crescente;Ignorado;Simples;Reta;Sim;1179467;Utilitário;I/CHEV TRACKER LTZ MT;2021;Passageiro;Ileso;9;Feminino;1;0;0;0;-25,5754;-54,5489;SPRF-PR;DEL05-PR;UOP04-DEL05-PR
655950;1477295;18/01/2025;sábado;23:21:00;PR;469;13;FOZ DO IGUACU;Sim;Ingestão de álcool pelo condutor;1;Engavetamento;Sem Vítimas;Plena Noite;Crescente;Ignorado;Simples;Reta;Sim;1179468;Camioneta;JEEP/COMPASS LONGITUDE F;2020;Passageiro;Ileso;16;Masculino;1;0;0;0;-25,5754;-54,5489;SPRF-PR;DEL05-PR;UOP04-DEL05-PR
655950;1477294;18/01/2025;sábado;23:21:00;PR;469;13;FOZ DO IGUACU;Sim;Ingestão de álcool pelo condutor;1;Engavetamento;Sem Vítimas;Plena Noite;Crescente;Ignorado;Simples;Reta;Sim;1179468;Camioneta;JEEP/COMPASS LONGITUDE F;2020;Passageiro;Ileso;14;Feminino;1;0;0;0;-25,5754;-54,5489;SPRF-PR;DEL05-PR;UOP04-DEL05-PR
655950;1477292;18/01/2025;sábado;23:21:00;PR;469;13;FOZ DO IGUACU;Sim;Ingestão de álcool pelo condutor;1;Engavetamento;Sem Vítimas;Plena Noite;Crescente;Ignorado;Simples;Reta;Sim;1179467;Utilitário;I/CHEV TRACKER LTZ MT;2021;Passageiro;Ileso;13;Feminino;1;0;0;0;-25,5754;-54,5489;SPRF-PR;DEL05-PR;UOP04-DEL05-PR
655950;1477291;18/01/2025;sábado;23:21:00;PR;469;13;FOZ DO IGUACU;Sim;Ingestão de álcool pelo condutor;1;Engavetamento;Sem Vítimas;Plena Noite;Crescente;Ignorado;Simples;Reta;Sim;1179467;Utilitário;I/CHEV TRACKER LTZ MT;2021;Passageiro;Ileso;9;Feminino;1;0;0;0;-25,5754;-54,5489;SPRF-PR;DEL05-PR;UOP04-DEL05-PR
656073;1477589;19/01/2025;domingo;14:15:00;PR;376;445,3;TIBAGI;Sim;Chuva;2;Tombamento;Com Vítimas Feridas;Pleno dia;Crescente;Chuva;Dupla;"Curva;Declive";Não;1179652;Automóvel;TOYOTA/ETIOS SD XLS;2013;Passageiro;Lesões Leves;10;Masculino;0;1;0;0;-24,84947954;-50,47309757;SPRF-PR;DEL03-PR;UOP02-DEL03-PR
656073;1477589;19/01/2025;domingo;14:15:00;PR;376;445,3;TIBAGI;Sim;Chuva;1;Saída de leito carroçável;Com Vítimas Feridas;Pleno dia;Crescente;Chuva;Dupla;"Curva;Declive";Não;1179652;Automóvel;TOYOTA/ETIOS SD XLS;2013;Passageiro;Lesões Leves;10;Masculino;0;1;0;0;-24,84947954;-50,47309757;SPRF-PR;DEL03-PR;UOP02-DEL03-PR
656266;1480028;20/01/2025;segunda-feira;13:00:00;PR;116;114,5;CURITIBA;Sim;Acessar a via sem observar a presença dos outros veículos;3;Capotamento;Com Vítimas Feridas;Pleno dia;Decrescente;Garoa/Chuvisco;Múltipla;Reta;Sim;1180059;Automóvel;HYUNDAI/TUCSON TURBO LTD;2020;Passageiro;Lesões Leves;9;Feminino;0;1;0;0;-25,54501352;-49,29991901;SPRF-PR;DEL01-PR;UOP03-DEL01-PR
656266;1480028;20/01/2025;segunda-feira;13:00:00;PR;116;114,5;CURITIBA;Sim;Acessar a via sem observar a presença dos outros veículos;2;Saída de leito carroçável;Com Vítimas Feridas;Pleno dia;Decrescente;Garoa/Chuvisco;Múltipla;Reta;Sim;1180059;Automóvel;HYUNDAI/TUCSON TURBO LTD;2020;Passageiro;Lesões Leves;9;Feminino;0;1;0;0;-25,54501352;-49,29991901;SPRF-PR;DEL01-PR;UOP03-DEL01-PR
656266;1480028;20/01/2025;segunda-feira;13:00:00;PR;116;114,5;CURITIBA;Sim;Acessar a via sem observar a presença dos outros veículos;1;Colisão com objeto;Com Vítimas Feridas;Pleno dia;Decrescente;Garoa/Chuvisco;Múltipla;Reta;Sim;1180059;Automóvel;HYUNDAI/TUCSON TURBO LTD;2020;Passageiro;Lesões Leves;9;Feminino;0;1;0;0;-25,54501352;-49,29991901;SPRF-PR;DEL01-PR;UOP03-DEL01-PR
656580;1480573;22/01/2025;quarta-feira;01:30:00;PR;116;46;CAMPINA GRANDE DO SUL;Não;Velocidade Incompatível;1;Capotamento;Com Vítimas Feridas;Plena Noite;Crescente;Céu Claro;Dupla;Curva;Não;1180695;Automóvel;RENAULT/SANDERO AUT 16;2009;Passageiro;Ileso;3;Masculino;1;0;0;0;-25,20185401;-48,8962139;SPRF-PR;DEL01-PR;UOP02-DEL01-PR
656580;1480572;22/01/2025;quarta-feira;01:30:00;PR;116;46;CAMPINA GRANDE DO SUL;Não;Velocidade Incompatível;1;Capotamento;Com Vítimas Feridas;Plena Noite;Crescente;Céu Claro;Dupla;Curva;Não;1180695;Automóvel;RENAULT/SANDERO AUT 16;2009;Passageiro;Ileso;2;Feminino;1;0;0;0;-25,20185401;-48,8962139;SPRF-PR;DEL01-PR;UOP02-DEL01-PR
656580;1480573;22/01/2025;quarta-feira;01:30:00;PR;116;46;CAMPINA GRANDE DO SUL;Não;Reação tardia ou ineficiente do condutor;1;Capotamento;Com Vítimas Feridas;Plena Noite;Crescente;Céu Claro;Dupla;Curva;Não;1180695;Automóvel;RENAULT/SANDERO AUT 16;2009;Passageiro;Ileso;3;Masculino;1;0;0;0;-25,20185401;-48,8962139;SPRF-PR;DEL01-PR;UOP02-DEL01-PR
656580;1480572;22/01/2025;quarta-feira;01:30:00;PR;116;46;CAMPINA GRANDE DO SUL;Não;Reação tardia ou ineficiente do condutor;1;Capotamento;Com Vítimas Feridas;Plena Noite;Crescente;Céu Claro;Dupla;Curva;Não;1180695;Automóvel;RENAULT/SANDERO AUT 16;2009;Passageiro;Ileso;2;Feminino;1;0;0;0;-25,20185401;-48,8962139;SPRF-PR;DEL01-PR;UOP02-DEL01-PR
656580;1480573;22/01/2025;quarta-feira;01:30:00;PR;116;46;CAMPINA GRANDE DO SUL;Sim;Condutor Dormindo;1;Capotamento;Com Vítimas Feridas;Plena Noite;Crescente;Céu Claro;Dupla;Curva;Não;1180695;Automóvel;RENAULT/SANDERO AUT 16;2009;Passageiro;Ileso;3;Masculino;1;0;0;0;-25,20185401;-48,8962139;SPRF-PR;DEL01-PR;UOP02-DEL01-PR
656580;1480572;22/01/2025;quarta-feira;01:30:00;PR;116;46;CAMPINA GRANDE DO SUL;Sim;Condutor Dormindo;1;Capotamento;Com Vítimas Feridas;Plena Noite;Crescente;Céu Claro;Dupla;Curva;Não;1180695;Automóvel;RENAULT/SANDERO AUT 16;2009;Passageiro;Ileso;2;Feminino;1;0;0;0;-25,20185401;-48,8962139;SPRF-PR;DEL01-PR;UOP02-DEL01-PR
656687;1480016;22/01/2025;quarta-feira;16:00:00;PR;277;156;PALMEIRA;Sim;Reação tardia ou ineficiente do condutor;3;Saída de leito carroçável;Com Vítimas Feridas;Pleno dia;Crescente;Céu Claro;Simples;"Aclive;Reta";Não;1180930;Automóvel;FORD/KA FLEX;2011;Passageiro;Lesões Leves;14;Feminino;0;1;0;0;-25,47298;-49,82104;SPRF-PR;DEL03-PR;UOP03-DEL03-PR
656687;1480016;22/01/2025;quarta-feira;16:00:00;PR;277;156;PALMEIRA;Sim;Reação tardia ou ineficiente do condutor;2;Capotamento;Com Vítimas Feridas;Pleno dia;Crescente;Céu Claro;Simples;"Aclive;Reta";Não;1180930;Automóvel;FORD/KA FLEX;2011;Passageiro;Lesões Leves;14;Feminino;0;1;0;0;-25,47298;-49,82104;SPRF-PR;DEL03-PR;UOP03-DEL03-PR
656687;1480016;22/01/2025;quarta-feira;16:00:00;PR;277;156;PALMEIRA;Sim;Reação tardia ou ineficiente do condutor;1;Colisão traseira;Com Vítimas Feridas;Pleno dia;Crescente;Céu Claro;Simples;"Aclive;Reta";Não;1180930;Automóvel;FORD/KA FLEX;2011;Passageiro;Lesões Leves;14;Feminino;0;1;0;0;-25,47298;-49,82104;SPRF-PR;DEL03-PR;UOP03-DEL03-PR
656697;1480730;22/01/2025;quarta-feira;17:00:00;PR;376;299,4;MAUA DA SERRA;Sim;Velocidade Incompatível;1;Capotamento;Com Vítimas Feridas;Pleno dia;Decrescente;Chuva;Dupla;Curva;Não;1180979;Caminhonete;CHEVROLET/S10 LTZ DD4A;2023;Passageiro;Ileso;11;Masculino;1;0;0;0;-23,93589703;-51,13894199;SPRF-PR;DEL07-PR;UOP02-DEL07-PR
656697;1480729;22/01/2025;quarta-feira;17:00:00;PR;376;299,4;MAUA DA SERRA;Sim;Velocidade Incompatível;1;Capotamento;Com Vítimas Feridas;Pleno dia;Decrescente;Chuva;Dupla;Curva;Não;1180979;Caminhonete;CHEVROLET/S10 LTZ DD4A;2023;Passageiro;Ileso;12;Feminino;1;0;0;0;-23,93589703;-51,13894199;SPRF-PR;DEL07-PR;UOP02-DEL07-PR
656911;1479817;23/01/2025;quinta-feira;18:00:00;PR;277;129;CAMPO LARGO;Sim;Problema com o freio;3;Colisão com objeto;Com Vítimas Feridas;Anoitecer;Decrescente;Céu Claro;Dupla;Reta;Sim;1181342;Caminhonete;MMC/L200 SPORT 4X4 HPE;2005;Passageiro;Lesões Leves;11;Feminino;0;1;0;0;-25,444947;-49,565302;SPRF-PR;DEL03-PR;UOP03-DEL03-PR
656911;1479817;23/01/2025;quinta-feira;18:00:00;PR;277;129;CAMPO LARGO;Sim;Problema com o freio;2;Colisão com objeto;Com Vítimas Feridas;Anoitecer;Decrescente;Céu Claro;Dupla;Reta;Sim;1181342;Caminhonete;MMC/L200 SPORT 4X4 HPE;2005;Passageiro;Lesões Leves;11;Feminino;0;1;0;0;-25,444947;-49,565302;SPRF-PR;DEL03-PR;UOP03-DEL03-PR
656911;1479817;23/01/2025;quinta-feira;18:00:00;PR;277;129;CAMPO LARGO;Sim;Problema com o freio;1;Saída de leito carroçável;Com Vítimas Feridas;Anoitecer;Decrescente;Céu Claro;Dupla;Reta;Sim;1181342;Caminhonete;MMC/L200 SPORT 4X4 HPE;2005;Passageiro;Lesões Leves;11;Feminino;0;1;0;0;-25,444947;-49,565302;SPRF-PR;DEL03-PR;UOP03-DEL03-PR
657035;1480251;24/01/2025;sexta-feira;15:40:00;PR;376;498,8;PONTA GROSSA;Sim;Reação tardia ou ineficiente do condutor;3;Queda de ocupante de veículo;Com Vítimas Feridas;Pleno dia;Crescente;Céu Claro;Dupla;Reta;Sim;1181644;Automóvel;FORD/FIESTA HA 1.5L SB;2016;Passageiro;Ileso;11;Masculino;1;0;0;0;-25,153;-50,139;SPRF-PR;DEL03-PR;UOP04-DEL03-PR
657035;1480251;24/01/2025;sexta-feira;15:40:00;PR;376;498,8;PONTA GROSSA;Sim;Reação tardia ou ineficiente do condutor;2;Tombamento;Com Vítimas Feridas;Pleno dia;Crescente;Céu Claro;Dupla;Reta;Sim;1181644;Automóvel;FORD/FIESTA HA 1.5L SB;2016;Passageiro;Ileso;11;Masculino;1;0;0;0;-25,153;-50,139;SPRF-PR;DEL03-PR;UOP04-DEL03-PR
657035;1480251;24/01/2025;sexta-feira;15:40:00;PR;376;498,8;PONTA GROSSA;Sim;Reação tardia ou ineficiente do condutor;1;Colisão lateral mesmo sentido;Com Vítimas Feridas;Pleno dia;Crescente;Céu Claro;Dupla;Reta;Sim;1181644;Automóvel;FORD/FIESTA HA 1.5L SB;2016;Passageiro;Ileso;11;Masculino;1;0;0;0;-25,153;-50,139;SPRF-PR;DEL03-PR;UOP04-DEL03-PR
657219;1480671;25/01/2025;sábado;11:05:00;PR;277;696;SAO MIGUEL DO IGUACU;Sim;Acessar a via sem observar a presença dos outros veículos;2;Saída de leito carroçável;Com Vítimas Feridas;Pleno dia;Decrescente;Nublado;Dupla;Reta;Não;1181937;Automóvel;VW/SANTANA GLS 2000;1989;Passageiro;Lesões Leves;15;Masculino;0;1;0;0;-25,38683788;-54,29509407;SPRF-PR;DEL05-PR;UOP01-DEL05-PR
657219;1480671;25/01/2025;sábado;11:05:00;PR;277;696;SAO MIGUEL DO IGUACU;Sim;Acessar a via sem observar a presença dos outros veículos;1;Colisão traseira;Com Vítimas Feridas;Pleno dia;Decrescente;Nublado;Dupla;Reta;Não;1181937;Automóvel;VW/SANTANA GLS 2000;1989;Passageiro;Lesões Leves;15;Masculino;0;1;0;0;-25,38683788;-54,29509407;SPRF-PR;DEL05-PR;UOP01-DEL05-PR
657242;1480715;25/01/2025;sábado;13:55:00;PR;277;320;GUARAPUAVA;Não;Chuva;2;Saída de leito carroçável;Com Vítimas Feridas;Pleno dia;Crescente;Chuva;Múltipla;Reta;Não;1181968;Caminhonete;CHEVROLET/S10 LTZ FD4A;2019;Passageiro;Lesões Leves;12;Feminino;0;1;0;0;-25,371561;-51,261247;SPRF-PR;DEL08-PR;UOP01-DEL08-PR
657242;1480715;25/01/2025;sábado;13:55:00;PR;277;320;GUARAPUAVA;Não;Chuva;1;Capotamento;Com Vítimas Feridas;Pleno dia;Crescente;Chuva;Múltipla;Reta;Não;1181968;Caminhonete;CHEVROLET/S10 LTZ FD4A;2019;Passageiro;Lesões Leves;12;Feminino;0;1;0;0;-25,371561;-51,261247;SPRF-PR;DEL08-PR;UOP01-DEL08-PR
657242;1480715;25/01/2025;sábado;13:55:00;PR;277;320;GUARAPUAVA;Não;Avarias e/ou desgaste excessivo no pneu;2;Saída de leito carroçável;Com Vítimas Feridas;Pleno dia;Crescente;Chuva;Múltipla;Reta;Não;1181968;Caminhonete;CHEVROLET/S10 LTZ FD4A;2019;Passageiro;Lesões Leves;12;Feminino;0;1;0;0;-25,371561;-51,261247;SPRF-PR;DEL08-PR;UOP01-DEL08-PR
657242;1480715;25/01/2025;sábado;13:55:00;PR;277;320;GUARAPUAVA;Não;Avarias e/ou desgaste excessivo no pneu;1;Capotamento;Com Vítimas Feridas;Pleno dia;Crescente;Chuva;Múltipla;Reta;Não;1181968;Caminhonete;CHEVROLET/S10 LTZ FD4A;2019;Passageiro;Lesões Leves;12;Feminino;0;1;0;0;-25,371561;-51,261247;SPRF-PR;DEL08-PR;UOP01-DEL08-PR
657242;1480715;25/01/2025;sábado;13:55:00;PR;277;320;GUARAPUAVA;Sim;Acumulo de água sobre o pavimento;2;Saída de leito carroçável;Com Vítimas Feridas;Pleno dia;Crescente;Chuva;Múltipla;Reta;Não;1181968;Caminhonete;CHEVROLET/S10 LTZ FD4A;2019;Passageiro;Lesões Leves;12;Feminino;0;1;0;0;-25,371561;-51,261247;SPRF-PR;DEL08-PR;UOP01-DEL08-PR
657242;1480715;25/01/2025;sábado;13:55:00;PR;277;320;GUARAPUAVA;Sim;Acumulo de água sobre o pavimento;1;Capotamento;Com Vítimas Feridas;Pleno dia;Crescente;Chuva;Múltipla;Reta;Não;1181968;Caminhonete;CHEVROLET/S10 LTZ FD4A;2019;Passageiro;Lesões Leves;12;Feminino;0;1;0;0;-25,371561;-51,261247;SPRF-PR;DEL08-PR;UOP01-DEL08-PR
657345;1480918;25/01/2025;sábado;15:50:00;PR;277;187;PALMEIRA;Sim;Ausência de reação do condutor;2;Capotamento;Com Vítimas Feridas;Pleno dia;Decrescente;Chuva;Simples;Curva;Não;1182115;Automóvel;FORD/KA SE 1.0 HA C;2020;Passageiro;Lesões Leves;10;Masculino;0;1;0;0;-25,4207591;-50,083596;SPRF-PR;DEL08-PR;UOP02-DEL08-PR
657345;1480917;25/01/2025;sábado;15:50:00;PR;277;187;PALMEIRA;Sim;Ausência de reação do condutor;2;Capotamento;Com Vítimas Feridas;Pleno dia;Decrescente;Chuva;Simples;Curva;Não;1182115;Automóvel;FORD/KA SE 1.0 HA C;2020;Passageiro;Lesões Leves;16;Masculino;0;1;0;0;-25,4207591;-50,083596;SPRF-PR;DEL08-PR;UOP02-DEL08-PR
657345;1480918;25/01/2025;sábado;15:50:00;PR;277;187;PALMEIRA;Sim;Ausência de reação do condutor;1;Saída de leito carroçável;Com Vítimas Feridas;Pleno dia;Decrescente;Chuva;Simples;Curva;Não;1182115;Automóvel;FORD/KA SE 1.0 HA C;2020;Passageiro;Lesões Leves;10;Masculino;0;1;0;0;-25,4207591;-50,083596;SPRF-PR;DEL08-PR;UOP02-DEL08-PR
657345;1480917;25/01/2025;sábado;15:50:00;PR;277;187;PALMEIRA;Sim;Ausência de reação do condutor;1;Saída de leito carroçável;Com Vítimas Feridas;Pleno dia;Decrescente;Chuva;Simples;Curva;Não;1182115;Automóvel;FORD/KA SE 1.0 HA C;2020;Passageiro;Lesões Leves;16;Masculino;0;1;0;0;-25,4207591;-50,083596;SPRF-PR;DEL08-PR;UOP02-DEL08-PR
657410;1481078;12/01/2025;domingo;07:00:00;PR;277;328;GUARAPUAVA;Sim;Transitar na contramão;4;Saída de leito carroçável;Com Vítimas Fatais;Pleno dia;Crescente;Nublado;Simples;Reta;Não;1182251;Automóvel;VW/T CROSS TSI;2024;Passageiro;Lesões Leves;16;Feminino;0;1;0;0;-25,3658465;-51,344064;SPRF-PR;DEL08-PR;UOP01-DEL08-PR
657410;1481078;12/01/2025;domingo;07:00:00;PR;277;328;GUARAPUAVA;Sim;Transitar na contramão;3;Capotamento;Com Vítimas Fatais;Pleno dia;Crescente;Nublado;Simples;Reta;Não;1182251;Automóvel;VW/T CROSS TSI;2024;Passageiro;Lesões Leves;16;Feminino;0;1;0;0;-25,3658465;-51,344064;SPRF-PR;DEL08-PR;UOP01-DEL08-PR
657410;1481078;12/01/2025;domingo;07:00:00;PR;277;328;GUARAPUAVA;Sim;Transitar na contramão;2;Colisão lateral sentido oposto;Com Vítimas Fatais;Pleno dia;Crescente;Nublado;Simples;Reta;Não;1182251;Automóvel;VW/T CROSS TSI;2024;Passageiro;Lesões Leves;16;Feminino;0;1;0;0;-25,3658465;-51,344064;SPRF-PR;DEL08-PR;UOP01-DEL08-PR
657410;1481078;12/01/2025;domingo;07:00:00;PR;277;328;GUARAPUAVA;Sim;Transitar na contramão;1;Colisão lateral sentido oposto;Com Vítimas Fatais;Pleno dia;Crescente;Nublado;Simples;Reta;Não;1182251;Automóvel;VW/T CROSS TSI;2024;Passageiro;Lesões Leves;16;Feminino;0;1;0;0;-25,3658465;-51,344064;SPRF-PR;DEL08-PR;UOP01-DEL08-PR
657410;1481078;12/01/2025;domingo;07:00:00;PR;277;328;GUARAPUAVA;Não;Ingestão de álcool pelo condutor;4;Saída de leito carroçável;Com Vítimas Fatais;Pleno dia;Crescente;Nublado;Simples;Reta;Não;1182251;Automóvel;VW/T CROSS TSI;2024;Passageiro;Lesões Leves;16;Feminino;0;1;0;0;-25,3658465;-51,344064;SPRF-PR;DEL08-PR;UOP01-DEL08-PR
657410;1481078;12/01/2025;domingo;07:00:00;PR;277;328;GUARAPUAVA;Não;Ingestão de álcool pelo condutor;3;Capotamento;Com Vítimas Fatais;Pleno dia;Crescente;Nublado;Simples;Reta;Não;1182251;Automóvel;VW/T CROSS TSI;2024;Passageiro;Lesões Leves;16;Feminino;0;1;0;0;-25,3658465;-51,344064;SPRF-PR;DEL08-PR;UOP01-DEL08-PR
657410;1481078;12/01/2025;domingo;07:00:00;PR;277;328;GUARAPUAVA;Não;Ingestão de álcool pelo condutor;2;Colisão lateral sentido oposto;Com Vítimas Fatais;Pleno dia;Crescente;Nublado;Simples;Reta;Não;1182251;Automóvel;VW/T CROSS TSI;2024;Passageiro;Lesões Leves;16;Feminino;0;1;0;0;-25,3658465;-51,344064;SPRF-PR;DEL08-PR;UOP01-DEL08-PR