id;pesid;data_inversa;dia_semana;horario;uf;br;km;municipio;causa_principal;causa_acidente;ordem_tipo_acidente;tipo_acidente;classificacao_acidente;fase_dia;sentido_via;condicao_metereologica;tipo_pista;tracado_via;uso_solo;id_veiculo;tipo_veiculo;marca;ano_fabricacao_veiculo;tipo_envolvido;estado_fisico;idade;sexo;ilesos;feridos_leves;feridos_graves;mortos;latitude;longitude;regional;delegacia;uop
657410;1481078;12/01/2025;domingo;07:00:00;PR;277;328;GUARAPUAVA;Não;Ingestão de álcool pelo condutor;1;Colisão lateral sentido oposto;Com Vítimas Fatais;Pleno dia;Crescente;Nublado;Simples;Reta;Não;1182251;Automóvel;VW/T CROSS TSI;2024;Passageiro;Lesões Leves;16;Feminino;0;1;0;0;-25,3658465;-51,344064;SPRF-PR;DEL08-PR;UOP01-DEL08-PR
657410;1481078;12/01/2025;domingo;07:00:00;PR;277;328;GUARAPUAVA;Não;Velocidade Incompatível;4;Saída de leito carroçável;Com Vítimas Fatais;Pleno dia;Crescente;Nublado;Simples;Reta;Não;1182251;Automóvel;VW/T CROSS TSI;2024;Passageiro;Lesões Leves;16;Feminino;0;1;0;0;-25,3658465;-51,344064;SPRF-PR;DEL08-PR;UOP01-DEL08-PR
657410;1481078;12/01/2025;domingo;07:00:00;PR;277;328;GUARAPUAVA;Não;Velocidade Incompatível;3;Capotamento;Com Vítimas Fatais;Pleno dia;Crescente;Nublado;Simples;Reta;Não;1182251;Automóvel;VW/T CROSS TSI;2024;Passageiro;Lesões Leves;16;Feminino;0;1;0;0;-25,3658465;-51,344064;SPRF-PR;DEL08-PR;UOP01-DEL08-PR
657410;1481078;12/01/2025;domingo;07:00:00;PR;277;328;GUARAPUAVA;Não;Velocidade Incompatível;2;Colisão lateral sentido oposto;Com Vítimas Fatais;Pleno dia;Crescente;Nublado;Simples;Reta;Não;1182251;Automóvel;VW/T CROSS TSI;2024;Passageiro;Lesões Leves;16;Feminino;0;1;0;0;-25,3658465;-51,344064;SPRF-PR;DEL08-PR;UOP01-DEL08-PR
657410;1481078;12/01/2025;domingo;07:00:00;PR;277;328;GUARAPUAVA;Não;Velocidade Incompatível;1;Colisão lateral sentido oposto;Com Vítimas Fatais;Pleno dia;Crescente;Nublado;Simples;Reta;Não;1182251;Automóvel;VW/T CROSS TSI;2024;Passageiro;Lesões Leves;16;Feminino;0;1;0;0;-25,3658465;-51,344064;SPRF-PR;DEL08-PR;UOP01-DEL08-PR
657410;1481078;12/01/2025;domingo;07:00:00;PR;277;328;GUARAPUAVA;Não;Ultrapassagem Indevida;4;Saída de leito carroçável;Com Vítimas Fatais;Pleno dia;Crescente;Nublado;Simples;Reta;Não;1182251;Automóvel;VW/T CROSS TSI;2024;Passageiro;Lesões Leves;16;Feminino;0;1;0;0;-25,3658465;-51,344064;SPRF-PR;DEL08-PR;UOP01-DEL08-PR
657410;1481078;12/01/2025;domingo;07:00:00;PR;277;328;GUARAPUAVA;Não;Ultrapassagem Indevida;3;Capotamento;Com Vítimas Fatais;Pleno dia;Crescente;Nublado;Simples;Reta;Não;1182251;Automóvel;VW/T CROSS TSI;2024;Passageiro;Lesões Leves;16;Feminino;0;1;0;0;-25,3658465;-51,344064;SPRF-PR;DEL08-PR;UOP01-DEL08-PR
657410;1481078;12/01/2025;domingo;07:00:00;PR;277;328;GUARAPUAVA;Não;Ultrapassagem Indevida;2;Colisão lateral sentido oposto;Com Vítimas Fatais;Pleno dia;Crescente;Nublado;Simples;Reta;Não;1182251;Automóvel;VW/T CROSS TSI;2024;Passageiro;Lesões Leves;16;Feminino;0;1;0;0;-25,3658465;-51,344064;SPRF-PR;DEL08-PR;UOP01-DEL08-PR
657410;1481078;12/01/2025;domingo;07:00:00;PR;277;328;GUARAPUAVA;Não;Ultrapassagem Indevida;1;Colisão lateral sentido oposto;Com Vítimas Fatais;Pleno dia;Crescente;Nublado;Simples;Reta;Não;1182251;Automóvel;VW/T CROSS TSI;2024;Passageiro;Lesões Leves;16;Feminino;0;1;0;0;-25,3658465;-51,344064;SPRF-PR;DEL08-PR;UOP01-DEL08-PR
657444;1481289;26/01/2025;domingo;10:16:00;PR;369;202;APUCARANA;Sim;Conversão proibida;1;Colisão transversal;Sem Vítimas;Pleno dia;Decrescente;Céu Claro;Simples;"Reta;Interseção de Vias";Sim;1182374;Automóvel;VW/GOL 16V;1999;Passageiro;Ileso;5;Masculino;1;0;0;0;-23,5467929;-51,45194113;SPRF-PR;DEL07-PR;UOP03-DEL07-PR
657610;1483730;27/01/2025;segunda-feira;02:30:00;PR;277;338;GUARAPUAVA;Não;Condutor deixou de manter distância do veículo da frente;3;Atropelamento de Pedestre;Com Vítimas Fatais;Plena Noite;Crescente;Chuva;Múltipla;Reta;Sim;1182630;Camioneta;JEEP/RENEGADE SPT T270;2022;Passageiro;Ileso;8;Feminino;1;0;0;0;-25,339917;-51,430278;SPRF-PR;DEL08-PR;UOP01-DEL08-PR
657610;1483730;27/01/2025;segunda-feira;02:30:00;PR;277;338;GUARAPUAVA;Não;Condutor deixou de manter distância do veículo da frente;2;Queda de ocupante de veículo;Com Vítimas Fatais;Plena Noite;Crescente;Chuva;Múltipla;Reta;Sim;1182630;Camioneta;JEEP/RENEGADE SPT T270;2022;Passageiro;Ileso;8;Feminino;1;0;0;0;-25,339917;-51,430278;SPRF-PR;DEL08-PR;UOP01-DEL08-PR
657610;1483730;27/01/2025;segunda-feira;02:30:00;PR;277;338;GUARAPUAVA;Não;Condutor deixou de manter distância do veículo da frente;1;Colisão traseira;Com Vítimas Fatais;Plena Noite;Crescente;Chuva;Múltipla;Reta;Sim;1182630;Camioneta;JEEP/RENEGADE SPT T270;2022;Passageiro;Ileso;8;Feminino;1;0;0;0;-25,339917;-51,430278;SPRF-PR;DEL08-PR;UOP01-DEL08-PR
657610;1483730;27/01/2025;segunda-feira;02:30:00;PR;277;338;GUARAPUAVA;Não;Condutor deixou de manter distância do veículo da frente;4;Colisão com objeto;Com Vítimas Fatais;Plena Noite;Crescente;Chuva;Múltipla;Reta;Sim;1182630;Camioneta;JEEP/RENEGADE SPT T270;2022;Passageiro;Ileso;8;Feminino;1;0;0;0;-25,339917;-51,430278;SPRF-PR;DEL08-PR;UOP01-DEL08-PR
657610;1483730;27/01/2025;segunda-feira;02:30:00;PR;277;338;GUARAPUAVA;Não;Chuva;3;Atropelamento de Pedestre;Com Vítimas Fatais;Plena Noite;Crescente;Chuva;Múltipla;Reta;Sim;1182630;Camioneta;JEEP/RENEGADE SPT T270;2022;Passageiro;Ileso;8;Feminino;1;0;0;0;-25,339917;-51,430278;SPRF-PR;DEL08-PR;UOP01-DEL08-PR
657610;1483730;27/01/2025;segunda-feira;02:30:00;PR;277;338;GUARAPUAVA;Não;Chuva;2;Queda de ocupante de veículo;Com Vítimas Fatais;Plena Noite;Crescente;Chuva;Múltipla;Reta;Sim;1182630;Camioneta;JEEP/RENEGADE SPT T270;2022;Passageiro;Ileso;8;Feminino;1;0;0;0;-25,339917;-51,430278;SPRF-PR;DEL08-PR;UOP01-DEL08-PR
657610;1483730;27/01/2025;segunda-feira;02:30:00;PR;277;338;GUARAPUAVA;Não;Chuva;1;Colisão traseira;Com Vítimas Fatais;Plena Noite;Crescente;Chuva;Múltipla;Reta;Sim;1182630;Camioneta;JEEP/RENEGADE SPT T270;2022;Passageiro;Ileso;8;Feminino;1;0;0;0;-25,339917;-51,430278;SPRF-PR;DEL08-PR;UOP01-DEL08-PR
657610;1483730;27/01/2025;segunda-feira;02:30:00;PR;277;338;GUARAPUAVA;Não;Chuva;4;Colisão com objeto;Com Vítimas Fatais;Plena Noite;Crescente;Chuva;Múltipla;Reta;Sim;1182630;Camioneta;JEEP/RENEGADE SPT T270;2022;Passageiro;Ileso;8;Feminino;1;0;0;0;-25,339917;-51,430278;SPRF-PR;DEL08-PR;UOP01-DEL08-PR
657610;1483730;27/01/2025;segunda-feira;02:30:00;PR;277;338;GUARAPUAVA;Não;Ingestão de álcool pelo condutor;3;Atropelamento de Pedestre;Com Vítimas Fatais;Plena Noite;Crescente;Chuva;Múltipla;Reta;Sim;1182630;Camioneta;JEEP/RENEGADE SPT T270;2022;Passageiro;Ileso;8;Feminino;1;0;0;0;-25,339917;-51,430278;SPRF-PR;DEL08-PR;UOP01-DEL08-PR
657610;1483730;27/01/2025;segunda-feira;02:30:00;PR;277;338;GUARAPUAVA;Não;Ingestão de álcool pelo condutor;2;Queda de ocupante de veículo;Com Vítimas Fatais;Plena Noite;Crescente;Chuva;Múltipla;Reta;Sim;1182630;Camioneta;JEEP/RENEGADE SPT T270;2022;Passageiro;Ileso;8;Feminino;1;0;0;0;-25,339917;-51,430278;SPRF-PR;DEL08-PR;UOP01-DEL08-PR
657610;1483730;27/01/2025;segunda-feira;02:30:00;PR;277;338;GUARAPUAVA;Não;Ingestão de álcool pelo condutor;1;Colisão traseira;Com Vítimas Fatais;Plena Noite;Crescente;Chuva;Múltipla;Reta;Sim;1182630;Camioneta;JEEP/RENEGADE SPT T270;2022;Passageiro;Ileso;8;Feminino;1;0;0;0;-25,339917;-51,430278;SPRF-PR;DEL08-PR;UOP01-DEL08-PR
657610;1483730;27/01/2025;segunda-feira;02:30:00;PR;277;338;GUARAPUAVA;Não;Ingestão de álcool pelo condutor;4;Colisão com objeto;Com Vítimas Fatais;Plena Noite;Crescente;Chuva;Múltipla;Reta;Sim;1182630;Camioneta;JEEP/RENEGADE SPT T270;2022;Passageiro;Ileso;8;Feminino;1;0;0;0;-25,339917;-51,430278;SPRF-PR;DEL08-PR;UOP01-DEL08-PR
657610;1483730;27/01/2025;segunda-feira;02:30:00;PR;277;338;GUARAPUAVA;Não;Velocidade Incompatível;3;Atropelamento de Pedestre;Com Vítimas Fatais;Plena Noite;Crescente;Chuva;Múltipla;Reta;Sim;1182630;Camioneta;JEEP/RENEGADE SPT T270;2022;Passageiro;Ileso;8;Feminino;1;0;0;0;-25,339917;-51,430278;SPRF-PR;DEL08-PR;UOP01-DEL08-PR
657610;1483730;27/01/2025;segunda-feira;02:30:00;PR;277;338;GUARAPUAVA;Não;Velocidade Incompatível;2;Queda de ocupante de veículo;Com Vítimas Fatais;Plena Noite;Crescente;Chuva;Múltipla;Reta;Sim;1182630;Camioneta;JEEP/RENEGADE SPT T270;2022;Passageiro;Ileso;8;Feminino;1;0;0;0;-25,339917;-51,430278;SPRF-PR;DEL08-PR;UOP01-DEL08-PR
657610;1483730;27/01/2025;segunda-feira;02:30:00;PR;277;338;GUARAPUAVA;Não;Velocidade Incompatível;1;Colisão traseira;Com Vítimas Fatais;Plena Noite;Crescente;Chuva;Múltipla;Reta;Sim;1182630;Camioneta;JEEP/RENEGADE SPT T270;2022;Passageiro;Ileso;8;Feminino;1;0;0;0;-25,339917;-51,430278;SPRF-PR;DEL08-PR;UOP01-DEL08-PR
657610;1483730;27/01/2025;segunda-feira;02:30:00;PR;277;338;GUARAPUAVA;Não;Velocidade Incompatível;4;Colisão com objeto;Com Vítimas Fatais;Plena Noite;Crescente;Chuva;Múltipla;Reta;Sim;1182630;Camioneta;JEEP/RENEGADE SPT T270;2022;Passageiro;Ileso;8;Feminino;1;0;0;0;-25,339917;-51,430278;SPRF-PR;DEL08-PR;UOP01-DEL08-PR
657610;1483730;27/01/2025;segunda-feira;02:30:00;PR;277;338;GUARAPUAVA;Sim;Ausência de reação do condutor;3;Atropelamento de Pedestre;Com Vítimas Fatais;Plena Noite;Crescente;Chuva;Múltipla;Reta;Sim;1182630;Camioneta;JEEP/RENEGADE SPT T270;2022;Passageiro;Ileso;8;Feminino;1;0;0;0;-25,339917;-51,430278;SPRF-PR;DEL08-PR;UOP01-DEL08-PR
657610;1483730;27/01/2025;segunda-feira;02:30:00;PR;277;338;GUARAPUAVA;Sim;Ausência de reação do condutor;2;Queda de ocupante de veículo;Com Vítimas Fatais;Plena Noite;Crescente;Chuva;Múltipla;Reta;Sim;1182630;Camioneta;JEEP/RENEGADE SPT T270;2022;Passageiro;Ileso;8;Feminino;1;0;0;0;-25,339917;-51,430278;SPRF-PR;DEL08-PR;UOP01-DEL08-PR
657610;1483730;27/01/2025;segunda-feira;02:30:00;PR;277;338;GUARAPUAVA;Sim;Ausência de reação do condutor;1;Colisão traseira;Com Vítimas Fatais;Plena Noite;Crescente;Chuva;Múltipla;Reta;Sim;1182630;Camioneta;JEEP/RENEGADE SPT T270;2022;Passageiro;Ileso;8;Feminino;1;0;0;0;-25,339917;-51,430278;SPRF-PR;DEL08-PR;UOP01-DEL08-PR
657610;1483730;27/01/2025;segunda-feira;02:30:00;PR;277;338;GUARAPUAVA;Sim;Ausência de reação do condutor;4;Colisão com objeto;Com Vítimas Fatais;Plena Noite;Crescente;Chuva;Múltipla;Reta;Sim;1182630;Camioneta;JEEP/RENEGADE SPT T270;2022;Passageiro;Ileso;8;Feminino;1;0;0;0;-25,339917;-51,430278;SPRF-PR;DEL08-PR;UOP01-DEL08-PR
657639;1481768;27/01/2025;segunda-feira;06:30:00;PR;369;86;CORNELIO PROCOPIO;Sim;Demais falhas mecânicas ou elétricas;1;Capotamento;Com Vítimas Feridas;Pleno dia;Crescente;Nublado;Simples;Curva;Sim;1182703;Automóvel;RENAULT/CLIO EXP10 16H3P;2006;Passageiro;Lesões Leves;7;Feminino;0;1;0;0;-23,17331706;-50,61831594;SPRF-PR;DEL07-PR;UOP05-DEL07-PR
657685;1481886;27/01/2025;segunda-feira;12:30:00;PR;163;62,6;PEROLA DOESTE;Não;Reação tardia ou ineficiente do condutor;1;Colisão lateral sentido oposto;Com Vítimas Feridas;Pleno dia;Decrescente;Chuva;Múltipla;"Curva;Aclive";Não;1182780;Automóvel;RENAULT/KWID ZEN 10MT;2018;Passageiro;Lesões Leves;14;Feminino;0;1;0;0;-25,849808;-53,751462;SPRF-PR;DEL02-PR;UOP02-DEL02-PR
657685;1481886;27/01/2025;segunda-feira;12:30:00;PR;163;62,6;PEROLA DOESTE;Sim;Chuva;1;Colisão lateral sentido oposto;Com Vítimas Feridas;Pleno dia;Decrescente;Chuva;Múltipla;"Curva;Aclive";Não;1182780;Automóvel;RENAULT/KWID ZEN 10MT;2018;Passageiro;Lesões Leves;14;Feminino;0;1;0;0;-25,849808;-53,751462;SPRF-PR;DEL02-PR;UOP02-DEL02-PR
657717;1481988;27/01/2025;segunda-feira;15:15:00;PR;277;8;PARANAGUA;Sim;Ausência de reação do condutor;1;Saída de leito carroçável;Com Vítimas Feridas;Pleno dia;Decrescente;Céu Claro;Dupla;Reta;Não;1182859;Automóvel;HONDA/CIVIC LXS FLEX;2008;Passageiro;Lesões Leves;5;Feminino;0;1;0;0;-25,568198;-48,615292;SPRF-PR;DEL01-PR;UOP05-DEL01-PR
658197;1483312;30/01/2025;quinta-feira;10:52:00;PR;116;44;CAMPINA GRANDE DO SUL;Não;Chuva;3;Tombamento;Com Vítimas Fatais;Pleno dia;Crescente;Garoa/Chuvisco;Dupla;"Curva;Declive";Não;1183849;Automóvel;CHEV/SPIN 1.8L AT ACT;2015;Passageiro;Óbito;15;Feminino;0;0;0;1;-25,1882321;-48,88492529;SPRF-PR;DEL01-PR;UOP02-DEL01-PR
658197;1483312;30/01/2025;quinta-feira;10:52:00;PR;116;44;CAMPINA GRANDE DO SUL;Não;Chuva;2;Queda de ocupante de veículo;Com Vítimas Fatais;Pleno dia;Crescente;Garoa/Chuvisco;Dupla;"Curva;Declive";Não;1183849;Automóvel;CHEV/SPIN 1.8L AT ACT;2015;Passageiro;Óbito;15;Feminino;0;0;0;1;-25,1882321;-48,88492529;SPRF-PR;DEL01-PR;UOP02-DEL01-PR
658197;1483312;30/01/2025;quinta-feira;10:52:00;PR;116;44;CAMPINA GRANDE DO SUL;Não;Chuva;1;Saída de leito carroçável;Com Vítimas Fatais;Pleno dia;Crescente;Garoa/Chuvisco;Dupla;"Curva;Declive";Não;1183849;Automóvel;CHEV/SPIN 1.8L AT ACT;2015;Passageiro;Óbito;15;Feminino;0;0;0;1;-25,1882321;-48,88492529;SPRF-PR;DEL01-PR;UOP02-DEL01-PR
658197;1483312;30/01/2025;quinta-feira;10:52:00;PR;116;44;CAMPINA GRANDE DO SUL;Não;Acumulo de água sobre o pavimento;3;Tombamento;Com Vítimas Fatais;Pleno dia;Crescente;Garoa/Chuvisco;Dupla;"Curva;Declive";Não;1183849;Automóvel;CHEV/SPIN 1.8L AT ACT;2015;Passageiro;Óbito;15;Feminino;0;0;0;1;-25,1882321;-48,88492529;SPRF-PR;DEL01-PR;UOP02-DEL01-PR
658197;1483312;30/01/2025;quinta-feira;10:52:00;PR;116;44;CAMPINA GRANDE DO SUL;Não;Acumulo de água sobre o pavimento;2;Queda de ocupante de veículo;Com Vítimas Fatais;Pleno dia;Crescente;Garoa/Chuvisco;Dupla;"Curva;Declive";Não;1183849;Automóvel;CHEV/SPIN 1.8L AT ACT;2015;Passageiro;Óbito;15;Feminino;0;0;0;1;-25,1882321;-48,88492529;SPRF-PR;DEL01-PR;UOP02-DEL01-PR
658197;1483312;30/01/2025;quinta-feira;10:52:00;PR;116;44;CAMPINA GRANDE DO SUL;Não;Acumulo de água sobre o pavimento;1;Saída de leito carroçável;Com Vítimas Fatais;Pleno dia;Crescente;Garoa/Chuvisco;Dupla;"Curva;Declive";Não;1183849;Automóvel;CHEV/SPIN 1.8L AT ACT;2015;Passageiro;Óbito;15;Feminino;0;0;0;1;-25,1882321;-48,88492529;SPRF-PR;DEL01-PR;UOP02-DEL01-PR
658197;1483312;30/01/2025;quinta-feira;10:52:00;PR;116;44;CAMPINA GRANDE DO SUL;Sim;Reação tardia ou ineficiente do condutor;3;Tombamento;Com Vítimas Fatais;Pleno dia;Crescente;Garoa/Chuvisco;Dupla;"Curva;Declive";Não;1183849;Automóvel;CHEV/SPIN 1.8L AT ACT;2015;Passageiro;Óbito;15;Feminino;0;0;0;1;-25,1882321;-48,88492529;SPRF-PR;DEL01-PR;UOP02-DEL01-PR
658197;1483312;30/01/2025;quinta-feira;10:52:00;PR;116;44;CAMPINA GRANDE DO SUL;Sim;Reação tardia ou ineficiente do condutor;2;Queda de ocupante de veículo;Com Vítimas Fatais;Pleno dia;Crescente;Garoa/Chuvisco;Dupla;"Curva;Declive";Não;1183849;Automóvel;CHEV/SPIN 1.8L AT ACT;2015;Passageiro;Óbito;15;Feminino;0;0;0;1;-25,1882321;-48,88492529;SPRF-PR;DEL01-PR;UOP02-DEL01-PR
658197;1483312;30/01/2025;quinta-feira;10:52:00;PR;116;44;CAMPINA GRANDE DO SUL;Sim;Reação tardia ou ineficiente do condutor;1;Saída de leito carroçável;Com Vítimas Fatais;Pleno dia;Crescente;Garoa/Chuvisco;Dupla;"Curva;Declive";Não;1183849;Automóvel;CHEV/SPIN 1.8L AT ACT;2015;Passageiro;Óbito;15;Feminino;0;0;0;1;-25,1882321;-48,88492529;SPRF-PR;DEL01-PR;UOP02-DEL01-PR
658501;1483959;31/01/2025;sexta-feira;19:00:00;PR;376;383,9;IMBAU;Não;Chuva;2;Capotamento;Com Vítimas Feridas;Anoitecer;Decrescente;Chuva;Dupla;"Curva;Declive";Não;1184353;Automóvel;RENAULT/SANDERO EXPR 10;2015;Passageiro;Lesões Leves;11;Masculino;0;1;0;0;-24,43007005;-50,76607347;SPRF-PR;DEL03-PR;UOP02-DEL03-PR
658501;1483959;31/01/2025;sexta-feira;19:00:00;PR;376;383,9;IMBAU;Não;Chuva;1;Colisão com objeto;Com Vítimas Feridas;Anoitecer;Decrescente;Chuva;Dupla;"Curva;Declive";Não;1184353;Automóvel;RENAULT/SANDERO EXPR 10;2015;Passageiro;Lesões Leves;11;Masculino;0;1;0;0;-24,43007005;-50,76607347;SPRF-PR;DEL03-PR;UOP02-DEL03-PR
658501;1483959;31/01/2025;sexta-feira;19:00:00;PR;376;383,9;IMBAU;Sim;Velocidade Incompatível;2;Capotamento;Com Vítimas Feridas;Anoitecer;Decrescente;Chuva;Dupla;"Curva;Declive";Não;1184353;Automóvel;RENAULT/SANDERO EXPR 10;2015;Passageiro;Lesões Leves;11;Masculino;0;1;0;0;-24,43007005;-50,76607347;SPRF-PR;DEL03-PR;UOP02-DEL03-PR
658501;1483959;31/01/2025;sexta-feira;19:00:00;PR;376;383,9;IMBAU;Sim;Velocidade Incompatível;1;Colisão com objeto;Com Vítimas Feridas;Anoitecer;Decrescente;Chuva;Dupla;"Curva;Declive";Não;1184353;Automóvel;RENAULT/SANDERO EXPR 10;2015;Passageiro;Lesões Leves;11;Masculino;0;1;0;0;-24,43007005;-50,76607347;SPRF-PR;DEL03-PR;UOP02-DEL03-PR
658507;1484029;31/01/2025;sexta-feira;20:00:00;PR;163;343;GUAIRA;Não;Velocidade Incompatível;1;Colisão transversal;Com Vítimas Feridas;Plena Noite;Crescente;Céu Claro;Simples;Reta;Sim;1184403;Caminhonete;IMP/TOYOTA HILUX 4X2 CD;2013;Passageiro;Lesões Leves;13;Feminino;0;1;0;0;-24,21375699;-54,19958751;SPRF-PR;DEL06-PR;UOP01-DEL06-PR
658507;1484029;31/01/2025;sexta-feira;20:00:00;PR;163;343;GUAIRA;Sim;Acessar a via sem observar a presença dos outros veículos;1;Colisão transversal;Com Vítimas Feridas;Plena Noite;Crescente;Céu Claro;Simples;Reta;Sim;1184403;Caminhonete;IMP/TOYOTA HILUX 4X2 CD;2013;Passageiro;Lesões Leves;13;Feminino;0;1;0;0;-24,21375699;-54,19958751;SPRF-PR;DEL06-PR;UOP01-DEL06-PR
658544;1485850;01/02/2025;sábado;06:00:00;PR;369;90,7;CORNELIO PROCOPIO;Não;Acessar a via sem observar a presença dos outros veículos;3;Queda de ocupante de veículo;Com Vítimas Feridas;Pleno dia;Crescente;Nublado;Simples;Interseção de Vias;Sim;1184475;Automóvel;CITROEN/C4CACTUS FEEL AT;2022;Passageiro;Ileso;10;Masculino;1;0;0;0;-23,19676;-50,65425;SPRF-PR;DEL07-PR;UOP05-DEL07-PR
658544;1485849;01/02/2025;sábado;06:00:00;PR;369;90,7;CORNELIO PROCOPIO;Não;Acessar a via sem observar a presença dos outros veículos;3;Queda de ocupante de veículo;Com Vítimas Feridas;Pleno dia;Crescente;Nublado;Simples;Interseção de Vias;Sim;1184475;Automóvel;CITROEN/C4CACTUS FEEL AT;2022;Passageiro;Ileso;6;Masculino;1;0;0;0;-23,19676;-50,65425;SPRF-PR;DEL07-PR;UOP05-DEL07-PR
658544;1485850;01/02/2025;sábado;06:00:00;PR;369;90,7;CORNELIO PROCOPIO;Não;Acessar a via sem observar a presença dos outros veículos;2;Tombamento;Com Vítimas Feridas;Pleno dia;Crescente;Nublado;Simples;Interseção de Vias;Sim;1184475;Automóvel;CITROEN/C4CACTUS FEEL AT;2022;Passageiro;Ileso;10;Masculino;1;0;0;0;-23,19676;-50,65425;SPRF-PR;DEL07-PR;UOP05-DEL07-PR
658544;1485849;01/02/2025;sábado;06:00:00;PR;369;90,7;CORNELIO PROCOPIO;Não;Acessar a via sem observar a presença dos outros veículos;2;Tombamento;Com Vítimas Feridas;Pleno dia;Crescente;Nublado;Simples;Interseção de Vias;Sim;1184475;Automóvel;CITROEN/C4CACTUS FEEL AT;2022;Passageiro;Ileso;6;Masculino;1;0;0;0;-23,19676;-50,65425;SPRF-PR;DEL07-PR;UOP05-DEL07-PR
658544;1485850;01/02/2025;sábado;06:00:00;PR;369;90,7;CORNELIO PROCOPIO;Não;Acessar a via sem observar a presença dos outros veículos;1;Colisão transversal;Com Vítimas Feridas;Pleno dia;Crescente;Nublado;Simples;Interseção de Vias;Sim;1184475;Automóvel;CITROEN/C4CACTUS FEEL AT;2022;Passageiro;Ileso;10;Masculino;1;0;0;0;-23,19676;-50,65425;SPRF-PR;DEL07-PR;UOP05-DEL07-PR
658544;1485849;01/02/2025;sábado;06:00:00;PR;369;90,7;CORNELIO PROCOPIO;Não;Acessar a via sem observar a presença dos outros veículos;1;Colisão transversal;Com Vítimas Feridas;Pleno dia;Crescente;Nublado;Simples;Interseção de Vias;Sim;1184475;Automóvel;CITROEN/C4CACTUS FEEL AT;2022;Passageiro;Ileso;6;Masculino;1;0;0;0;-23,19676;-50,65425;SPRF-PR;DEL07-PR;UOP05-DEL07-PR
658544;1485850;01/02/2025;sábado;06:00:00;PR;369;90,7;CORNELIO PROCOPIO;Sim;Desrespeitar a preferência no cruzamento;3;Queda de ocupante de veículo;Com Vítimas Feridas;Pleno dia;Crescente;Nublado;Simples;Interseção de Vias;Sim;1184475;Automóvel;CITROEN/C4CACTUS FEEL AT;2022;Passageiro;Ileso;10;Masculino;1;0;0;0;-23,19676;-50,65425;SPRF-PR;DEL07-PR;UOP05-DEL07-PR
658544;1485849;01/02/2025;sábado;06:00:00;PR;369;90,7;CORNELIO PROCOPIO;Sim;Desrespeitar a preferência no cruzamento;3;Queda de ocupante de veículo;Com Vítimas Feridas;Pleno dia;Crescente;Nublado;Simples;Interseção de Vias;Sim;1184475;Automóvel;CITROEN/C4CACTUS FEEL AT;2022;Passageiro;Ileso;6;Masculino;1;0;0;0;-23,19676;-50,65425;SPRF-PR;DEL07-PR;UOP05-DEL07-PR
658544;1485850;01/02/2025;sábado;06:00:00;PR;369;90,7;CORNELIO PROCOPIO;Sim;Desrespeitar a preferência no cruzamento;2;Tombamento;Com Vítimas Feridas;Pleno dia;Crescente;Nublado;Simples;Interseção de Vias;Sim;1184475;Automóvel;CITROEN/C4CACTUS FEEL AT;2022;Passageiro;Ileso;10;Masculino;1;0;0;0;-23,19676;-50,65425;SPRF-PR;DEL07-PR;UOP05-DEL07-PR
658544;1485849;01/02/2025;sábado;06:00:00;PR;369;90,7;CORNELIO PROCOPIO;Sim;Desrespeitar a preferência no cruzamento;2;Tombamento;Com Vítimas Feridas;Pleno dia;Crescente;Nublado;Simples;Interseção de Vias;Sim;1184475;Automóvel;CITROEN/C4CACTUS FEEL AT;2022;Passageiro;Ileso;6;Masculino;1;0;0;0;-23,19676;-50,65425;SPRF-PR;DEL07-PR;UOP05-DEL07-PR
658544;1485850;01/02/2025;sábado;06:00:00;PR;369;90,7;CORNELIO PROCOPIO;Sim;Desrespeitar a preferência no cruzamento;1;Colisão transversal;Com Vítimas Feridas;Pleno dia;Crescente;Nublado;Simples;Interseção de Vias;Sim;1184475;Automóvel;CITROEN/C4CACTUS FEEL AT;2022;Passageiro;Ileso;10;Masculino;1;0;0;0;-23,19676;-50,65425;SPRF-PR;DEL07-PR;UOP05-DEL07-PR
658544;1485849;01/02/2025;sábado;06:00:00;PR;369;90,7;CORNELIO PROCOPIO;Sim;Desrespeitar a preferência no cruzamento;1;Colisão transversal;Com Vítimas Feridas;Pleno dia;Crescente;Nublado;Simples;Interseção de Vias;Sim;1184475;Automóvel;CITROEN/C4CACTUS FEEL AT;2022;Passageiro;Ileso;6;Masculino;1;0;0;0;-23,19676;-50,65425;SPRF-PR;DEL07-PR;UOP05-DEL07-PR
658571;1484128;17/01/2025;sexta-feira;17:40:00;PR;376;438,5;TIBAGI;Sim;Ausência de reação do condutor;3;Atropelamento de Pedestre;Com Vítimas Fatais;Anoitecer;Decrescente;Chuva;Dupla;"Curva;Aclive";Não;1184512;Caminhonete;I/TOYOTA HILUX CD4X4 SR;2007;Passageiro;Ileso;15;Feminino;1;0;0;0;-24,79525;-50,49555;SPRF-PR;DEL03-PR;UOP02-DEL03-PR
658571;1484128;17/01/2025;sexta-feira;17:40:00;PR;376;438,5;TIBAGI;Sim;Ausência de reação do condutor;2;Colisão com objeto;Com Vítimas Fatais;Anoitecer;Decrescente;Chuva;Dupla;"Curva;Aclive";Não;1184512;Caminhonete;I/TOYOTA HILUX CD4X4 SR;2007;Passageiro;Ileso;15;Feminino;1;0;0;0;-24,79525;-50,49555;SPRF-PR;DEL03-PR;UOP02-DEL03-PR