id;pesid;data_inversa;dia_semana;horario;uf;br;km;municipio;causa_principal;causa_acidente;ordem_tipo_acidente;tipo_acidente;classificacao_acidente;fase_dia;sentido_via;condicao_metereologica;tipo_pista;tracado_via;uso_solo;id_veiculo;tipo_veiculo;marca;ano_fabricacao_veiculo;tipo_envolvido;estado_fisico;idade;sexo;ilesos;feridos_leves;feridos_graves;mortos;latitude;longitude;regional;delegacia;uop
658571;1484128;17/01/2025;sexta-feira;17:40:00;PR;376;438,5;TIBAGI;Sim;Ausência de reação do condutor;1;Colisão com objeto;Com Vítimas Fatais;Anoitecer;Decrescente;Chuva;Dupla;"Curva;Aclive";Não;1184512;Caminhonete;I/TOYOTA HILUX CD4X4 SR;2007;Passageiro;Ileso;15;Feminino;1;0;0;0;-24,79525;-50,49555;SPRF-PR;DEL03-PR;UOP02-DEL03-PR
658571;1484128;17/01/2025;sexta-feira;17:40:00;PR;376;438,5;TIBAGI;Não;Velocidade Incompatível;3;Atropelamento de Pedestre;Com Vítimas Fatais;Anoitecer;Decrescente;Chuva;Dupla;"Curva;Aclive";Não;1184512;Caminhonete;I/TOYOTA HILUX CD4X4 SR;2007;Passageiro;Ileso;15;Feminino;1;0;0;0;-24,79525;-50,49555;SPRF-PR;DEL03-PR;UOP02-DEL03-PR
658571;1484128;17/01/2025;sexta-feira;17:40:00;PR;376;438,5;TIBAGI;Não;Velocidade Incompatível;2;Colisão com objeto;Com Vítimas Fatais;Anoitecer;Decrescente;Chuva;Dupla;"Curva;Aclive";Não;1184512;Caminhonete;I/TOYOTA HILUX CD4X4 SR;2007;Passageiro;Ileso;15;Feminino;1;0;0;0;-24,79525;-50,49555;SPRF-PR;DEL03-PR;UOP02-DEL03-PR
658571;1484128;17/01/2025;sexta-feira;17:40:00;PR;376;438,5;TIBAGI;Não;Velocidade Incompatível;1;Colisão com objeto;Com Vítimas Fatais;Anoitecer;Decrescente;Chuva;Dupla;"Curva;Aclive";Não;1184512;Caminhonete;I/TOYOTA HILUX CD4X4 SR;2007;Passageiro;Ileso;15;Feminino;1;0;0;0;-24,79525;-50,49555;SPRF-PR;DEL03-PR;UOP02-DEL03-PR
658640;1484402;01/02/2025;sábado;13:15:00;PR;277;604;SANTA TEREZA DO OESTE;Sim;Ultrapassagem Indevida;2;Colisão frontal;Com Vítimas Feridas;Pleno dia;Decrescente;Céu Claro;Simples;Reta;Não;1184646;Automóvel;VW/NOVO GOL 1.0;2012;Passageiro;Lesões Leves;8;Masculino;0;1;0;0;-25,02905699;-53,569607;SPRF-PR;DEL05-PR;UOP02-DEL05-PR
658640;1484402;01/02/2025;sábado;13:15:00;PR;277;604;SANTA TEREZA DO OESTE;Sim;Ultrapassagem Indevida;1;Colisão lateral mesmo sentido;Com Vítimas Feridas;Pleno dia;Decrescente;Céu Claro;Simples;Reta;Não;1184646;Automóvel;VW/NOVO GOL 1.0;2012;Passageiro;Lesões Leves;8;Masculino;0;1;0;0;-25,02905699;-53,569607;SPRF-PR;DEL05-PR;UOP02-DEL05-PR
658664;1484424;01/02/2025;sábado;15:50:00;PR;277;654;MATELANDIA;Sim;Condutor Dormindo;1;Colisão lateral sentido oposto;Com Vítimas Feridas;Pleno dia;Decrescente;Nublado;Simples;"Reta;Aclive";Não;1184698;Automóvel;VW/T CROSS CL TSI AD;2021;Passageiro;Lesões Leves;5;Masculino;0;1;0;0;-25,22232211;-53,9513177;SPRF-PR;DEL05-PR;UOP02-DEL05-PR
658664;1484421;01/02/2025;sábado;15:50:00;PR;277;654;MATELANDIA;Sim;Condutor Dormindo;1;Colisão lateral sentido oposto;Com Vítimas Feridas;Pleno dia;Decrescente;Nublado;Simples;"Reta;Aclive";Não;1184698;Automóvel;VW/T CROSS CL TSI AD;2021;Passageiro;Lesões Leves;10;Feminino;0;1;0;0;-25,22232211;-53,9513177;SPRF-PR;DEL05-PR;UOP02-DEL05-PR
658672;1486424;01/02/2025;sábado;18:00:00;PR;277;69,2;SAO JOSE DOS PINHAIS;Sim;Ausência de reação do condutor;2;Capotamento;Com Vítimas Feridas;Anoitecer;Crescente;Garoa/Chuvisco;Dupla;Reta;Não;1184720;Automóvel;GM/CORSA HATCH MAXX;2012;Passageiro;Lesões Leves;10;Feminino;0;1;0;0;-25,51714245;-49,11470175;SPRF-PR;DEL01-PR;UOP01-DEL01-PR
658672;1486424;01/02/2025;sábado;18:00:00;PR;277;69,2;SAO JOSE DOS PINHAIS;Sim;Ausência de reação do condutor;1;Saída de leito carroçável;Com Vítimas Feridas;Anoitecer;Crescente;Garoa/Chuvisco;Dupla;Reta;Não;1184720;Automóvel;GM/CORSA HATCH MAXX;2012;Passageiro;Lesões Leves;10;Feminino;0;1;0;0;-25,51714245;-49,11470175;SPRF-PR;DEL01-PR;UOP01-DEL01-PR
658681;1484463;01/02/2025;sábado;16:20:00;PR;158;524,3;PATO BRANCO;Sim;Frear bruscamente;1;Colisão traseira;Com Vítimas Feridas;Pleno dia;Decrescente;Céu Claro;Dupla;"Reta;Viaduto";Não;1184731;Automóvel;RENAULT/MEGANEGT DYN 20A;2008;Passageiro;Ileso;3;Masculino;1;0;0;0;-26,14820259;-52,66166752;SPRF-PR;DEL02-PR;UOP01-DEL02-PR
658862;1484940;02/02/2025;domingo;17:40:00;PR;277;694,5;SAO MIGUEL DO IGUACU;Sim;Acessar a via sem observar a presença dos outros veículos;1;Colisão transversal;Com Vítimas Feridas;Pleno dia;Crescente;Céu Claro;Dupla;Reta;Não;1185046;Automóvel;RENAULT/SANDERO EXP1016V;2013;Passageiro;Ileso;8;Masculino;1;0;0;0;-25,37728075;-54,27853715;SPRF-PR;DEL05-PR;UOP01-DEL05-PR
658872;1484973;02/02/2025;domingo;18:30:00;PR;369;164,2;CAMBE;Não;Manobra de mudança de faixa;3;Saída de leito carroçável;Sem Vítimas;Pleno dia;Decrescente;Nublado;Dupla;"Reta;Declive";Não;1185072;Automóvel;CHEVROLET/CELTA 1.0L LS;2011;Passageiro;Ileso;4;Feminino;1;0;0;0;-23,295312;-51,289196;SPRF-PR;DEL07-PR;UOP01-DEL07-PR
658872;1484973;02/02/2025;domingo;18:30:00;PR;369;164,2;CAMBE;Não;Manobra de mudança de faixa;2;Colisão com objeto;Sem Vítimas;Pleno dia;Decrescente;Nublado;Dupla;"Reta;Declive";Não;1185072;Automóvel;CHEVROLET/CELTA 1.0L LS;2011;Passageiro;Ileso;4;Feminino;1;0;0;0;-23,295312;-51,289196;SPRF-PR;DEL07-PR;UOP01-DEL07-PR
658872;1484973;02/02/2025;domingo;18:30:00;PR;369;164,2;CAMBE;Não;Manobra de mudança de faixa;1;Colisão lateral mesmo sentido;Sem Vítimas;Pleno dia;Decrescente;Nublado;Dupla;"Reta;Declive";Não;1185072;Automóvel;CHEVROLET/CELTA 1.0L LS;2011;Passageiro;Ileso;4;Feminino;1;0;0;0;-23,295312;-51,289196;SPRF-PR;DEL07-PR;UOP01-DEL07-PR
658872;1484973;02/02/2025;domingo;18:30:00;PR;369;164,2;CAMBE;Sim;Ingestão de álcool pelo condutor;3;Saída de leito carroçável;Sem Vítimas;Pleno dia;Decrescente;Nublado;Dupla;"Reta;Declive";Não;1185072;Automóvel;CHEVROLET/CELTA 1.0L LS;2011;Passageiro;Ileso;4;Feminino;1;0;0;0;-23,295312;-51,289196;SPRF-PR;DEL07-PR;UOP01-DEL07-PR
658872;1484973;02/02/2025;domingo;18:30:00;PR;369;164,2;CAMBE;Sim;Ingestão de álcool pelo condutor;2;Colisão com objeto;Sem Vítimas;Pleno dia;Decrescente;Nublado;Dupla;"Reta;Declive";Não;1185072;Automóvel;CHEVROLET/CELTA 1.0L LS;2011;Passageiro;Ileso;4;Feminino;1;0;0;0;-23,295312;-51,289196;SPRF-PR;DEL07-PR;UOP01-DEL07-PR
658872;1484973;02/02/2025;domingo;18:30:00;PR;369;164,2;CAMBE;Sim;Ingestão de álcool pelo condutor;1;Colisão lateral mesmo sentido;Sem Vítimas;Pleno dia;Decrescente;Nublado;Dupla;"Reta;Declive";Não;1185072;Automóvel;CHEVROLET/CELTA 1.0L LS;2011;Passageiro;Ileso;4;Feminino;1;0;0;0;-23,295312;-51,289196;SPRF-PR;DEL07-PR;UOP01-DEL07-PR
658876;1485031;02/02/2025;domingo;18:00:00;PR;373;248;GUAMIRANGA;Sim;Acessar a via sem observar a presença dos outros veículos;3;Saída de leito carroçável;Com Vítimas Feridas;Anoitecer;Decrescente;Céu Claro;Simples;"Declive;Reta";Não;1185123;Caminhonete;I/VW AMAROK CD 4X4 SE;2019;Passageiro;Ileso;13;Masculino;1;0;0;0;-25,19042059;-50,83313898;SPRF-PR;DEL03-PR;UOP01-DEL03-PR
658876;1485031;02/02/2025;domingo;18:00:00;PR;373;248;GUAMIRANGA;Sim;Acessar a via sem observar a presença dos outros veículos;2;Queda de ocupante de veículo;Com Vítimas Feridas;Anoitecer;Decrescente;Céu Claro;Simples;"Declive;Reta";Não;1185123;Caminhonete;I/VW AMAROK CD 4X4 SE;2019;Passageiro;Ileso;13;Masculino;1;0;0;0;-25,19042059;-50,83313898;SPRF-PR;DEL03-PR;UOP01-DEL03-PR
658876;1485031;02/02/2025;domingo;18:00:00;PR;373;248;GUAMIRANGA;Sim;Acessar a via sem observar a presença dos outros veículos;1;Colisão lateral mesmo sentido;Com Vítimas Feridas;Anoitecer;Decrescente;Céu Claro;Simples;"Declive;Reta";Não;1185123;Caminhonete;I/VW AMAROK CD 4X4 SE;2019;Passageiro;Ileso;13;Masculino;1;0;0;0;-25,19042059;-50,83313898;SPRF-PR;DEL03-PR;UOP01-DEL03-PR
659121;1485534;03/02/2025;segunda-feira;18:10:00;PR;376;383;IMBAU;Não;Velocidade Incompatível;2;Capotamento;Com Vítimas Feridas;Anoitecer;Decrescente;Chuva;Dupla;Curva;Não;1185503;Automóvel;I/NISSAN VERSA 16SV FLEX;2013;Passageiro;Ileso;2;Feminino;1;0;0;0;-24,47251574;-50,73914548;SPRF-PR;DEL03-PR;UOP02-DEL03-PR
659121;1485534;03/02/2025;segunda-feira;18:10:00;PR;376;383;IMBAU;Não;Velocidade Incompatível;1;Saída de leito carroçável;Com Vítimas Feridas;Anoitecer;Decrescente;Chuva;Dupla;Curva;Não;1185503;Automóvel;I/NISSAN VERSA 16SV FLEX;2013;Passageiro;Ileso;2;Feminino;1;0;0;0;-24,47251574;-50,73914548;SPRF-PR;DEL03-PR;UOP02-DEL03-PR
659121;1485534;03/02/2025;segunda-feira;18:10:00;PR;376;383;IMBAU;Não;Curva acentuada;2;Capotamento;Com Vítimas Feridas;Anoitecer;Decrescente;Chuva;Dupla;Curva;Não;1185503;Automóvel;I/NISSAN VERSA 16SV FLEX;2013;Passageiro;Ileso;2;Feminino;1;0;0;0;-24,47251574;-50,73914548;SPRF-PR;DEL03-PR;UOP02-DEL03-PR
659121;1485534;03/02/2025;segunda-feira;18:10:00;PR;376;383;IMBAU;Não;Curva acentuada;1;Saída de leito carroçável;Com Vítimas Feridas;Anoitecer;Decrescente;Chuva;Dupla;Curva;Não;1185503;Automóvel;I/NISSAN VERSA 16SV FLEX;2013;Passageiro;Ileso;2;Feminino;1;0;0;0;-24,47251574;-50,73914548;SPRF-PR;DEL03-PR;UOP02-DEL03-PR
659121;1485534;03/02/2025;segunda-feira;18:10:00;PR;376;383;IMBAU;Sim;Reação tardia ou ineficiente do condutor;2;Capotamento;Com Vítimas Feridas;Anoitecer;Decrescente;Chuva;Dupla;Curva;Não;1185503;Automóvel;I/NISSAN VERSA 16SV FLEX;2013;Passageiro;Ileso;2;Feminino;1;0;0;0;-24,47251574;-50,73914548;SPRF-PR;DEL03-PR;UOP02-DEL03-PR
659121;1485534;03/02/2025;segunda-feira;18:10:00;PR;376;383;IMBAU;Sim;Reação tardia ou ineficiente do condutor;1;Saída de leito carroçável;Com Vítimas Feridas;Anoitecer;Decrescente;Chuva;Dupla;Curva;Não;1185503;Automóvel;I/NISSAN VERSA 16SV FLEX;2013;Passageiro;Ileso;2;Feminino;1;0;0;0;-24,47251574;-50,73914548;SPRF-PR;DEL03-PR;UOP02-DEL03-PR
659183;1485856;04/02/2025;terça-feira;08:00:00;PR;277;136;BALSA NOVA;Não;Reação tardia ou ineficiente do condutor;2;Capotamento;Com Vítimas Feridas;Pleno dia;Decrescente;Chuva;Dupla;Curva;Não;1185647;Caminhonete;NISSAN/FRONTIER SVATK4XA;2016;Passageiro;Ileso;15;Feminino;1;0;0;0;-25,47830225;-49,64382648;SPRF-PR;DEL03-PR;UOP03-DEL03-PR
659183;1485856;04/02/2025;terça-feira;08:00:00;PR;277;136;BALSA NOVA;Não;Reação tardia ou ineficiente do condutor;1;Colisão lateral mesmo sentido;Com Vítimas Feridas;Pleno dia;Decrescente;Chuva;Dupla;Curva;Não;1185647;Caminhonete;NISSAN/FRONTIER SVATK4XA;2016;Passageiro;Ileso;15;Feminino;1;0;0;0;-25,47830225;-49,64382648;SPRF-PR;DEL03-PR;UOP03-DEL03-PR
659183;1485856;04/02/2025;terça-feira;08:00:00;PR;277;136;BALSA NOVA;Não;Velocidade Incompatível;2;Capotamento;Com Vítimas Feridas;Pleno dia;Decrescente;Chuva;Dupla;Curva;Não;1185647;Caminhonete;NISSAN/FRONTIER SVATK4XA;2016;Passageiro;Ileso;15;Feminino;1;0;0;0;-25,47830225;-49,64382648;SPRF-PR;DEL03-PR;UOP03-DEL03-PR
659183;1485856;04/02/2025;terça-feira;08:00:00;PR;277;136;BALSA NOVA;Não;Velocidade Incompatível;1;Colisão lateral mesmo sentido;Com Vítimas Feridas;Pleno dia;Decrescente;Chuva;Dupla;Curva;Não;1185647;Caminhonete;NISSAN/FRONTIER SVATK4XA;2016;Passageiro;Ileso;15;Feminino;1;0;0;0;-25,47830225;-49,64382648;SPRF-PR;DEL03-PR;UOP03-DEL03-PR
659183;1485856;04/02/2025;terça-feira;08:00:00;PR;277;136;BALSA NOVA;Sim;Pista Escorregadia;2;Capotamento;Com Vítimas Feridas;Pleno dia;Decrescente;Chuva;Dupla;Curva;Não;1185647;Caminhonete;NISSAN/FRONTIER SVATK4XA;2016;Passageiro;Ileso;15;Feminino;1;0;0;0;-25,47830225;-49,64382648;SPRF-PR;DEL03-PR;UOP03-DEL03-PR
659183;1485856;04/02/2025;terça-feira;08:00:00;PR;277;136;BALSA NOVA;Sim;Pista Escorregadia;1;Colisão lateral mesmo sentido;Com Vítimas Feridas;Pleno dia;Decrescente;Chuva;Dupla;Curva;Não;1185647;Caminhonete;NISSAN/FRONTIER SVATK4XA;2016;Passageiro;Ileso;15;Feminino;1;0;0;0;-25,47830225;-49,64382648;SPRF-PR;DEL03-PR;UOP03-DEL03-PR
659425;1486620;05/02/2025;quarta-feira;13:40:00;PR;277;576,9;CASCAVEL;Sim;Demais falhas mecânicas ou elétricas;1;Tombamento;Com Vítimas Feridas;Pleno dia;Decrescente;Sol;Dupla;Reta;Não;1186111;Motocicleta;HONDA/CG 125 FAN;2008;Passageiro;Lesões Leves;15;Feminino;0;1;0;0;-24,98692731;-53,33030208;SPRF-PR;DEL04-PR;UOP01-DEL04-PR
659474;1486549;05/02/2025;quarta-feira;17:30:00;PR;277;433,9;VIRMOND;Sim;Velocidade Incompatível;1;Capotamento;Com Vítimas Feridas;Pleno dia;Crescente;Chuva;Simples;Curva;Não;1186214;Caminhonete;I/FORD RANGER XLSCD4A22C;2017;Passageiro;Lesões Leves;15;Masculino;0;1;0;0;-25,3784;-52,202767;SPRF-PR;DEL04-PR;UOP02-DEL04-PR
659606;1488857;06/02/2025;quinta-feira;13:35:00;PR;376;457;TIBAGI;Não;Acessar a via sem observar a presença dos outros veículos;2;Tombamento;Com Vítimas Feridas;Pleno dia;Decrescente;Chuva;Dupla;Reta;Não;1186698;Automóvel;GM/ZAFIRA ELEGANCE;2004;Passageiro;Ileso;8;Feminino;1;0;0;0;-24,98482569;-50,36932593;SPRF-PR;DEL03-PR;UOP01-DEL03-PR
659606;1488857;06/02/2025;quinta-feira;13:35:00;PR;376;457;TIBAGI;Não;Acessar a via sem observar a presença dos outros veículos;1;Colisão lateral mesmo sentido;Com Vítimas Feridas;Pleno dia;Decrescente;Chuva;Dupla;Reta;Não;1186698;Automóvel;GM/ZAFIRA ELEGANCE;2004;Passageiro;Ileso;8;Feminino;1;0;0;0;-24,98482569;-50,36932593;SPRF-PR;DEL03-PR;UOP01-DEL03-PR
659606;1488857;06/02/2025;quinta-feira;13:35:00;PR;376;457;TIBAGI;Sim;Reação tardia ou ineficiente do condutor;2;Tombamento;Com Vítimas Feridas;Pleno dia;Decrescente;Chuva;Dupla;Reta;Não;1186698;Automóvel;GM/ZAFIRA ELEGANCE;2004;Passageiro;Ileso;8;Feminino;1;0;0;0;-24,98482569;-50,36932593;SPRF-PR;DEL03-PR;UOP01-DEL03-PR
659606;1488857;06/02/2025;quinta-feira;13:35:00;PR;376;457;TIBAGI;Sim;Reação tardia ou ineficiente do condutor;1;Colisão lateral mesmo sentido;Com Vítimas Feridas;Pleno dia;Decrescente;Chuva;Dupla;Reta;Não;1186698;Automóvel;GM/ZAFIRA ELEGANCE;2004;Passageiro;Ileso;8;Feminino;1;0;0;0;-24,98482569;-50,36932593;SPRF-PR;DEL03-PR;UOP01-DEL03-PR
659961;1488447;08/02/2025;sábado;04:00:00;PR;376;591;CURITIBA;Sim;Pedestre andava na pista;4;Colisão com objeto;Com Vítimas Fatais;Plena Noite;Decrescente;Garoa/Chuvisco;Dupla;"Reta;Aclive";Sim;1187226;Automóvel;RENAULT/LOGAN EXP 16;2012;Passageiro;Ileso;14;Masculino;1;0;0;0;-25,4351214;-49,3653042;SPRF-PR;DEL03-PR;UOP03-DEL03-PR
659961;1488447;08/02/2025;sábado;04:00:00;PR;376;591;CURITIBA;Sim;Pedestre andava na pista;3;Queda de ocupante de veículo;Com Vítimas Fatais;Plena Noite;Decrescente;Garoa/Chuvisco;Dupla;"Reta;Aclive";Sim;1187226;Automóvel;RENAULT/LOGAN EXP 16;2012;Passageiro;Ileso;14;Masculino;1;0;0;0;-25,4351214;-49,3653042;SPRF-PR;DEL03-PR;UOP03-DEL03-PR
659961;1488447;08/02/2025;sábado;04:00:00;PR;376;591;CURITIBA;Sim;Pedestre andava na pista;2;Tombamento;Com Vítimas Fatais;Plena Noite;Decrescente;Garoa/Chuvisco;Dupla;"Reta;Aclive";Sim;1187226;Automóvel;RENAULT/LOGAN EXP 16;2012;Passageiro;Ileso;14;Masculino;1;0;0;0;-25,4351214;-49,3653042;SPRF-PR;DEL03-PR;UOP03-DEL03-PR
659961;1488447;08/02/2025;sábado;04:00:00;PR;376;591;CURITIBA;Sim;Pedestre andava na pista;1;Atropelamento de Pedestre;Com Vítimas Fatais;Plena Noite;Decrescente;Garoa/Chuvisco;Dupla;"Reta;Aclive";Sim;1187226;Automóvel;RENAULT/LOGAN EXP 16;2012;Passageiro;Ileso;14;Masculino;1;0;0;0;-25,4351214;-49,3653042;SPRF-PR;DEL03-PR;UOP03-DEL03-PR
659961;1488447;08/02/2025;sábado;04:00:00;PR;376;591;CURITIBA;Não;Chuva;4;Colisão com objeto;Com Vítimas Fatais;Plena Noite;Decrescente;Garoa/Chuvisco;Dupla;"Reta;Aclive";Sim;1187226;Automóvel;RENAULT/LOGAN EXP 16;2012;Passageiro;Ileso;14;Masculino;1;0;0;0;-25,4351214;-49,3653042;SPRF-PR;DEL03-PR;UOP03-DEL03-PR
659961;1488447;08/02/2025;sábado;04:00:00;PR;376;591;CURITIBA;Não;Chuva;3;Queda de ocupante de veículo;Com Vítimas Fatais;Plena Noite;Decrescente;Garoa/Chuvisco;Dupla;"Reta;Aclive";Sim;1187226;Automóvel;RENAULT/LOGAN EXP 16;2012;Passageiro;Ileso;14;Masculino;1;0;0;0;-25,4351214;-49,3653042;SPRF-PR;DEL03-PR;UOP03-DEL03-PR
659961;1488447;08/02/2025;sábado;04:00:00;PR;376;591;CURITIBA;Não;Chuva;2;Tombamento;Com Vítimas Fatais;Plena Noite;Decrescente;Garoa/Chuvisco;Dupla;"Reta;Aclive";Sim;1187226;Automóvel;RENAULT/LOGAN EXP 16;2012;Passageiro;Ileso;14;Masculino;1;0;0;0;-25,4351214;-49,3653042;SPRF-PR;DEL03-PR;UOP03-DEL03-PR
659961;1488447;08/02/2025;sábado;04:00:00;PR;376;591;CURITIBA;Não;Chuva;1;Atropelamento de Pedestre;Com Vítimas Fatais;Plena Noite;Decrescente;Garoa/Chuvisco;Dupla;"Reta;Aclive";Sim;1187226;Automóvel;RENAULT/LOGAN EXP 16;2012;Passageiro;Ileso;14;Masculino;1;0;0;0;-25,4351214;-49,3653042;SPRF-PR;DEL03-PR;UOP03-DEL03-PR
659961;1488447;08/02/2025;sábado;04:00:00;PR;376;591;CURITIBA;Não;Ausência de sinalização;4;Colisão com objeto;Com Vítimas Fatais;Plena Noite;Decrescente;Garoa/Chuvisco;Dupla;"Reta;Aclive";Sim;1187226;Automóvel;RENAULT/LOGAN EXP 16;2012;Passageiro;Ileso;14;Masculino;1;0;0;0;-25,4351214;-49,3653042;SPRF-PR;DEL03-PR;UOP03-DEL03-PR
659961;1488447;08/02/2025;sábado;04:00:00;PR;376;591;CURITIBA;Não;Ausência de sinalização;3;Queda de ocupante de veículo;Com Vítimas Fatais;Plena Noite;Decrescente;Garoa/Chuvisco;Dupla;"Reta;Aclive";Sim;1187226;Automóvel;RENAULT/LOGAN EXP 16;2012;Passageiro;Ileso;14;Masculino;1;0;0;0;-25,4351214;-49,3653042;SPRF-PR;DEL03-PR;UOP03-DEL03-PR
659961;1488447;08/02/2025;sábado;04:00:00;PR;376;591;CURITIBA;Não;Ausência de sinalização;2;Tombamento;Com Vítimas Fatais;Plena Noite;Decrescente;Garoa/Chuvisco;Dupla;"Reta;Aclive";Sim;1187226;Automóvel;RENAULT/LOGAN EXP 16;2012;Passageiro;Ileso;14;Masculino;1;0;0;0;-25,4351214;-49,3653042;SPRF-PR;DEL03-PR;UOP03-DEL03-PR
659961;1488447;08/02/2025;sábado;04:00:00;PR;376;591;CURITIBA;Não;Ausência de sinalização;1;Atropelamento de Pedestre;Com Vítimas Fatais;Plena Noite;Decrescente;Garoa/Chuvisco;Dupla;"Reta;Aclive";Sim;1187226;Automóvel;RENAULT/LOGAN EXP 16;2012;Passageiro;Ileso;14;Masculino;1;0;0;0;-25,4351214;-49,3653042;SPRF-PR;DEL03-PR;UOP03-DEL03-PR
659961;1488447;08/02/2025;sábado;04:00:00;PR;376;591;CURITIBA;Não;Reação tardia ou ineficiente do condutor;4;Colisão com objeto;Com Vítimas Fatais;Plena Noite;Decrescente;Garoa/Chuvisco;Dupla;"Reta;Aclive";Sim;1187226;Automóvel;RENAULT/LOGAN EXP 16;2012;Passageiro;Ileso;14;Masculino;1;0;0;0;-25,4351214;-49,3653042;SPRF-PR;DEL03-PR;UOP03-DEL03-PR
659961;1488447;08/02/2025;sábado;04:00:00;PR;376;591;CURITIBA;Não;Reação tardia ou ineficiente do condutor;3;Queda de ocupante de veículo;Com Vítimas Fatais;Plena Noite;Decrescente;Garoa/Chuvisco;Dupla;"Reta;Aclive";Sim;1187226;Automóvel;RENAULT/LOGAN EXP 16;2012;Passageiro;Ileso;14;Masculino;1;0;0;0;-25,4351214;-49,3653042;SPRF-PR;DEL03-PR;UOP03-DEL03-PR
659961;1488447;08/02/2025;sábado;04:00:00;PR;376;591;CURITIBA;Não;Reação tardia ou ineficiente do condutor;2;Tombamento;Com Vítimas Fatais;Plena Noite;Decrescente;Garoa/Chuvisco;Dupla;"Reta;Aclive";Sim;1187226;Automóvel;RENAULT/LOGAN EXP 16;2012;Passageiro;Ileso;14;Masculino;1;0;0;0;-25,4351214;-49,3653042;SPRF-PR;DEL03-PR;UOP03-DEL03-PR
659961;1488447;08/02/2025;sábado;04:00:00;PR;376;591;CURITIBA;Não;Reação tardia ou ineficiente do condutor;1;Atropelamento de Pedestre;Com Vítimas Fatais;Plena Noite;Decrescente;Garoa/Chuvisco;Dupla;"Reta;Aclive";Sim;1187226;Automóvel;RENAULT/LOGAN EXP 16;2012;Passageiro;Ileso;14;Masculino;1;0;0;0;-25,4351214;-49,3653042;SPRF-PR;DEL03-PR;UOP03-DEL03-PR
659961;1488447;08/02/2025;sábado;04:00:00;PR;376;591;CURITIBA;Não;Sistema de drenagem ineficiente;4;Colisão com objeto;Com Vítimas Fatais;Plena Noite;Decrescente;Garoa/Chuvisco;Dupla;"Reta;Aclive";Sim;1187226;Automóvel;RENAULT/LOGAN EXP 16;2012;Passageiro;Ileso;14;Masculino;1;0;0;0;-25,4351214;-49,3653042;SPRF-PR;DEL03-PR;UOP03-DEL03-PR
659961;1488447;08/02/2025;sábado;04:00:00;PR;376;591;CURITIBA;Não;Sistema de drenagem ineficiente;3;Queda de ocupante de veículo;Com Vítimas Fatais;Plena Noite;Decrescente;Garoa/Chuvisco;Dupla;"Reta;Aclive";Sim;1187226;Automóvel;RENAULT/LOGAN EXP 16;2012;Passageiro;Ileso;14;Masculino;1;0;0;0;-25,4351214;-49,3653042;SPRF-PR;DEL03-PR;UOP03-DEL03-PR
659961;1488447;08/02/2025;sábado;04:00:00;PR;376;591;CURITIBA;Não;Sistema de drenagem ineficiente;2;Tombamento;Com Vítimas Fatais;Plena Noite;Decrescente;Garoa/Chuvisco;Dupla;"Reta;Aclive";Sim;1187226;Automóvel;RENAULT/LOGAN EXP 16;2012;Passageiro;Ileso;14;Masculino;1;0;0;0;-25,4351214;-49,3653042;SPRF-PR;DEL03-PR;UOP03-DEL03-PR
659961;1488447;08/02/2025;sábado;04:00:00;PR;376;591;CURITIBA;Não;Sistema de drenagem ineficiente;1;Atropelamento de Pedestre;Com Vítimas Fatais;Plena Noite;Decrescente;Garoa/Chuvisco;Dupla;"Reta;Aclive";Sim;1187226;Automóvel;RENAULT/LOGAN EXP 16;2012;Passageiro;Ileso;14;Masculino;1;0;0;0;-25,4351214;-49,3653042;SPRF-PR;DEL03-PR;UOP03-DEL03-PR
659961;1488447;08/02/2025;sábado;04:00:00;PR;376;591;CURITIBA;Não;Objeto estático sobre o leito carroçável;4;Colisão com objeto;Com Vítimas Fatais;Plena Noite;Decrescente;Garoa/Chuvisco;Dupla;"Reta;Aclive";Sim;1187226;Automóvel;RENAULT/LOGAN EXP 16;2012;Passageiro;Ileso;14;Masculino;1;0;0;0;-25,4351214;-49,3653042;SPRF-PR;DEL03-PR;UOP03-DEL03-PR
659961;1488447;08/02/2025;sábado;04:00:00;PR;376;591;CURITIBA;Não;Objeto estático sobre o leito carroçável;3;Queda de ocupante de veículo;Com Vítimas Fatais;Plena Noite;Decrescente;Garoa/Chuvisco;Dupla;"Reta;Aclive";Sim;1187226;Automóvel;RENAULT/LOGAN EXP 16;2012;Passageiro;Ileso;14;Masculino;1;0;0;0;-25,4351214;-49,3653042;SPRF-PR;DEL03-PR;UOP03-DEL03-PR
659961;1488447;08/02/2025;sábado;04:00:00;PR;376;591;CURITIBA;Não;Objeto estático sobre o leito carroçável;2;Tombamento;Com Vítimas Fatais;Plena Noite;Decrescente;Garoa/Chuvisco;Dupla;"Reta;Aclive";Sim;1187226;Automóvel;RENAULT/LOGAN EXP 16;2012;Passageiro;Ileso;14;Masculino;1;0;0;0;-25,4351214;-49,3653042;SPRF-PR;DEL03-PR;UOP03-DEL03-PR
659961;1488447;08/02/2025;sábado;04:00:00;PR;376;591;CURITIBA;Não;Objeto estático sobre o leito carroçável;1;Atropelamento de Pedestre;Com Vítimas Fatais;Plena Noite;Decrescente;Garoa/Chuvisco;Dupla;"Reta;Aclive";Sim;1187226;Automóvel;RENAULT/LOGAN EXP 16;2012;Passageiro;Ileso;14;Masculino;1;0;0;0;-25,4351214;-49,3653042;SPRF-PR;DEL03-PR;UOP03-DEL03-PR