id;pesid;data_inversa;dia_semana;horario;uf;br;km;municipio;causa_principal;causa_acidente;ordem_tipo_acidente;tipo_acidente;classificacao_acidente;fase_dia;sentido_via;condicao_metereologica;tipo_pista;tracado_via;uso_solo;id_veiculo;tipo_veiculo;marca;ano_fabricacao_veiculo;tipo_envolvido;estado_fisico;idade;sexo;ilesos;feridos_leves;feridos_graves;mortos;latitude;longitude;regional;delegacia;uop
659961;1488447;08/02/2025;sábado;04:00:00;PR;376;591;CURITIBA;Não;Acumulo de água sobre o pavimento;4;Colisão com objeto;Com Vítimas Fatais;Plena Noite;Decrescente;Garoa/Chuvisco;Dupla;"Reta;Aclive";Sim;1187226;Automóvel;RENAULT/LOGAN EXP 16;2012;Passageiro;Ileso;14;Masculino;1;0;0;0;-25,4351214;-49,3653042;SPRF-PR;DEL03-PR;UOP03-DEL03-PR
659961;1488447;08/02/2025;sábado;04:00:00;PR;376;591;CURITIBA;Não;Acumulo de água sobre o pavimento;3;Queda de ocupante de veículo;Com Vítimas Fatais;Plena Noite;Decrescente;Garoa/Chuvisco;Dupla;"Reta;Aclive";Sim;1187226;Automóvel;RENAULT/LOGAN EXP 16;2012;Passageiro;Ileso;14;Masculino;1;0;0;0;-25,4351214;-49,3653042;SPRF-PR;DEL03-PR;UOP03-DEL03-PR
659961;1488447;08/02/2025;sábado;04:00:00;PR;376;591;CURITIBA;Não;Acumulo de água sobre o pavimento;2;Tombamento;Com Vítimas Fatais;Plena Noite;Decrescente;Garoa/Chuvisco;Dupla;"Reta;Aclive";Sim;1187226;Automóvel;RENAULT/LOGAN EXP 16;2012;Passageiro;Ileso;14;Masculino;1;0;0;0;-25,4351214;-49,3653042;SPRF-PR;DEL03-PR;UOP03-DEL03-PR
659961;1488447;08/02/2025;sábado;04:00:00;PR;376;591;CURITIBA;Não;Acumulo de água sobre o pavimento;1;Atropelamento de Pedestre;Com Vítimas Fatais;Plena Noite;Decrescente;Garoa/Chuvisco;Dupla;"Reta;Aclive";Sim;1187226;Automóvel;RENAULT/LOGAN EXP 16;2012;Passageiro;Ileso;14;Masculino;1;0;0;0;-25,4351214;-49,3653042;SPRF-PR;DEL03-PR;UOP03-DEL03-PR
659961;1488447;08/02/2025;sábado;04:00:00;PR;376;591;CURITIBA;Não;Velocidade Incompatível;4;Colisão com objeto;Com Vítimas Fatais;Plena Noite;Decrescente;Garoa/Chuvisco;Dupla;"Reta;Aclive";Sim;1187226;Automóvel;RENAULT/LOGAN EXP 16;2012;Passageiro;Ileso;14;Masculino;1;0;0;0;-25,4351214;-49,3653042;SPRF-PR;DEL03-PR;UOP03-DEL03-PR
659961;1488447;08/02/2025;sábado;04:00:00;PR;376;591;CURITIBA;Não;Velocidade Incompatível;3;Queda de ocupante de veículo;Com Vítimas Fatais;Plena Noite;Decrescente;Garoa/Chuvisco;Dupla;"Reta;Aclive";Sim;1187226;Automóvel;RENAULT/LOGAN EXP 16;2012;Passageiro;Ileso;14;Masculino;1;0;0;0;-25,4351214;-49,3653042;SPRF-PR;DEL03-PR;UOP03-DEL03-PR
659961;1488447;08/02/2025;sábado;04:00:00;PR;376;591;CURITIBA;Não;Velocidade Incompatível;2;Tombamento;Com Vítimas Fatais;Plena Noite;Decrescente;Garoa/Chuvisco;Dupla;"Reta;Aclive";Sim;1187226;Automóvel;RENAULT/LOGAN EXP 16;2012;Passageiro;Ileso;14;Masculino;1;0;0;0;-25,4351214;-49,3653042;SPRF-PR;DEL03-PR;UOP03-DEL03-PR
659961;1488447;08/02/2025;sábado;04:00:00;PR;376;591;CURITIBA;Não;Velocidade Incompatível;1;Atropelamento de Pedestre;Com Vítimas Fatais;Plena Noite;Decrescente;Garoa/Chuvisco;Dupla;"Reta;Aclive";Sim;1187226;Automóvel;RENAULT/LOGAN EXP 16;2012;Passageiro;Ileso;14;Masculino;1;0;0;0;-25,4351214;-49,3653042;SPRF-PR;DEL03-PR;UOP03-DEL03-PR
660071;1488036;08/02/2025;sábado;14:00:00;PR;163;352;GUAIRA;Não;Velocidade Incompatível;1;Colisão traseira;Sem Vítimas;Pleno dia;Decrescente;Nublado;Simples;"Ponte;Reta";Não;1187345;Automóvel;HONDA/CIVIC LXL FLEX;2011;Passageiro;Ileso;1;Masculino;1;0;0;0;-24,21375699;-54,19958751;SPRF-PR;DEL06-PR;UOP01-DEL06-PR
660071;1488036;08/02/2025;sábado;14:00:00;PR;163;352;GUAIRA;Não;Ausência de reação do condutor;1;Colisão traseira;Sem Vítimas;Pleno dia;Decrescente;Nublado;Simples;"Ponte;Reta";Não;1187345;Automóvel;HONDA/CIVIC LXL FLEX;2011;Passageiro;Ileso;1;Masculino;1;0;0;0;-24,21375699;-54,19958751;SPRF-PR;DEL06-PR;UOP01-DEL06-PR
660071;1488036;08/02/2025;sábado;14:00:00;PR;163;352;GUAIRA;Sim;Condutor deixou de manter distância do veículo da frente;1;Colisão traseira;Sem Vítimas;Pleno dia;Decrescente;Nublado;Simples;"Ponte;Reta";Não;1187345;Automóvel;HONDA/CIVIC LXL FLEX;2011;Passageiro;Ileso;1;Masculino;1;0;0;0;-24,21375699;-54,19958751;SPRF-PR;DEL06-PR;UOP01-DEL06-PR
660347;1488812;09/02/2025;domingo;17:40:00;PR;376;14,5;MARINGA;Não;Avarias e/ou desgaste excessivo no pneu;4;Capotamento;Com Vítimas Fatais;Anoitecer;Crescente;Nublado;Dupla;Reta;Não;1187965;Automóvel;GM/CORSA WIND;1996;Passageiro;Lesões Graves;5;Masculino;0;0;1;0;-23,4273;-51,9375;SPRF-PR;DEL09-PR;UOP01-DEL09-PR
660347;1488806;09/02/2025;domingo;17:40:00;PR;376;14,5;MARINGA;Não;Avarias e/ou desgaste excessivo no pneu;4;Capotamento;Com Vítimas Fatais;Anoitecer;Crescente;Nublado;Dupla;Reta;Não;1187964;Automóvel;HYUNDAI/HB20S 1.6M 1.6M;2013;Passageiro;Lesões Leves;12;Masculino;0;1;0;0;-23,4273;-51,9375;SPRF-PR;DEL09-PR;UOP01-DEL09-PR
660347;1488805;09/02/2025;domingo;17:40:00;PR;376;14,5;MARINGA;Não;Avarias e/ou desgaste excessivo no pneu;4;Capotamento;Com Vítimas Fatais;Anoitecer;Crescente;Nublado;Dupla;Reta;Não;1187964;Automóvel;HYUNDAI/HB20S 1.6M 1.6M;2013;Passageiro;Lesões Leves;5;Feminino;0;1;0;0;-23,4273;-51,9375;SPRF-PR;DEL09-PR;UOP01-DEL09-PR
660347;1488812;09/02/2025;domingo;17:40:00;PR;376;14,5;MARINGA;Não;Avarias e/ou desgaste excessivo no pneu;3;Colisão com objeto;Com Vítimas Fatais;Anoitecer;Crescente;Nublado;Dupla;Reta;Não;1187965;Automóvel;GM/CORSA WIND;1996;Passageiro;Lesões Graves;5;Masculino;0;0;1;0;-23,4273;-51,9375;SPRF-PR;DEL09-PR;UOP01-DEL09-PR
660347;1488806;09/02/2025;domingo;17:40:00;PR;376;14,5;MARINGA;Não;Avarias e/ou desgaste excessivo no pneu;3;Colisão com objeto;Com Vítimas Fatais;Anoitecer;Crescente;Nublado;Dupla;Reta;Não;1187964;Automóvel;HYUNDAI/HB20S 1.6M 1.6M;2013;Passageiro;Lesões Leves;12;Masculino;0;1;0;0;-23,4273;-51,9375;SPRF-PR;DEL09-PR;UOP01-DEL09-PR
660347;1488805;09/02/2025;domingo;17:40:00;PR;376;14,5;MARINGA;Não;Avarias e/ou desgaste excessivo no pneu;3;Colisão com objeto;Com Vítimas Fatais;Anoitecer;Crescente;Nublado;Dupla;Reta;Não;1187964;Automóvel;HYUNDAI/HB20S 1.6M 1.6M;2013;Passageiro;Lesões Leves;5;Feminino;0;1;0;0;-23,4273;-51,9375;SPRF-PR;DEL09-PR;UOP01-DEL09-PR
660347;1488812;09/02/2025;domingo;17:40:00;PR;376;14,5;MARINGA;Não;Avarias e/ou desgaste excessivo no pneu;2;Saída de leito carroçável;Com Vítimas Fatais;Anoitecer;Crescente;Nublado;Dupla;Reta;Não;1187965;Automóvel;GM/CORSA WIND;1996;Passageiro;Lesões Graves;5;Masculino;0;0;1;0;-23,4273;-51,9375;SPRF-PR;DEL09-PR;UOP01-DEL09-PR
660347;1488806;09/02/2025;domingo;17:40:00;PR;376;14,5;MARINGA;Não;Avarias e/ou desgaste excessivo no pneu;2;Saída de leito carroçável;Com Vítimas Fatais;Anoitecer;Crescente;Nublado;Dupla;Reta;Não;1187964;Automóvel;HYUNDAI/HB20S 1.6M 1.6M;2013;Passageiro;Lesões Leves;12;Masculino;0;1;0;0;-23,4273;-51,9375;SPRF-PR;DEL09-PR;UOP01-DEL09-PR
660347;1488805;09/02/2025;domingo;17:40:00;PR;376;14,5;MARINGA;Não;Avarias e/ou desgaste excessivo no pneu;2;Saída de leito carroçável;Com Vítimas Fatais;Anoitecer;Crescente;Nublado;Dupla;Reta;Não;1187964;Automóvel;HYUNDAI/HB20S 1.6M 1.6M;2013;Passageiro;Lesões Leves;5;Feminino;0;1;0;0;-23,4273;-51,9375;SPRF-PR;DEL09-PR;UOP01-DEL09-PR
660347;1488812;09/02/2025;domingo;17:40:00;PR;376;14,5;MARINGA;Não;Avarias e/ou desgaste excessivo no pneu;1;Colisão traseira;Com Vítimas Fatais;Anoitecer;Crescente;Nublado;Dupla;Reta;Não;1187965;Automóvel;GM/CORSA WIND;1996;Passageiro;Lesões Graves;5;Masculino;0;0;1;0;-23,4273;-51,9375;SPRF-PR;DEL09-PR;UOP01-DEL09-PR
660347;1488806;09/02/2025;domingo;17:40:00;PR;376;14,5;MARINGA;Não;Avarias e/ou desgaste excessivo no pneu;1;Colisão traseira;Com Vítimas Fatais;Anoitecer;Crescente;Nublado;Dupla;Reta;Não;1187964;Automóvel;HYUNDAI/HB20S 1.6M 1.6M;2013;Passageiro;Lesões Leves;12;Masculino;0;1;0;0;-23,4273;-51,9375;SPRF-PR;DEL09-PR;UOP01-DEL09-PR
660347;1488805;09/02/2025;domingo;17:40:00;PR;376;14,5;MARINGA;Não;Avarias e/ou desgaste excessivo no pneu;1;Colisão traseira;Com Vítimas Fatais;Anoitecer;Crescente;Nublado;Dupla;Reta;Não;1187964;Automóvel;HYUNDAI/HB20S 1.6M 1.6M;2013;Passageiro;Lesões Leves;5;Feminino;0;1;0;0;-23,4273;-51,9375;SPRF-PR;DEL09-PR;UOP01-DEL09-PR
660347;1488812;09/02/2025;domingo;17:40:00;PR;376;14,5;MARINGA;Não;Velocidade Incompatível;4;Capotamento;Com Vítimas Fatais;Anoitecer;Crescente;Nublado;Dupla;Reta;Não;1187965;Automóvel;GM/CORSA WIND;1996;Passageiro;Lesões Graves;5;Masculino;0;0;1;0;-23,4273;-51,9375;SPRF-PR;DEL09-PR;UOP01-DEL09-PR
660347;1488806;09/02/2025;domingo;17:40:00;PR;376;14,5;MARINGA;Não;Velocidade Incompatível;4;Capotamento;Com Vítimas Fatais;Anoitecer;Crescente;Nublado;Dupla;Reta;Não;1187964;Automóvel;HYUNDAI/HB20S 1.6M 1.6M;2013;Passageiro;Lesões Leves;12;Masculino;0;1;0;0;-23,4273;-51,9375;SPRF-PR;DEL09-PR;UOP01-DEL09-PR
660347;1488805;09/02/2025;domingo;17:40:00;PR;376;14,5;MARINGA;Não;Velocidade Incompatível;4;Capotamento;Com Vítimas Fatais;Anoitecer;Crescente;Nublado;Dupla;Reta;Não;1187964;Automóvel;HYUNDAI/HB20S 1.6M 1.6M;2013;Passageiro;Lesões Leves;5;Feminino;0;1;0;0;-23,4273;-51,9375;SPRF-PR;DEL09-PR;UOP01-DEL09-PR
660347;1488812;09/02/2025;domingo;17:40:00;PR;376;14,5;MARINGA;Não;Velocidade Incompatível;3;Colisão com objeto;Com Vítimas Fatais;Anoitecer;Crescente;Nublado;Dupla;Reta;Não;1187965;Automóvel;GM/CORSA WIND;1996;Passageiro;Lesões Graves;5;Masculino;0;0;1;0;-23,4273;-51,9375;SPRF-PR;DEL09-PR;UOP01-DEL09-PR
660347;1488806;09/02/2025;domingo;17:40:00;PR;376;14,5;MARINGA;Não;Velocidade Incompatível;3;Colisão com objeto;Com Vítimas Fatais;Anoitecer;Crescente;Nublado;Dupla;Reta;Não;1187964;Automóvel;HYUNDAI/HB20S 1.6M 1.6M;2013;Passageiro;Lesões Leves;12;Masculino;0;1;0;0;-23,4273;-51,9375;SPRF-PR;DEL09-PR;UOP01-DEL09-PR
660347;1488805;09/02/2025;domingo;17:40:00;PR;376;14,5;MARINGA;Não;Velocidade Incompatível;3;Colisão com objeto;Com Vítimas Fatais;Anoitecer;Crescente;Nublado;Dupla;Reta;Não;1187964;Automóvel;HYUNDAI/HB20S 1.6M 1.6M;2013;Passageiro;Lesões Leves;5;Feminino;0;1;0;0;-23,4273;-51,9375;SPRF-PR;DEL09-PR;UOP01-DEL09-PR
660347;1488812;09/02/2025;domingo;17:40:00;PR;376;14,5;MARINGA;Não;Velocidade Incompatível;2;Saída de leito carroçável;Com Vítimas Fatais;Anoitecer;Crescente;Nublado;Dupla;Reta;Não;1187965;Automóvel;GM/CORSA WIND;1996;Passageiro;Lesões Graves;5;Masculino;0;0;1;0;-23,4273;-51,9375;SPRF-PR;DEL09-PR;UOP01-DEL09-PR
660347;1488806;09/02/2025;domingo;17:40:00;PR;376;14,5;MARINGA;Não;Velocidade Incompatível;2;Saída de leito carroçável;Com Vítimas Fatais;Anoitecer;Crescente;Nublado;Dupla;Reta;Não;1187964;Automóvel;HYUNDAI/HB20S 1.6M 1.6M;2013;Passageiro;Lesões Leves;12;Masculino;0;1;0;0;-23,4273;-51,9375;SPRF-PR;DEL09-PR;UOP01-DEL09-PR
660347;1488805;09/02/2025;domingo;17:40:00;PR;376;14,5;MARINGA;Não;Velocidade Incompatível;2;Saída de leito carroçável;Com Vítimas Fatais;Anoitecer;Crescente;Nublado;Dupla;Reta;Não;1187964;Automóvel;HYUNDAI/HB20S 1.6M 1.6M;2013;Passageiro;Lesões Leves;5;Feminino;0;1;0;0;-23,4273;-51,9375;SPRF-PR;DEL09-PR;UOP01-DEL09-PR
660347;1488812;09/02/2025;domingo;17:40:00;PR;376;14,5;MARINGA;Não;Velocidade Incompatível;1;Colisão traseira;Com Vítimas Fatais;Anoitecer;Crescente;Nublado;Dupla;Reta;Não;1187965;Automóvel;GM/CORSA WIND;1996;Passageiro;Lesões Graves;5;Masculino;0;0;1;0;-23,4273;-51,9375;SPRF-PR;DEL09-PR;UOP01-DEL09-PR
660347;1488806;09/02/2025;domingo;17:40:00;PR;376;14,5;MARINGA;Não;Velocidade Incompatível;1;Colisão traseira;Com Vítimas Fatais;Anoitecer;Crescente;Nublado;Dupla;Reta;Não;1187964;Automóvel;HYUNDAI/HB20S 1.6M 1.6M;2013;Passageiro;Lesões Leves;12;Masculino;0;1;0;0;-23,4273;-51,9375;SPRF-PR;DEL09-PR;UOP01-DEL09-PR
660347;1488805;09/02/2025;domingo;17:40:00;PR;376;14,5;MARINGA;Não;Velocidade Incompatível;1;Colisão traseira;Com Vítimas Fatais;Anoitecer;Crescente;Nublado;Dupla;Reta;Não;1187964;Automóvel;HYUNDAI/HB20S 1.6M 1.6M;2013;Passageiro;Lesões Leves;5;Feminino;0;1;0;0;-23,4273;-51,9375;SPRF-PR;DEL09-PR;UOP01-DEL09-PR
660347;1488812;09/02/2025;domingo;17:40:00;PR;376;14,5;MARINGA;Sim;Reação tardia ou ineficiente do condutor;4;Capotamento;Com Vítimas Fatais;Anoitecer;Crescente;Nublado;Dupla;Reta;Não;1187965;Automóvel;GM/CORSA WIND;1996;Passageiro;Lesões Graves;5;Masculino;0;0;1;0;-23,4273;-51,9375;SPRF-PR;DEL09-PR;UOP01-DEL09-PR
660347;1488806;09/02/2025;domingo;17:40:00;PR;376;14,5;MARINGA;Sim;Reação tardia ou ineficiente do condutor;4;Capotamento;Com Vítimas Fatais;Anoitecer;Crescente;Nublado;Dupla;Reta;Não;1187964;Automóvel;HYUNDAI/HB20S 1.6M 1.6M;2013;Passageiro;Lesões Leves;12;Masculino;0;1;0;0;-23,4273;-51,9375;SPRF-PR;DEL09-PR;UOP01-DEL09-PR
660347;1488805;09/02/2025;domingo;17:40:00;PR;376;14,5;MARINGA;Sim;Reação tardia ou ineficiente do condutor;4;Capotamento;Com Vítimas Fatais;Anoitecer;Crescente;Nublado;Dupla;Reta;Não;1187964;Automóvel;HYUNDAI/HB20S 1.6M 1.6M;2013;Passageiro;Lesões Leves;5;Feminino;0;1;0;0;-23,4273;-51,9375;SPRF-PR;DEL09-PR;UOP01-DEL09-PR
660347;1488812;09/02/2025;domingo;17:40:00;PR;376;14,5;MARINGA;Sim;Reação tardia ou ineficiente do condutor;3;Colisão com objeto;Com Vítimas Fatais;Anoitecer;Crescente;Nublado;Dupla;Reta;Não;1187965;Automóvel;GM/CORSA WIND;1996;Passageiro;Lesões Graves;5;Masculino;0;0;1;0;-23,4273;-51,9375;SPRF-PR;DEL09-PR;UOP01-DEL09-PR
660347;1488806;09/02/2025;domingo;17:40:00;PR;376;14,5;MARINGA;Sim;Reação tardia ou ineficiente do condutor;3;Colisão com objeto;Com Vítimas Fatais;Anoitecer;Crescente;Nublado;Dupla;Reta;Não;1187964;Automóvel;HYUNDAI/HB20S 1.6M 1.6M;2013;Passageiro;Lesões Leves;12;Masculino;0;1;0;0;-23,4273;-51,9375;SPRF-PR;DEL09-PR;UOP01-DEL09-PR
660347;1488805;09/02/2025;domingo;17:40:00;PR;376;14,5;MARINGA;Sim;Reação tardia ou ineficiente do condutor;3;Colisão com objeto;Com Vítimas Fatais;Anoitecer;Crescente;Nublado;Dupla;Reta;Não;1187964;Automóvel;HYUNDAI/HB20S 1.6M 1.6M;2013;Passageiro;Lesões Leves;5;Feminino;0;1;0;0;-23,4273;-51,9375;SPRF-PR;DEL09-PR;UOP01-DEL09-PR
660347;1488812;09/02/2025;domingo;17:40:00;PR;376;14,5;MARINGA;Sim;Reação tardia ou ineficiente do condutor;2;Saída de leito carroçável;Com Vítimas Fatais;Anoitecer;Crescente;Nublado;Dupla;Reta;Não;1187965;Automóvel;GM/CORSA WIND;1996;Passageiro;Lesões Graves;5;Masculino;0;0;1;0;-23,4273;-51,9375;SPRF-PR;DEL09-PR;UOP01-DEL09-PR
660347;1488806;09/02/2025;domingo;17:40:00;PR;376;14,5;MARINGA;Sim;Reação tardia ou ineficiente do condutor;2;Saída de leito carroçável;Com Vítimas Fatais;Anoitecer;Crescente;Nublado;Dupla;Reta;Não;1187964;Automóvel;HYUNDAI/HB20S 1.6M 1.6M;2013;Passageiro;Lesões Leves;12;Masculino;0;1;0;0;-23,4273;-51,9375;SPRF-PR;DEL09-PR;UOP01-DEL09-PR
660347;1488805;09/02/2025;domingo;17:40:00;PR;376;14,5;MARINGA;Sim;Reação tardia ou ineficiente do condutor;2;Saída de leito carroçável;Com Vítimas Fatais;Anoitecer;Crescente;Nublado;Dupla;Reta;Não;1187964;Automóvel;HYUNDAI/HB20S 1.6M 1.6M;2013;Passageiro;Lesões Leves;5;Feminino;0;1;0;0;-23,4273;-51,9375;SPRF-PR;DEL09-PR;UOP01-DEL09-PR
660347;1488812;09/02/2025;domingo;17:40:00;PR;376;14,5;MARINGA;Sim;Reação tardia ou ineficiente do condutor;1;Colisão traseira;Com Vítimas Fatais;Anoitecer;Crescente;Nublado;Dupla;Reta;Não;1187965;Automóvel;GM/CORSA WIND;1996;Passageiro;Lesões Graves;5;Masculino;0;0;1;0;-23,4273;-51,9375;SPRF-PR;DEL09-PR;UOP01-DEL09-PR
660347;1488806;09/02/2025;domingo;17:40:00;PR;376;14,5;MARINGA;Sim;Reação tardia ou ineficiente do condutor;1;Colisão traseira;Com Vítimas Fatais;Anoitecer;Crescente;Nublado;Dupla;Reta;Não;1187964;Automóvel;HYUNDAI/HB20S 1.6M 1.6M;2013;Passageiro;Lesões Leves;12;Masculino;0;1;0;0;-23,4273;-51,9375;SPRF-PR;DEL09-PR;UOP01-DEL09-PR
660347;1488805;09/02/2025;domingo;17:40:00;PR;376;14,5;MARINGA;Sim;Reação tardia ou ineficiente do condutor;1;Colisão traseira;Com Vítimas Fatais;Anoitecer;Crescente;Nublado;Dupla;Reta;Não;1187964;Automóvel;HYUNDAI/HB20S 1.6M 1.6M;2013;Passageiro;Lesões Leves;5;Feminino;0;1;0;0;-23,4273;-51,9375;SPRF-PR;DEL09-PR;UOP01-DEL09-PR
660875;1490136;12/02/2025;quarta-feira;08:45:00;PR;369;143,5;LONDRINA;Sim;Ausência de reação do condutor;1;Colisão traseira;Com Vítimas Feridas;Pleno dia;Decrescente;Céu Claro;Dupla;"Reta;Aclive";Sim;1188936;Motoneta;HONDA/BIZ 125;2021;Passageiro;Lesões Leves;16;Masculino;0;1;0;0;-23,29281;-51,09792;SPRF-PR;DEL07-PR;UOP01-DEL07-PR
660969;1490311;12/02/2025;quarta-feira;17:15:00;PR;376;474;PONTA GROSSA;Sim;Ausência de reação do condutor;1;Capotamento;Com Vítimas Feridas;Pleno dia;Crescente;Céu Claro;Dupla;"Curva;Viaduto;Aclive";Não;1189071;Automóvel;RENAULT/KWID ZEN 10MT;2018;Passageiro;Lesões Leves;13;Feminino;0;1;0;0;-25,03601353;-50,29813528;SPRF-PR;DEL03-PR;UOP01-DEL03-PR
661005;1492499;12/02/2025;quarta-feira;21:20:00;PR;476;346;UNIAO DA VITORIA;Sim;Afundamento ou ondulação no pavimento;1;Colisão lateral mesmo sentido;Sem Vítimas;Plena Noite;Decrescente;Céu Claro;Simples;Reta;Não;1189225;Micro-ônibus;I/M.BENZ 515CDISPRINTERM;2019;Passageiro;Ileso;9;Masculino;1;0;0;0;-26,184006;-50,942402;SPRF-PR;DEL02-PR;UOP03-DEL02-PR
661005;1492497;12/02/2025;quarta-feira;21:20:00;PR;476;346;UNIAO DA VITORIA;Sim;Afundamento ou ondulação no pavimento;1;Colisão lateral mesmo sentido;Sem Vítimas;Plena Noite;Decrescente;Céu Claro;Simples;Reta;Não;1189225;Micro-ônibus;I/M.BENZ 515CDISPRINTERM;2019;Passageiro;Ileso;5;Masculino;1;0;0;0;-26,184006;-50,942402;SPRF-PR;DEL02-PR;UOP03-DEL02-PR
661005;1492493;12/02/2025;quarta-feira;21:20:00;PR;476;346;UNIAO DA VITORIA;Sim;Afundamento ou ondulação no pavimento;1;Colisão lateral mesmo sentido;Sem Vítimas;Plena Noite;Decrescente;Céu Claro;Simples;Reta;Não;1189225;Micro-ônibus;I/M.BENZ 515CDISPRINTERM;2019;Passageiro;Ileso;1;Masculino;1;0;0;0;-26,184006;-50,942402;SPRF-PR;DEL02-PR;UOP03-DEL02-PR
661005;1492492;12/02/2025;quarta-feira;21:20:00;PR;476;346;UNIAO DA VITORIA;Sim;Afundamento ou ondulação no pavimento;1;Colisão lateral mesmo sentido;Sem Vítimas;Plena Noite;Decrescente;Céu Claro;Simples;Reta;Não;1189225;Micro-ônibus;I/M.BENZ 515CDISPRINTERM;2019;Passageiro;Ileso;14;Masculino;1;0;0;0;-26,184006;-50,942402;SPRF-PR;DEL02-PR;UOP03-DEL02-PR
661582;1491961;15/02/2025;sábado;16:45:00;PR;373;259,3;PRUDENTOPOLIS;Não;Velocidade Incompatível;2;Capotamento;Com Vítimas Feridas;Pleno dia;Crescente;Nublado;Simples;Curva;Não;1190294;Automóvel;CITROEN/C3 ATTRACTION;2014;Passageiro;Ileso;3;Masculino;1;0;0;0;-25,206547;-50,936092;SPRF-PR;DEL08-PR;UOP01-DEL08-PR
661582;1491961;15/02/2025;sábado;16:45:00;PR;373;259,3;PRUDENTOPOLIS;Não;Velocidade Incompatível;1;Saída de leito carroçável;Com Vítimas Feridas;Pleno dia;Crescente;Nublado;Simples;Curva;Não;1190294;Automóvel;CITROEN/C3 ATTRACTION;2014;Passageiro;Ileso;3;Masculino;1;0;0;0;-25,206547;-50,936092;SPRF-PR;DEL08-PR;UOP01-DEL08-PR
661582;1491961;15/02/2025;sábado;16:45:00;PR;373;259,3;PRUDENTOPOLIS;Sim;Ausência de reação do condutor;2;Capotamento;Com Vítimas Feridas;Pleno dia;Crescente;Nublado;Simples;Curva;Não;1190294;Automóvel;CITROEN/C3 ATTRACTION;2014;Passageiro;Ileso;3;Masculino;1;0;0;0;-25,206547;-50,936092;SPRF-PR;DEL08-PR;UOP01-DEL08-PR
661582;1491961;15/02/2025;sábado;16:45:00;PR;373;259,3;PRUDENTOPOLIS;Sim;Ausência de reação do condutor;1;Saída de leito carroçável;Com Vítimas Feridas;Pleno dia;Crescente;Nublado;Simples;Curva;Não;1190294;Automóvel;CITROEN/C3 ATTRACTION;2014;Passageiro;Ileso;3;Masculino;1;0;0;0;-25,206547;-50,936092;SPRF-PR;DEL08-PR;UOP01-DEL08-PR
661651;1491950;15/02/2025;sábado;22:15:00;PR;163;213;CASCAVEL;Sim;Ingestão de álcool pelo condutor;3;Capotamento;Com Vítimas Feridas;Plena Noite;Crescente;Céu Claro;Dupla;"Declive;Reta";Não;1190344;Automóvel;IMP/VW GOL CL 1.8;1994;Passageiro;Lesões Leves;10;Feminino;0;1;0;0;-24,91678506;-53,53591753;SPRF-PR;DEL04-PR;UOP01-DEL04-PR
661651;1491949;15/02/2025;sábado;22:15:00;PR;163;213;CASCAVEL;Sim;Ingestão de álcool pelo condutor;3;Capotamento;Com Vítimas Feridas;Plena Noite;Crescente;Céu Claro;Dupla;"Declive;Reta";Não;1190344;Automóvel;IMP/VW GOL CL 1.8;1994;Passageiro;Lesões Leves;15;Masculino;0;1;0;0;-24,91678506;-53,53591753;SPRF-PR;DEL04-PR;UOP01-DEL04-PR
661651;1491950;15/02/2025;sábado;22:15:00;PR;163;213;CASCAVEL;Sim;Ingestão de álcool pelo condutor;2;Colisão com objeto;Com Vítimas Feridas;Plena Noite;Crescente;Céu Claro;Dupla;"Declive;Reta";Não;1190344;Automóvel;IMP/VW GOL CL 1.8;1994;Passageiro;Lesões Leves;10;Feminino;0;1;0;0;-24,91678506;-53,53591753;SPRF-PR;DEL04-PR;UOP01-DEL04-PR
661651;1491949;15/02/2025;sábado;22:15:00;PR;163;213;CASCAVEL;Sim;Ingestão de álcool pelo condutor;2;Colisão com objeto;Com Vítimas Feridas;Plena Noite;Crescente;Céu Claro;Dupla;"Declive;Reta";Não;1190344;Automóvel;IMP/VW GOL CL 1.8;1994;Passageiro;Lesões Leves;15;Masculino;0;1;0;0;-24,91678506;-53,53591753;SPRF-PR;DEL04-PR;UOP01-DEL04-PR
661651;1491950;15/02/2025;sábado;22:15:00;PR;163;213;CASCAVEL;Sim;Ingestão de álcool pelo condutor;1;Saída de leito carroçável;Com Vítimas Feridas;Plena Noite;Crescente;Céu Claro;Dupla;"Declive;Reta";Não;1190344;Automóvel;IMP/VW GOL CL 1.8;1994;Passageiro;Lesões Leves;10;Feminino;0;1;0;0;-24,91678506;-53,53591753;SPRF-PR;DEL04-PR;UOP01-DEL04-PR
661651;1491949;15/02/2025;sábado;22:15:00;PR;163;213;CASCAVEL;Sim;Ingestão de álcool pelo condutor;1;Saída de leito carroçável;Com Vítimas Feridas;Plena Noite;Crescente;Céu Claro;Dupla;"Declive;Reta";Não;1190344;Automóvel;IMP/VW GOL CL 1.8;1994;Passageiro;Lesões Leves;15;Masculino;0;1;0;0;-24,91678506;-53,53591753;SPRF-PR;DEL04-PR;UOP01-DEL04-PR
661780;1492284;16/02/2025;domingo;17:20:00;PR;376;61;GUAIRACA;Sim;Conversão proibida;1;Colisão transversal;Com Vítimas Feridas;Pleno dia;Decrescente;Céu Claro;Simples;Reta;Não;1190618;Automóvel;I/FIAT SIENA FIRE FLEX;2011;Passageiro;Lesões Leves;13;Feminino;0;1;0;0;-22,929216;-52,822884;SPRF-PR;DEL09-PR;UOP02-DEL09-PR
661794;1492259;04/02/2025;terça-feira;19:35:00;PR;369;73;SANTA MARIANA;Sim;Condutor deixou de manter distância do veículo da frente;1;Colisão traseira;Com Vítimas Feridas;Plena Noite;Crescente;Chuva;Simples;"Aclive;Reta";Não;1190607;Automóvel;HYUNDAI/HB20 10M SENSE;2024;Passageiro;Lesões Leves;11;Feminino;0;1;0;0;-23,14969;-50,52919;SPRF-PR;DEL07-PR;UOP05-DEL07-PR