id;pesid;data_inversa;dia_semana;horario;uf;br;km;municipio;causa_principal;causa_acidente;ordem_tipo_acidente;tipo_acidente;classificacao_acidente;fase_dia;sentido_via;condicao_metereologica;tipo_pista;tracado_via;uso_solo;id_veiculo;tipo_veiculo;marca;ano_fabricacao_veiculo;tipo_envolvido;estado_fisico;idade;sexo;ilesos;feridos_leves;feridos_graves;mortos;latitude;longitude;regional;delegacia;uop
661816;1494040;16/02/2025;domingo;20:00:00;PR;376;171;MARINGA;Não;Velocidade Incompatível;1;Colisão transversal;Com Vítimas Feridas;Plena Noite;Crescente;Céu Claro;Dupla;"Aclive;Reta";Sim;1190708;Caminhonete;CHEVROLET/S10 LTZ DD4A;2022;Passageiro;Ileso;8;Masculino;1;0;0;0;-23,41822772;-51,97500595;SPRF-PR;DEL09-PR;UOP01-DEL09-PR
661816;1494040;16/02/2025;domingo;20:00:00;PR;376;171;MARINGA;Sim;Condutor desrespeitou a iluminação vermelha do semáforo;1;Colisão transversal;Com Vítimas Feridas;Plena Noite;Crescente;Céu Claro;Dupla;"Aclive;Reta";Sim;1190708;Caminhonete;CHEVROLET/S10 LTZ DD4A;2022;Passageiro;Ileso;8;Masculino;1;0;0;0;-23,41822772;-51,97500595;SPRF-PR;DEL09-PR;UOP01-DEL09-PR
662088;1493759;17/02/2025;segunda-feira;19:50:00;PR;373;394;CANDOI;Não;Reação tardia ou ineficiente do condutor;4;Saída de leito carroçável;Com Vítimas Feridas;Plena Noite;Decrescente;Chuva;Simples;Curva;Não;1191171;Caminhonete;I/FORD RANGER XL 13F;2001;Passageiro;Lesões Leves;12;Masculino;0;1;0;0;-25,5396;-52,0072;SPRF-PR;DEL08-PR;UOP01-DEL08-PR
662088;1493759;17/02/2025;segunda-feira;19:50:00;PR;373;394;CANDOI;Não;Reação tardia ou ineficiente do condutor;3;Capotamento;Com Vítimas Feridas;Plena Noite;Decrescente;Chuva;Simples;Curva;Não;1191171;Caminhonete;I/FORD RANGER XL 13F;2001;Passageiro;Lesões Leves;12;Masculino;0;1;0;0;-25,5396;-52,0072;SPRF-PR;DEL08-PR;UOP01-DEL08-PR
662088;1493759;17/02/2025;segunda-feira;19:50:00;PR;373;394;CANDOI;Não;Reação tardia ou ineficiente do condutor;2;Tombamento;Com Vítimas Feridas;Plena Noite;Decrescente;Chuva;Simples;Curva;Não;1191171;Caminhonete;I/FORD RANGER XL 13F;2001;Passageiro;Lesões Leves;12;Masculino;0;1;0;0;-25,5396;-52,0072;SPRF-PR;DEL08-PR;UOP01-DEL08-PR
662088;1493759;17/02/2025;segunda-feira;19:50:00;PR;373;394;CANDOI;Não;Reação tardia ou ineficiente do condutor;1;Colisão lateral mesmo sentido;Com Vítimas Feridas;Plena Noite;Decrescente;Chuva;Simples;Curva;Não;1191171;Caminhonete;I/FORD RANGER XL 13F;2001;Passageiro;Lesões Leves;12;Masculino;0;1;0;0;-25,5396;-52,0072;SPRF-PR;DEL08-PR;UOP01-DEL08-PR
662088;1493759;17/02/2025;segunda-feira;19:50:00;PR;373;394;CANDOI;Sim;Ausência de reação do condutor;4;Saída de leito carroçável;Com Vítimas Feridas;Plena Noite;Decrescente;Chuva;Simples;Curva;Não;1191171;Caminhonete;I/FORD RANGER XL 13F;2001;Passageiro;Lesões Leves;12;Masculino;0;1;0;0;-25,5396;-52,0072;SPRF-PR;DEL08-PR;UOP01-DEL08-PR
662088;1493759;17/02/2025;segunda-feira;19:50:00;PR;373;394;CANDOI;Sim;Ausência de reação do condutor;3;Capotamento;Com Vítimas Feridas;Plena Noite;Decrescente;Chuva;Simples;Curva;Não;1191171;Caminhonete;I/FORD RANGER XL 13F;2001;Passageiro;Lesões Leves;12;Masculino;0;1;0;0;-25,5396;-52,0072;SPRF-PR;DEL08-PR;UOP01-DEL08-PR
662088;1493759;17/02/2025;segunda-feira;19:50:00;PR;373;394;CANDOI;Sim;Ausência de reação do condutor;2;Tombamento;Com Vítimas Feridas;Plena Noite;Decrescente;Chuva;Simples;Curva;Não;1191171;Caminhonete;I/FORD RANGER XL 13F;2001;Passageiro;Lesões Leves;12;Masculino;0;1;0;0;-25,5396;-52,0072;SPRF-PR;DEL08-PR;UOP01-DEL08-PR
662088;1493759;17/02/2025;segunda-feira;19:50:00;PR;373;394;CANDOI;Sim;Ausência de reação do condutor;1;Colisão lateral mesmo sentido;Com Vítimas Feridas;Plena Noite;Decrescente;Chuva;Simples;Curva;Não;1191171;Caminhonete;I/FORD RANGER XL 13F;2001;Passageiro;Lesões Leves;12;Masculino;0;1;0;0;-25,5396;-52,0072;SPRF-PR;DEL08-PR;UOP01-DEL08-PR
662088;1493759;17/02/2025;segunda-feira;19:50:00;PR;373;394;CANDOI;Não;Velocidade Incompatível;4;Saída de leito carroçável;Com Vítimas Feridas;Plena Noite;Decrescente;Chuva;Simples;Curva;Não;1191171;Caminhonete;I/FORD RANGER XL 13F;2001;Passageiro;Lesões Leves;12;Masculino;0;1;0;0;-25,5396;-52,0072;SPRF-PR;DEL08-PR;UOP01-DEL08-PR
662088;1493759;17/02/2025;segunda-feira;19:50:00;PR;373;394;CANDOI;Não;Velocidade Incompatível;3;Capotamento;Com Vítimas Feridas;Plena Noite;Decrescente;Chuva;Simples;Curva;Não;1191171;Caminhonete;I/FORD RANGER XL 13F;2001;Passageiro;Lesões Leves;12;Masculino;0;1;0;0;-25,5396;-52,0072;SPRF-PR;DEL08-PR;UOP01-DEL08-PR
662088;1493759;17/02/2025;segunda-feira;19:50:00;PR;373;394;CANDOI;Não;Velocidade Incompatível;2;Tombamento;Com Vítimas Feridas;Plena Noite;Decrescente;Chuva;Simples;Curva;Não;1191171;Caminhonete;I/FORD RANGER XL 13F;2001;Passageiro;Lesões Leves;12;Masculino;0;1;0;0;-25,5396;-52,0072;SPRF-PR;DEL08-PR;UOP01-DEL08-PR
662088;1493759;17/02/2025;segunda-feira;19:50:00;PR;373;394;CANDOI;Não;Velocidade Incompatível;1;Colisão lateral mesmo sentido;Com Vítimas Feridas;Plena Noite;Decrescente;Chuva;Simples;Curva;Não;1191171;Caminhonete;I/FORD RANGER XL 13F;2001;Passageiro;Lesões Leves;12;Masculino;0;1;0;0;-25,5396;-52,0072;SPRF-PR;DEL08-PR;UOP01-DEL08-PR
662088;1493759;17/02/2025;segunda-feira;19:50:00;PR;373;394;CANDOI;Não;Ultrapassagem Indevida;4;Saída de leito carroçável;Com Vítimas Feridas;Plena Noite;Decrescente;Chuva;Simples;Curva;Não;1191171;Caminhonete;I/FORD RANGER XL 13F;2001;Passageiro;Lesões Leves;12;Masculino;0;1;0;0;-25,5396;-52,0072;SPRF-PR;DEL08-PR;UOP01-DEL08-PR
662088;1493759;17/02/2025;segunda-feira;19:50:00;PR;373;394;CANDOI;Não;Ultrapassagem Indevida;3;Capotamento;Com Vítimas Feridas;Plena Noite;Decrescente;Chuva;Simples;Curva;Não;1191171;Caminhonete;I/FORD RANGER XL 13F;2001;Passageiro;Lesões Leves;12;Masculino;0;1;0;0;-25,5396;-52,0072;SPRF-PR;DEL08-PR;UOP01-DEL08-PR
662088;1493759;17/02/2025;segunda-feira;19:50:00;PR;373;394;CANDOI;Não;Ultrapassagem Indevida;2;Tombamento;Com Vítimas Feridas;Plena Noite;Decrescente;Chuva;Simples;Curva;Não;1191171;Caminhonete;I/FORD RANGER XL 13F;2001;Passageiro;Lesões Leves;12;Masculino;0;1;0;0;-25,5396;-52,0072;SPRF-PR;DEL08-PR;UOP01-DEL08-PR
662088;1493759;17/02/2025;segunda-feira;19:50:00;PR;373;394;CANDOI;Não;Ultrapassagem Indevida;1;Colisão lateral mesmo sentido;Com Vítimas Feridas;Plena Noite;Decrescente;Chuva;Simples;Curva;Não;1191171;Caminhonete;I/FORD RANGER XL 13F;2001;Passageiro;Lesões Leves;12;Masculino;0;1;0;0;-25,5396;-52,0072;SPRF-PR;DEL08-PR;UOP01-DEL08-PR
662088;1493759;17/02/2025;segunda-feira;19:50:00;PR;373;394;CANDOI;Não;Chuva;4;Saída de leito carroçável;Com Vítimas Feridas;Plena Noite;Decrescente;Chuva;Simples;Curva;Não;1191171;Caminhonete;I/FORD RANGER XL 13F;2001;Passageiro;Lesões Leves;12;Masculino;0;1;0;0;-25,5396;-52,0072;SPRF-PR;DEL08-PR;UOP01-DEL08-PR
662088;1493759;17/02/2025;segunda-feira;19:50:00;PR;373;394;CANDOI;Não;Chuva;3;Capotamento;Com Vítimas Feridas;Plena Noite;Decrescente;Chuva;Simples;Curva;Não;1191171;Caminhonete;I/FORD RANGER XL 13F;2001;Passageiro;Lesões Leves;12;Masculino;0;1;0;0;-25,5396;-52,0072;SPRF-PR;DEL08-PR;UOP01-DEL08-PR
662088;1493759;17/02/2025;segunda-feira;19:50:00;PR;373;394;CANDOI;Não;Chuva;2;Tombamento;Com Vítimas Feridas;Plena Noite;Decrescente;Chuva;Simples;Curva;Não;1191171;Caminhonete;I/FORD RANGER XL 13F;2001;Passageiro;Lesões Leves;12;Masculino;0;1;0;0;-25,5396;-52,0072;SPRF-PR;DEL08-PR;UOP01-DEL08-PR
662088;1493759;17/02/2025;segunda-feira;19:50:00;PR;373;394;CANDOI;Não;Chuva;1;Colisão lateral mesmo sentido;Com Vítimas Feridas;Plena Noite;Decrescente;Chuva;Simples;Curva;Não;1191171;Caminhonete;I/FORD RANGER XL 13F;2001;Passageiro;Lesões Leves;12;Masculino;0;1;0;0;-25,5396;-52,0072;SPRF-PR;DEL08-PR;UOP01-DEL08-PR
662504;1494056;20/02/2025;quinta-feira;07:30:00;PR;277;592,3;CASCAVEL;Não;Ausência de reação do condutor;1;Colisão transversal;Com Vítimas Feridas;Pleno dia;Crescente;Céu Claro;Simples;"Interseção de Vias;Viaduto;Declive";Sim;1192048;Utilitário;CHEV/TRAILBLAZER LTZ D4A;2013;Passageiro;Ileso;4;Masculino;1;0;0;0;-24,98285697;-53,47319399;SPRF-PR;DEL04-PR;UOP01-DEL04-PR
662504;1494051;20/02/2025;quinta-feira;07:30:00;PR;277;592,3;CASCAVEL;Não;Ausência de reação do condutor;1;Colisão transversal;Com Vítimas Feridas;Pleno dia;Crescente;Céu Claro;Simples;"Interseção de Vias;Viaduto;Declive";Sim;1192048;Utilitário;CHEV/TRAILBLAZER LTZ D4A;2013;Passageiro;Lesões Leves;6;Feminino;0;1;0;0;-24,98285697;-53,47319399;SPRF-PR;DEL04-PR;UOP01-DEL04-PR
662504;1494056;20/02/2025;quinta-feira;07:30:00;PR;277;592,3;CASCAVEL;Sim;Problema com o freio;1;Colisão transversal;Com Vítimas Feridas;Pleno dia;Crescente;Céu Claro;Simples;"Interseção de Vias;Viaduto;Declive";Sim;1192048;Utilitário;CHEV/TRAILBLAZER LTZ D4A;2013;Passageiro;Ileso;4;Masculino;1;0;0;0;-24,98285697;-53,47319399;SPRF-PR;DEL04-PR;UOP01-DEL04-PR
662504;1494051;20/02/2025;quinta-feira;07:30:00;PR;277;592,3;CASCAVEL;Sim;Problema com o freio;1;Colisão transversal;Com Vítimas Feridas;Pleno dia;Crescente;Céu Claro;Simples;"Interseção de Vias;Viaduto;Declive";Sim;1192048;Utilitário;CHEV/TRAILBLAZER LTZ D4A;2013;Passageiro;Lesões Leves;6;Feminino;0;1;0;0;-24,98285697;-53,47319399;SPRF-PR;DEL04-PR;UOP01-DEL04-PR
662538;1494070;04/01/2025;sábado;17:10:00;PR;280;293;FLOR DA SERRA DO SUL;Sim;Desrespeitar a preferência no cruzamento;1;Colisão transversal;Com Vítimas Feridas;Pleno dia;Decrescente;Sol;Simples;Interseção de Vias;Não;1192060;Automóvel;VW/VOYAGE 1.0;2010;Passageiro;Ileso;1;Masculino;1;0;0;0;-26,25026574;-53,33540044;SPRF-PR;DEL02-PR;UOP01-DEL02-PR
662538;1494067;04/01/2025;sábado;17:10:00;PR;280;293;FLOR DA SERRA DO SUL;Sim;Desrespeitar a preferência no cruzamento;1;Colisão transversal;Com Vítimas Feridas;Pleno dia;Decrescente;Sol;Simples;Interseção de Vias;Não;1192059;Automóvel;CHEV/ONIX PLUS 10TAT LT1;2023;Passageiro;Lesões Leves;7;Feminino;0;1;0;0;-26,25026574;-53,33540044;SPRF-PR;DEL02-PR;UOP01-DEL02-PR
662615;1494351;20/02/2025;quinta-feira;19:50:00;PR;116;120;CURITIBA;Sim;Velocidade Incompatível;2;Colisão com objeto;Com Vítimas Feridas;Plena Noite;Crescente;Garoa/Chuvisco;Dupla;Curva;Sim;1192290;Caminhão-trator;DAF/XF105 FTS 460A;2020;Passageiro;Ileso;7;Masculino;1;0;0;0;-25,588758;-49,315092;SPRF-PR;DEL01-PR;UOP03-DEL01-PR
662615;1494351;20/02/2025;quinta-feira;19:50:00;PR;116;120;CURITIBA;Sim;Velocidade Incompatível;1;Saída de leito carroçável;Com Vítimas Feridas;Plena Noite;Crescente;Garoa/Chuvisco;Dupla;Curva;Sim;1192290;Caminhão-trator;DAF/XF105 FTS 460A;2020;Passageiro;Ileso;7;Masculino;1;0;0;0;-25,588758;-49,315092;SPRF-PR;DEL01-PR;UOP03-DEL01-PR
662615;1494351;20/02/2025;quinta-feira;19:50:00;PR;116;120;CURITIBA;Não;Frear bruscamente;2;Colisão com objeto;Com Vítimas Feridas;Plena Noite;Crescente;Garoa/Chuvisco;Dupla;Curva;Sim;1192290;Caminhão-trator;DAF/XF105 FTS 460A;2020;Passageiro;Ileso;7;Masculino;1;0;0;0;-25,588758;-49,315092;SPRF-PR;DEL01-PR;UOP03-DEL01-PR
662615;1494351;20/02/2025;quinta-feira;19:50:00;PR;116;120;CURITIBA;Não;Frear bruscamente;1;Saída de leito carroçável;Com Vítimas Feridas;Plena Noite;Crescente;Garoa/Chuvisco;Dupla;Curva;Sim;1192290;Caminhão-trator;DAF/XF105 FTS 460A;2020;Passageiro;Ileso;7;Masculino;1;0;0;0;-25,588758;-49,315092;SPRF-PR;DEL01-PR;UOP03-DEL01-PR
662649;1494416;21/02/2025;sexta-feira;06:30:00;PR;376;155,6;MANDAGUACU;Sim;Trafegar com motocicleta (ou similar) entre as faixas;1;Colisão lateral mesmo sentido;Com Vítimas Feridas;Pleno dia;Crescente;Céu Claro;Dupla;Reta;Não;1192340;Automóvel;FORD/KA SE 1.0 HA B;2018;Passageiro;Ileso;9;Feminino;1;0;0;0;-23,33851773;-52,09845693;SPRF-PR;DEL09-PR;UOP02-DEL09-PR
662649;1494413;21/02/2025;sexta-feira;06:30:00;PR;376;155,6;MANDAGUACU;Sim;Trafegar com motocicleta (ou similar) entre as faixas;1;Colisão lateral mesmo sentido;Com Vítimas Feridas;Pleno dia;Crescente;Céu Claro;Dupla;Reta;Não;1192340;Automóvel;FORD/KA SE 1.0 HA B;2018;Passageiro;Ileso;12;Feminino;1;0;0;0;-23,33851773;-52,09845693;SPRF-PR;DEL09-PR;UOP02-DEL09-PR
662649;1494412;21/02/2025;sexta-feira;06:30:00;PR;376;155,6;MANDAGUACU;Sim;Trafegar com motocicleta (ou similar) entre as faixas;1;Colisão lateral mesmo sentido;Com Vítimas Feridas;Pleno dia;Crescente;Céu Claro;Dupla;Reta;Não;1192340;Automóvel;FORD/KA SE 1.0 HA B;2018;Passageiro;Ileso;11;Masculino;1;0;0;0;-23,33851773;-52,09845693;SPRF-PR;DEL09-PR;UOP02-DEL09-PR
662649;1494416;21/02/2025;sexta-feira;06:30:00;PR;376;155,6;MANDAGUACU;Não;Condutor deixou de manter distância do veículo da frente;1;Colisão lateral mesmo sentido;Com Vítimas Feridas;Pleno dia;Crescente;Céu Claro;Dupla;Reta;Não;1192340;Automóvel;FORD/KA SE 1.0 HA B;2018;Passageiro;Ileso;9;Feminino;1;0;0;0;-23,33851773;-52,09845693;SPRF-PR;DEL09-PR;UOP02-DEL09-PR
662649;1494413;21/02/2025;sexta-feira;06:30:00;PR;376;155,6;MANDAGUACU;Não;Condutor deixou de manter distância do veículo da frente;1;Colisão lateral mesmo sentido;Com Vítimas Feridas;Pleno dia;Crescente;Céu Claro;Dupla;Reta;Não;1192340;Automóvel;FORD/KA SE 1.0 HA B;2018;Passageiro;Ileso;12;Feminino;1;0;0;0;-23,33851773;-52,09845693;SPRF-PR;DEL09-PR;UOP02-DEL09-PR
662649;1494412;21/02/2025;sexta-feira;06:30:00;PR;376;155,6;MANDAGUACU;Não;Condutor deixou de manter distância do veículo da frente;1;Colisão lateral mesmo sentido;Com Vítimas Feridas;Pleno dia;Crescente;Céu Claro;Dupla;Reta;Não;1192340;Automóvel;FORD/KA SE 1.0 HA B;2018;Passageiro;Ileso;11;Masculino;1;0;0;0;-23,33851773;-52,09845693;SPRF-PR;DEL09-PR;UOP02-DEL09-PR
663032;1497068;22/02/2025;sábado;21:45:00;PR;476;89,5;BOCAIUVA DO SUL;Não;Velocidade Incompatível;3;Tombamento;Com Vítimas Feridas;Plena Noite;Decrescente;Céu Claro;Simples;Curva;Não;1193138;Automóvel;RENAULT/CLIO RN 1.0;2000;Passageiro;Lesões Leves;14;Feminino;0;1;0;0;-25,18467344;-49,12020993;SPRF-PR;DEL01-PR;UOP01-DEL01-PR
663032;1497067;22/02/2025;sábado;21:45:00;PR;476;89,5;BOCAIUVA DO SUL;Não;Velocidade Incompatível;3;Tombamento;Com Vítimas Feridas;Plena Noite;Decrescente;Céu Claro;Simples;Curva;Não;1193138;Automóvel;RENAULT/CLIO RN 1.0;2000;Passageiro;Lesões Leves;4;Masculino;0;1;0;0;-25,18467344;-49,12020993;SPRF-PR;DEL01-PR;UOP01-DEL01-PR
663032;1497068;22/02/2025;sábado;21:45:00;PR;476;89,5;BOCAIUVA DO SUL;Não;Velocidade Incompatível;2;Colisão com objeto;Com Vítimas Feridas;Plena Noite;Decrescente;Céu Claro;Simples;Curva;Não;1193138;Automóvel;RENAULT/CLIO RN 1.0;2000;Passageiro;Lesões Leves;14;Feminino;0;1;0;0;-25,18467344;-49,12020993;SPRF-PR;DEL01-PR;UOP01-DEL01-PR
663032;1497067;22/02/2025;sábado;21:45:00;PR;476;89,5;BOCAIUVA DO SUL;Não;Velocidade Incompatível;2;Colisão com objeto;Com Vítimas Feridas;Plena Noite;Decrescente;Céu Claro;Simples;Curva;Não;1193138;Automóvel;RENAULT/CLIO RN 1.0;2000;Passageiro;Lesões Leves;4;Masculino;0;1;0;0;-25,18467344;-49,12020993;SPRF-PR;DEL01-PR;UOP01-DEL01-PR
663032;1497068;22/02/2025;sábado;21:45:00;PR;476;89,5;BOCAIUVA DO SUL;Não;Velocidade Incompatível;1;Saída de leito carroçável;Com Vítimas Feridas;Plena Noite;Decrescente;Céu Claro;Simples;Curva;Não;1193138;Automóvel;RENAULT/CLIO RN 1.0;2000;Passageiro;Lesões Leves;14;Feminino;0;1;0;0;-25,18467344;-49,12020993;SPRF-PR;DEL01-PR;UOP01-DEL01-PR
663032;1497067;22/02/2025;sábado;21:45:00;PR;476;89,5;BOCAIUVA DO SUL;Não;Velocidade Incompatível;1;Saída de leito carroçável;Com Vítimas Feridas;Plena Noite;Decrescente;Céu Claro;Simples;Curva;Não;1193138;Automóvel;RENAULT/CLIO RN 1.0;2000;Passageiro;Lesões Leves;4;Masculino;0;1;0;0;-25,18467344;-49,12020993;SPRF-PR;DEL01-PR;UOP01-DEL01-PR
663032;1497068;22/02/2025;sábado;21:45:00;PR;476;89,5;BOCAIUVA DO SUL;Não;Reação tardia ou ineficiente do condutor;3;Tombamento;Com Vítimas Feridas;Plena Noite;Decrescente;Céu Claro;Simples;Curva;Não;1193138;Automóvel;RENAULT/CLIO RN 1.0;2000;Passageiro;Lesões Leves;14;Feminino;0;1;0;0;-25,18467344;-49,12020993;SPRF-PR;DEL01-PR;UOP01-DEL01-PR
663032;1497067;22/02/2025;sábado;21:45:00;PR;476;89,5;BOCAIUVA DO SUL;Não;Reação tardia ou ineficiente do condutor;3;Tombamento;Com Vítimas Feridas;Plena Noite;Decrescente;Céu Claro;Simples;Curva;Não;1193138;Automóvel;RENAULT/CLIO RN 1.0;2000;Passageiro;Lesões Leves;4;Masculino;0;1;0;0;-25,18467344;-49,12020993;SPRF-PR;DEL01-PR;UOP01-DEL01-PR
663032;1497068;22/02/2025;sábado;21:45:00;PR;476;89,5;BOCAIUVA DO SUL;Não;Reação tardia ou ineficiente do condutor;2;Colisão com objeto;Com Vítimas Feridas;Plena Noite;Decrescente;Céu Claro;Simples;Curva;Não;1193138;Automóvel;RENAULT/CLIO RN 1.0;2000;Passageiro;Lesões Leves;14;Feminino;0;1;0;0;-25,18467344;-49,12020993;SPRF-PR;DEL01-PR;UOP01-DEL01-PR
663032;1497067;22/02/2025;sábado;21:45:00;PR;476;89,5;BOCAIUVA DO SUL;Não;Reação tardia ou ineficiente do condutor;2;Colisão com objeto;Com Vítimas Feridas;Plena Noite;Decrescente;Céu Claro;Simples;Curva;Não;1193138;Automóvel;RENAULT/CLIO RN 1.0;2000;Passageiro;Lesões Leves;4;Masculino;0;1;0;0;-25,18467344;-49,12020993;SPRF-PR;DEL01-PR;UOP01-DEL01-PR
663032;1497068;22/02/2025;sábado;21:45:00;PR;476;89,5;BOCAIUVA DO SUL;Não;Reação tardia ou ineficiente do condutor;1;Saída de leito carroçável;Com Vítimas Feridas;Plena Noite;Decrescente;Céu Claro;Simples;Curva;Não;1193138;Automóvel;RENAULT/CLIO RN 1.0;2000;Passageiro;Lesões Leves;14;Feminino;0;1;0;0;-25,18467344;-49,12020993;SPRF-PR;DEL01-PR;UOP01-DEL01-PR
663032;1497067;22/02/2025;sábado;21:45:00;PR;476;89,5;BOCAIUVA DO SUL;Não;Reação tardia ou ineficiente do condutor;1;Saída de leito carroçável;Com Vítimas Feridas;Plena Noite;Decrescente;Céu Claro;Simples;Curva;Não;1193138;Automóvel;RENAULT/CLIO RN 1.0;2000;Passageiro;Lesões Leves;4;Masculino;0;1;0;0;-25,18467344;-49,12020993;SPRF-PR;DEL01-PR;UOP01-DEL01-PR
663032;1497068;22/02/2025;sábado;21:45:00;PR;476;89,5;BOCAIUVA DO SUL;Não;Problema com o freio;3;Tombamento;Com Vítimas Feridas;Plena Noite;Decrescente;Céu Claro;Simples;Curva;Não;1193138;Automóvel;RENAULT/CLIO RN 1.0;2000;Passageiro;Lesões Leves;14;Feminino;0;1;0;0;-25,18467344;-49,12020993;SPRF-PR;DEL01-PR;UOP01-DEL01-PR
663032;1497067;22/02/2025;sábado;21:45:00;PR;476;89,5;BOCAIUVA DO SUL;Não;Problema com o freio;3;Tombamento;Com Vítimas Feridas;Plena Noite;Decrescente;Céu Claro;Simples;Curva;Não;1193138;Automóvel;RENAULT/CLIO RN 1.0;2000;Passageiro;Lesões Leves;4;Masculino;0;1;0;0;-25,18467344;-49,12020993;SPRF-PR;DEL01-PR;UOP01-DEL01-PR
663032;1497068;22/02/2025;sábado;21:45:00;PR;476;89,5;BOCAIUVA DO SUL;Não;Problema com o freio;2;Colisão com objeto;Com Vítimas Feridas;Plena Noite;Decrescente;Céu Claro;Simples;Curva;Não;1193138;Automóvel;RENAULT/CLIO RN 1.0;2000;Passageiro;Lesões Leves;14;Feminino;0;1;0;0;-25,18467344;-49,12020993;SPRF-PR;DEL01-PR;UOP01-DEL01-PR
663032;1497067;22/02/2025;sábado;21:45:00;PR;476;89,5;BOCAIUVA DO SUL;Não;Problema com o freio;2;Colisão com objeto;Com Vítimas Feridas;Plena Noite;Decrescente;Céu Claro;Simples;Curva;Não;1193138;Automóvel;RENAULT/CLIO RN 1.0;2000;Passageiro;Lesões Leves;4;Masculino;0;1;0;0;-25,18467344;-49,12020993;SPRF-PR;DEL01-PR;UOP01-DEL01-PR
663032;1497068;22/02/2025;sábado;21:45:00;PR;476;89,5;BOCAIUVA DO SUL;Não;Problema com o freio;1;Saída de leito carroçável;Com Vítimas Feridas;Plena Noite;Decrescente;Céu Claro;Simples;Curva;Não;1193138;Automóvel;RENAULT/CLIO RN 1.0;2000;Passageiro;Lesões Leves;14;Feminino;0;1;0;0;-25,18467344;-49,12020993;SPRF-PR;DEL01-PR;UOP01-DEL01-PR
663032;1497067;22/02/2025;sábado;21:45:00;PR;476;89,5;BOCAIUVA DO SUL;Não;Problema com o freio;1;Saída de leito carroçável;Com Vítimas Feridas;Plena Noite;Decrescente;Céu Claro;Simples;Curva;Não;1193138;Automóvel;RENAULT/CLIO RN 1.0;2000;Passageiro;Lesões Leves;4;Masculino;0;1;0;0;-25,18467344;-49,12020993;SPRF-PR;DEL01-PR;UOP01-DEL01-PR
663032;1497068;22/02/2025;sábado;21:45:00;PR;476;89,5;BOCAIUVA DO SUL;Não;Iluminação deficiente;3;Tombamento;Com Vítimas Feridas;Plena Noite;Decrescente;Céu Claro;Simples;Curva;Não;1193138;Automóvel;RENAULT/CLIO RN 1.0;2000;Passageiro;Lesões Leves;14;Feminino;0;1;0;0;-25,18467344;-49,12020993;SPRF-PR;DEL01-PR;UOP01-DEL01-PR
663032;1497067;22/02/2025;sábado;21:45:00;PR;476;89,5;BOCAIUVA DO SUL;Não;Iluminação deficiente;3;Tombamento;Com Vítimas Feridas;Plena Noite;Decrescente;Céu Claro;Simples;Curva;Não;1193138;Automóvel;RENAULT/CLIO RN 1.0;2000;Passageiro;Lesões Leves;4;Masculino;0;1;0;0;-25,18467344;-49,12020993;SPRF-PR;DEL01-PR;UOP01-DEL01-PR
663032;1497068;22/02/2025;sábado;21:45:00;PR;476;89,5;BOCAIUVA DO SUL;Não;Iluminação deficiente;2;Colisão com objeto;Com Vítimas Feridas;Plena Noite;Decrescente;Céu Claro;Simples;Curva;Não;1193138;Automóvel;RENAULT/CLIO RN 1.0;2000;Passageiro;Lesões Leves;14;Feminino;0;1;0;0;-25,18467344;-49,12020993;SPRF-PR;DEL01-PR;UOP01-DEL01-PR
663032;1497067;22/02/2025;sábado;21:45:00;PR;476;89,5;BOCAIUVA DO SUL;Não;Iluminação deficiente;2;Colisão com objeto;Com Vítimas Feridas;Plena Noite;Decrescente;Céu Claro;Simples;Curva;Não;1193138;Automóvel;RENAULT/CLIO RN 1.0;2000;Passageiro;Lesões Leves;4;Masculino;0;1;0;0;-25,18467344;-49,12020993;SPRF-PR;DEL01-PR;UOP01-DEL01-PR
663032;1497068;22/02/2025;sábado;21:45:00;PR;476;89,5;BOCAIUVA DO SUL;Não;Iluminação deficiente;1;Saída de leito carroçável;Com Vítimas Feridas;Plena Noite;Decrescente;Céu Claro;Simples;Curva;Não;1193138;Automóvel;RENAULT/CLIO RN 1.0;2000;Passageiro;Lesões Leves;14;Feminino;0;1;0;0;-25,18467344;-49,12020993;SPRF-PR;DEL01-PR;UOP01-DEL01-PR
663032;1497067;22/02/2025;sábado;21:45:00;PR;476;89,5;BOCAIUVA DO SUL;Não;Iluminação deficiente;1;Saída de leito carroçável;Com Vítimas Feridas;Plena Noite;Decrescente;Céu Claro;Simples;Curva;Não;1193138;Automóvel;RENAULT/CLIO RN 1.0;2000;Passageiro;Lesões Leves;4;Masculino;0;1;0;0;-25,18467344;-49,12020993;SPRF-PR;DEL01-PR;UOP01-DEL01-PR
663032;1497068;22/02/2025;sábado;21:45:00;PR;476;89,5;BOCAIUVA DO SUL;Não;Frear bruscamente;3;Tombamento;Com Vítimas Feridas;Plena Noite;Decrescente;Céu Claro;Simples;Curva;Não;1193138;Automóvel;RENAULT/CLIO RN 1.0;2000;Passageiro;Lesões Leves;14;Feminino;0;1;0;0;-25,18467344;-49,12020993;SPRF-PR;DEL01-PR;UOP01-DEL01-PR