id;pesid;data_inversa;dia_semana;horario;uf;br;km;municipio;causa_principal;causa_acidente;ordem_tipo_acidente;tipo_acidente;classificacao_acidente;fase_dia;sentido_via;condicao_metereologica;tipo_pista;tracado_via;uso_solo;id_veiculo;tipo_veiculo;marca;ano_fabricacao_veiculo;tipo_envolvido;estado_fisico;idade;sexo;ilesos;feridos_leves;feridos_graves;mortos;latitude;longitude;regional;delegacia;uop
663032;1497067;22/02/2025;sábado;21:45:00;PR;476;89,5;BOCAIUVA DO SUL;Não;Frear bruscamente;3;Tombamento;Com Vítimas Feridas;Plena Noite;Decrescente;Céu Claro;Simples;Curva;Não;1193138;Automóvel;RENAULT/CLIO RN 1.0;2000;Passageiro;Lesões Leves;4;Masculino;0;1;0;0;-25,18467344;-49,12020993;SPRF-PR;DEL01-PR;UOP01-DEL01-PR
663032;1497068;22/02/2025;sábado;21:45:00;PR;476;89,5;BOCAIUVA DO SUL;Não;Frear bruscamente;2;Colisão com objeto;Com Vítimas Feridas;Plena Noite;Decrescente;Céu Claro;Simples;Curva;Não;1193138;Automóvel;RENAULT/CLIO RN 1.0;2000;Passageiro;Lesões Leves;14;Feminino;0;1;0;0;-25,18467344;-49,12020993;SPRF-PR;DEL01-PR;UOP01-DEL01-PR
663032;1497067;22/02/2025;sábado;21:45:00;PR;476;89,5;BOCAIUVA DO SUL;Não;Frear bruscamente;2;Colisão com objeto;Com Vítimas Feridas;Plena Noite;Decrescente;Céu Claro;Simples;Curva;Não;1193138;Automóvel;RENAULT/CLIO RN 1.0;2000;Passageiro;Lesões Leves;4;Masculino;0;1;0;0;-25,18467344;-49,12020993;SPRF-PR;DEL01-PR;UOP01-DEL01-PR
663032;1497068;22/02/2025;sábado;21:45:00;PR;476;89,5;BOCAIUVA DO SUL;Não;Frear bruscamente;1;Saída de leito carroçável;Com Vítimas Feridas;Plena Noite;Decrescente;Céu Claro;Simples;Curva;Não;1193138;Automóvel;RENAULT/CLIO RN 1.0;2000;Passageiro;Lesões Leves;14;Feminino;0;1;0;0;-25,18467344;-49,12020993;SPRF-PR;DEL01-PR;UOP01-DEL01-PR
663032;1497067;22/02/2025;sábado;21:45:00;PR;476;89,5;BOCAIUVA DO SUL;Não;Frear bruscamente;1;Saída de leito carroçável;Com Vítimas Feridas;Plena Noite;Decrescente;Céu Claro;Simples;Curva;Não;1193138;Automóvel;RENAULT/CLIO RN 1.0;2000;Passageiro;Lesões Leves;4;Masculino;0;1;0;0;-25,18467344;-49,12020993;SPRF-PR;DEL01-PR;UOP01-DEL01-PR
663032;1497068;22/02/2025;sábado;21:45:00;PR;476;89,5;BOCAIUVA DO SUL;Não;Avarias e/ou desgaste excessivo no pneu;3;Tombamento;Com Vítimas Feridas;Plena Noite;Decrescente;Céu Claro;Simples;Curva;Não;1193138;Automóvel;RENAULT/CLIO RN 1.0;2000;Passageiro;Lesões Leves;14;Feminino;0;1;0;0;-25,18467344;-49,12020993;SPRF-PR;DEL01-PR;UOP01-DEL01-PR
663032;1497067;22/02/2025;sábado;21:45:00;PR;476;89,5;BOCAIUVA DO SUL;Não;Avarias e/ou desgaste excessivo no pneu;3;Tombamento;Com Vítimas Feridas;Plena Noite;Decrescente;Céu Claro;Simples;Curva;Não;1193138;Automóvel;RENAULT/CLIO RN 1.0;2000;Passageiro;Lesões Leves;4;Masculino;0;1;0;0;-25,18467344;-49,12020993;SPRF-PR;DEL01-PR;UOP01-DEL01-PR
663032;1497068;22/02/2025;sábado;21:45:00;PR;476;89,5;BOCAIUVA DO SUL;Não;Avarias e/ou desgaste excessivo no pneu;2;Colisão com objeto;Com Vítimas Feridas;Plena Noite;Decrescente;Céu Claro;Simples;Curva;Não;1193138;Automóvel;RENAULT/CLIO RN 1.0;2000;Passageiro;Lesões Leves;14;Feminino;0;1;0;0;-25,18467344;-49,12020993;SPRF-PR;DEL01-PR;UOP01-DEL01-PR
663032;1497067;22/02/2025;sábado;21:45:00;PR;476;89,5;BOCAIUVA DO SUL;Não;Avarias e/ou desgaste excessivo no pneu;2;Colisão com objeto;Com Vítimas Feridas;Plena Noite;Decrescente;Céu Claro;Simples;Curva;Não;1193138;Automóvel;RENAULT/CLIO RN 1.0;2000;Passageiro;Lesões Leves;4;Masculino;0;1;0;0;-25,18467344;-49,12020993;SPRF-PR;DEL01-PR;UOP01-DEL01-PR
663032;1497068;22/02/2025;sábado;21:45:00;PR;476;89,5;BOCAIUVA DO SUL;Não;Avarias e/ou desgaste excessivo no pneu;1;Saída de leito carroçável;Com Vítimas Feridas;Plena Noite;Decrescente;Céu Claro;Simples;Curva;Não;1193138;Automóvel;RENAULT/CLIO RN 1.0;2000;Passageiro;Lesões Leves;14;Feminino;0;1;0;0;-25,18467344;-49,12020993;SPRF-PR;DEL01-PR;UOP01-DEL01-PR
663032;1497067;22/02/2025;sábado;21:45:00;PR;476;89,5;BOCAIUVA DO SUL;Não;Avarias e/ou desgaste excessivo no pneu;1;Saída de leito carroçável;Com Vítimas Feridas;Plena Noite;Decrescente;Céu Claro;Simples;Curva;Não;1193138;Automóvel;RENAULT/CLIO RN 1.0;2000;Passageiro;Lesões Leves;4;Masculino;0;1;0;0;-25,18467344;-49,12020993;SPRF-PR;DEL01-PR;UOP01-DEL01-PR
663032;1497068;22/02/2025;sábado;21:45:00;PR;476;89,5;BOCAIUVA DO SUL;Não;Ausência de reação do condutor;3;Tombamento;Com Vítimas Feridas;Plena Noite;Decrescente;Céu Claro;Simples;Curva;Não;1193138;Automóvel;RENAULT/CLIO RN 1.0;2000;Passageiro;Lesões Leves;14;Feminino;0;1;0;0;-25,18467344;-49,12020993;SPRF-PR;DEL01-PR;UOP01-DEL01-PR
663032;1497067;22/02/2025;sábado;21:45:00;PR;476;89,5;BOCAIUVA DO SUL;Não;Ausência de reação do condutor;3;Tombamento;Com Vítimas Feridas;Plena Noite;Decrescente;Céu Claro;Simples;Curva;Não;1193138;Automóvel;RENAULT/CLIO RN 1.0;2000;Passageiro;Lesões Leves;4;Masculino;0;1;0;0;-25,18467344;-49,12020993;SPRF-PR;DEL01-PR;UOP01-DEL01-PR
663032;1497068;22/02/2025;sábado;21:45:00;PR;476;89,5;BOCAIUVA DO SUL;Não;Ausência de reação do condutor;2;Colisão com objeto;Com Vítimas Feridas;Plena Noite;Decrescente;Céu Claro;Simples;Curva;Não;1193138;Automóvel;RENAULT/CLIO RN 1.0;2000;Passageiro;Lesões Leves;14;Feminino;0;1;0;0;-25,18467344;-49,12020993;SPRF-PR;DEL01-PR;UOP01-DEL01-PR
663032;1497067;22/02/2025;sábado;21:45:00;PR;476;89,5;BOCAIUVA DO SUL;Não;Ausência de reação do condutor;2;Colisão com objeto;Com Vítimas Feridas;Plena Noite;Decrescente;Céu Claro;Simples;Curva;Não;1193138;Automóvel;RENAULT/CLIO RN 1.0;2000;Passageiro;Lesões Leves;4;Masculino;0;1;0;0;-25,18467344;-49,12020993;SPRF-PR;DEL01-PR;UOP01-DEL01-PR
663032;1497068;22/02/2025;sábado;21:45:00;PR;476;89,5;BOCAIUVA DO SUL;Não;Ausência de reação do condutor;1;Saída de leito carroçável;Com Vítimas Feridas;Plena Noite;Decrescente;Céu Claro;Simples;Curva;Não;1193138;Automóvel;RENAULT/CLIO RN 1.0;2000;Passageiro;Lesões Leves;14;Feminino;0;1;0;0;-25,18467344;-49,12020993;SPRF-PR;DEL01-PR;UOP01-DEL01-PR
663032;1497067;22/02/2025;sábado;21:45:00;PR;476;89,5;BOCAIUVA DO SUL;Não;Ausência de reação do condutor;1;Saída de leito carroçável;Com Vítimas Feridas;Plena Noite;Decrescente;Céu Claro;Simples;Curva;Não;1193138;Automóvel;RENAULT/CLIO RN 1.0;2000;Passageiro;Lesões Leves;4;Masculino;0;1;0;0;-25,18467344;-49,12020993;SPRF-PR;DEL01-PR;UOP01-DEL01-PR
663032;1497068;22/02/2025;sábado;21:45:00;PR;476;89,5;BOCAIUVA DO SUL;Sim;Ingestão de álcool pelo condutor;3;Tombamento;Com Vítimas Feridas;Plena Noite;Decrescente;Céu Claro;Simples;Curva;Não;1193138;Automóvel;RENAULT/CLIO RN 1.0;2000;Passageiro;Lesões Leves;14;Feminino;0;1;0;0;-25,18467344;-49,12020993;SPRF-PR;DEL01-PR;UOP01-DEL01-PR
663032;1497067;22/02/2025;sábado;21:45:00;PR;476;89,5;BOCAIUVA DO SUL;Sim;Ingestão de álcool pelo condutor;3;Tombamento;Com Vítimas Feridas;Plena Noite;Decrescente;Céu Claro;Simples;Curva;Não;1193138;Automóvel;RENAULT/CLIO RN 1.0;2000;Passageiro;Lesões Leves;4;Masculino;0;1;0;0;-25,18467344;-49,12020993;SPRF-PR;DEL01-PR;UOP01-DEL01-PR
663032;1497068;22/02/2025;sábado;21:45:00;PR;476;89,5;BOCAIUVA DO SUL;Sim;Ingestão de álcool pelo condutor;2;Colisão com objeto;Com Vítimas Feridas;Plena Noite;Decrescente;Céu Claro;Simples;Curva;Não;1193138;Automóvel;RENAULT/CLIO RN 1.0;2000;Passageiro;Lesões Leves;14;Feminino;0;1;0;0;-25,18467344;-49,12020993;SPRF-PR;DEL01-PR;UOP01-DEL01-PR
663032;1497067;22/02/2025;sábado;21:45:00;PR;476;89,5;BOCAIUVA DO SUL;Sim;Ingestão de álcool pelo condutor;2;Colisão com objeto;Com Vítimas Feridas;Plena Noite;Decrescente;Céu Claro;Simples;Curva;Não;1193138;Automóvel;RENAULT/CLIO RN 1.0;2000;Passageiro;Lesões Leves;4;Masculino;0;1;0;0;-25,18467344;-49,12020993;SPRF-PR;DEL01-PR;UOP01-DEL01-PR
663032;1497068;22/02/2025;sábado;21:45:00;PR;476;89,5;BOCAIUVA DO SUL;Sim;Ingestão de álcool pelo condutor;1;Saída de leito carroçável;Com Vítimas Feridas;Plena Noite;Decrescente;Céu Claro;Simples;Curva;Não;1193138;Automóvel;RENAULT/CLIO RN 1.0;2000;Passageiro;Lesões Leves;14;Feminino;0;1;0;0;-25,18467344;-49,12020993;SPRF-PR;DEL01-PR;UOP01-DEL01-PR
663032;1497067;22/02/2025;sábado;21:45:00;PR;476;89,5;BOCAIUVA DO SUL;Sim;Ingestão de álcool pelo condutor;1;Saída de leito carroçável;Com Vítimas Feridas;Plena Noite;Decrescente;Céu Claro;Simples;Curva;Não;1193138;Automóvel;RENAULT/CLIO RN 1.0;2000;Passageiro;Lesões Leves;4;Masculino;0;1;0;0;-25,18467344;-49,12020993;SPRF-PR;DEL01-PR;UOP01-DEL01-PR
663150;1495532;23/02/2025;domingo;11:00:00;PR;277;35,5;MORRETES;Sim;Reação tardia ou ineficiente do condutor;1;Colisão traseira;Sem Vítimas;Pleno dia;Crescente;Sol;Dupla;"Reta;Declive";Não;1193237;Automóvel;FIAT/ARGO 1.0;2021;Passageiro;Ileso;7;Masculino;1;0;0;0;-25,573694;-48,831306;SPRF-PR;DEL01-PR;UOP05-DEL01-PR
663204;1499979;23/02/2025;domingo;16:50:00;PR;369;159;MAMBORE;Sim;Reação tardia ou ineficiente do condutor;1;Colisão traseira;Com Vítimas Feridas;Pleno dia;Decrescente;Céu Claro;Simples;Reta;Não;1193326;Automóvel;GM/CORSA WIND;2001;Passageiro;Ileso;2;Masculino;1;0;0;0;-24,18896;-52,49805;SPRF-PR;DEL07-PR;UOP01-DEL07-PR
663204;1495601;23/02/2025;domingo;16:50:00;PR;369;159;MAMBORE;Sim;Reação tardia ou ineficiente do condutor;1;Colisão traseira;Com Vítimas Feridas;Pleno dia;Decrescente;Céu Claro;Simples;Reta;Não;1193326;Automóvel;GM/CORSA WIND;2001;Passageiro;Lesões Leves;13;Masculino;0;1;0;0;-24,18896;-52,49805;SPRF-PR;DEL07-PR;UOP01-DEL07-PR
663718;1496926;25/02/2025;terça-feira;22:00:00;PR;376;525,7;PONTA GROSSA;Sim;Condutor Dormindo;1;Colisão traseira;Com Vítimas Feridas;Plena Noite;Crescente;Céu Claro;Dupla;"Aclive;Reta";Não;1194373;Caminhonete;RENAULT/MASTER INOVA AM3;2024;Passageiro;Lesões Graves;0;Feminino;0;0;1;0;-25,28;-49,919;SPRF-PR;DEL03-PR;UOP04-DEL03-PR
663902;1497394;26/02/2025;quarta-feira;20:50:00;PR;277;148;BALSA NOVA;Sim;Desrespeitar a preferência no cruzamento;2;Saída de leito carroçável;Com Vítimas Feridas;Plena Noite;Crescente;Nublado;Simples;"Aclive;Interseção de Vias;Reta";Não;1194762;Automóvel;FIAT/PALIO FIRE;2003;Passageiro;Lesões Graves;5;Masculino;0;0;1;0;-25,46480807;-49,73375022;SPRF-PR;DEL03-PR;UOP03-DEL03-PR
663902;1497396;26/02/2025;quarta-feira;20:50:00;PR;277;148;BALSA NOVA;Sim;Desrespeitar a preferência no cruzamento;2;Saída de leito carroçável;Com Vítimas Feridas;Plena Noite;Crescente;Nublado;Simples;"Aclive;Interseção de Vias;Reta";Não;1194762;Automóvel;FIAT/PALIO FIRE;2003;Passageiro;Lesões Graves;8;Feminino;0;0;1;0;-25,46480807;-49,73375022;SPRF-PR;DEL03-PR;UOP03-DEL03-PR
663902;1497394;26/02/2025;quarta-feira;20:50:00;PR;277;148;BALSA NOVA;Sim;Desrespeitar a preferência no cruzamento;1;Colisão transversal;Com Vítimas Feridas;Plena Noite;Crescente;Nublado;Simples;"Aclive;Interseção de Vias;Reta";Não;1194762;Automóvel;FIAT/PALIO FIRE;2003;Passageiro;Lesões Graves;5;Masculino;0;0;1;0;-25,46480807;-49,73375022;SPRF-PR;DEL03-PR;UOP03-DEL03-PR
663902;1497396;26/02/2025;quarta-feira;20:50:00;PR;277;148;BALSA NOVA;Sim;Desrespeitar a preferência no cruzamento;1;Colisão transversal;Com Vítimas Feridas;Plena Noite;Crescente;Nublado;Simples;"Aclive;Interseção de Vias;Reta";Não;1194762;Automóvel;FIAT/PALIO FIRE;2003;Passageiro;Lesões Graves;8;Feminino;0;0;1;0;-25,46480807;-49,73375022;SPRF-PR;DEL03-PR;UOP03-DEL03-PR
664052;1497794;27/02/2025;quinta-feira;17:40:00;PR;277;725,9;FOZ DO IGUACU;Não;Demais Fenômenos da natureza;4;Colisão com objeto;Com Vítimas Feridas;Pleno dia;Crescente;Sol;Dupla;Reta;Sim;1195054;Automóvel;HYUNDAI/HB20 1.6M COMF;2019;Passageiro;Lesões Leves;1;Feminino;0;1;0;0;-25,510756;-54,553192;SPRF-PR;DEL05-PR;UOP03-DEL05-PR
664052;1497794;27/02/2025;quinta-feira;17:40:00;PR;277;725,9;FOZ DO IGUACU;Não;Demais Fenômenos da natureza;3;Colisão transversal;Com Vítimas Feridas;Pleno dia;Crescente;Sol;Dupla;Reta;Sim;1195054;Automóvel;HYUNDAI/HB20 1.6M COMF;2019;Passageiro;Lesões Leves;1;Feminino;0;1;0;0;-25,510756;-54,553192;SPRF-PR;DEL05-PR;UOP03-DEL05-PR
664052;1497794;27/02/2025;quinta-feira;17:40:00;PR;277;725,9;FOZ DO IGUACU;Não;Demais Fenômenos da natureza;2;Colisão com objeto;Com Vítimas Feridas;Pleno dia;Crescente;Sol;Dupla;Reta;Sim;1195054;Automóvel;HYUNDAI/HB20 1.6M COMF;2019;Passageiro;Lesões Leves;1;Feminino;0;1;0;0;-25,510756;-54,553192;SPRF-PR;DEL05-PR;UOP03-DEL05-PR
664052;1497794;27/02/2025;quinta-feira;17:40:00;PR;277;725,9;FOZ DO IGUACU;Não;Demais Fenômenos da natureza;1;Colisão lateral mesmo sentido;Com Vítimas Feridas;Pleno dia;Crescente;Sol;Dupla;Reta;Sim;1195054;Automóvel;HYUNDAI/HB20 1.6M COMF;2019;Passageiro;Lesões Leves;1;Feminino;0;1;0;0;-25,510756;-54,553192;SPRF-PR;DEL05-PR;UOP03-DEL05-PR
664052;1497794;27/02/2025;quinta-feira;17:40:00;PR;277;725,9;FOZ DO IGUACU;Sim;Manobra de mudança de faixa;4;Colisão com objeto;Com Vítimas Feridas;Pleno dia;Crescente;Sol;Dupla;Reta;Sim;1195054;Automóvel;HYUNDAI/HB20 1.6M COMF;2019;Passageiro;Lesões Leves;1;Feminino;0;1;0;0;-25,510756;-54,553192;SPRF-PR;DEL05-PR;UOP03-DEL05-PR
664052;1497794;27/02/2025;quinta-feira;17:40:00;PR;277;725,9;FOZ DO IGUACU;Sim;Manobra de mudança de faixa;3;Colisão transversal;Com Vítimas Feridas;Pleno dia;Crescente;Sol;Dupla;Reta;Sim;1195054;Automóvel;HYUNDAI/HB20 1.6M COMF;2019;Passageiro;Lesões Leves;1;Feminino;0;1;0;0;-25,510756;-54,553192;SPRF-PR;DEL05-PR;UOP03-DEL05-PR
664052;1497794;27/02/2025;quinta-feira;17:40:00;PR;277;725,9;FOZ DO IGUACU;Sim;Manobra de mudança de faixa;2;Colisão com objeto;Com Vítimas Feridas;Pleno dia;Crescente;Sol;Dupla;Reta;Sim;1195054;Automóvel;HYUNDAI/HB20 1.6M COMF;2019;Passageiro;Lesões Leves;1;Feminino;0;1;0;0;-25,510756;-54,553192;SPRF-PR;DEL05-PR;UOP03-DEL05-PR
664052;1497794;27/02/2025;quinta-feira;17:40:00;PR;277;725,9;FOZ DO IGUACU;Sim;Manobra de mudança de faixa;1;Colisão lateral mesmo sentido;Com Vítimas Feridas;Pleno dia;Crescente;Sol;Dupla;Reta;Sim;1195054;Automóvel;HYUNDAI/HB20 1.6M COMF;2019;Passageiro;Lesões Leves;1;Feminino;0;1;0;0;-25,510756;-54,553192;SPRF-PR;DEL05-PR;UOP03-DEL05-PR
664119;1497919;27/02/2025;quinta-feira;18:00:00;PR;163;77;PLANALTO;Sim;Acessar a via sem observar a presença dos outros veículos;3;Queda de ocupante de veículo;Com Vítimas Feridas;Pleno dia;Decrescente;Céu Claro;Simples;"Interseção de Vias;Reta";Não;1195173;Motocicleta;HONDA/CG 125 TITAN;1998;Passageiro;Lesões Leves;13;Masculino;0;1;0;0;-25,738944;-53,80168;SPRF-PR;DEL02-PR;UOP02-DEL02-PR
664119;1497919;27/02/2025;quinta-feira;18:00:00;PR;163;77;PLANALTO;Sim;Acessar a via sem observar a presença dos outros veículos;2;Tombamento;Com Vítimas Feridas;Pleno dia;Decrescente;Céu Claro;Simples;"Interseção de Vias;Reta";Não;1195173;Motocicleta;HONDA/CG 125 TITAN;1998;Passageiro;Lesões Leves;13;Masculino;0;1;0;0;-25,738944;-53,80168;SPRF-PR;DEL02-PR;UOP02-DEL02-PR
664119;1497919;27/02/2025;quinta-feira;18:00:00;PR;163;77;PLANALTO;Sim;Acessar a via sem observar a presença dos outros veículos;1;Colisão transversal;Com Vítimas Feridas;Pleno dia;Decrescente;Céu Claro;Simples;"Interseção de Vias;Reta";Não;1195173;Motocicleta;HONDA/CG 125 TITAN;1998;Passageiro;Lesões Leves;13;Masculino;0;1;0;0;-25,738944;-53,80168;SPRF-PR;DEL02-PR;UOP02-DEL02-PR
664132;1497952;27/02/2025;quinta-feira;23:15:00;PR;277;679;MEDIANEIRA;Sim;Ausência de reação do condutor;3;Capotamento;Com Vítimas Feridas;Plena Noite;Crescente;Ignorado;Dupla;Reta;Não;1195196;Automóvel;I/CHEVROLET CLASSIC LS;2013;Passageiro;Lesões Graves;8;Masculino;0;0;1;0;-25,3204897;-54,1615831;SPRF-PR;DEL05-PR;UOP01-DEL05-PR
664132;1497952;27/02/2025;quinta-feira;23:15:00;PR;277;679;MEDIANEIRA;Sim;Ausência de reação do condutor;2;Colisão com objeto;Com Vítimas Feridas;Plena Noite;Crescente;Ignorado;Dupla;Reta;Não;1195196;Automóvel;I/CHEVROLET CLASSIC LS;2013;Passageiro;Lesões Graves;8;Masculino;0;0;1;0;-25,3204897;-54,1615831;SPRF-PR;DEL05-PR;UOP01-DEL05-PR
664132;1497952;27/02/2025;quinta-feira;23:15:00;PR;277;679;MEDIANEIRA;Sim;Ausência de reação do condutor;1;Saída de leito carroçável;Com Vítimas Feridas;Plena Noite;Crescente;Ignorado;Dupla;Reta;Não;1195196;Automóvel;I/CHEVROLET CLASSIC LS;2013;Passageiro;Lesões Graves;8;Masculino;0;0;1;0;-25,3204897;-54,1615831;SPRF-PR;DEL05-PR;UOP01-DEL05-PR
664334;1498425;28/02/2025;sexta-feira;20:50:00;PR;376;301,5;MAUA DA SERRA;Sim;Reação tardia ou ineficiente do condutor;2;Capotamento;Com Vítimas Feridas;Plena Noite;Crescente;Céu Claro;Dupla;"Aclive;Reta";Não;1195616;Automóvel;FIAT/ARGO TREKKING 1.3;2019;Passageiro;Lesões Graves;10;Feminino;0;0;1;0;-23,93554132;-51,15049839;SPRF-PR;DEL07-PR;UOP02-DEL07-PR
664334;1498425;28/02/2025;sexta-feira;20:50:00;PR;376;301,5;MAUA DA SERRA;Sim;Reação tardia ou ineficiente do condutor;1;Colisão traseira;Com Vítimas Feridas;Plena Noite;Crescente;Céu Claro;Dupla;"Aclive;Reta";Não;1195616;Automóvel;FIAT/ARGO TREKKING 1.3;2019;Passageiro;Lesões Graves;10;Feminino;0;0;1;0;-23,93554132;-51,15049839;SPRF-PR;DEL07-PR;UOP02-DEL07-PR
664394;1500083;28/02/2025;sexta-feira;22:35:00;PR;277;199,9;PALMEIRA;Não;Ingestão de álcool pelo condutor;4;Capotamento;Sem Vítimas;Plena Noite;Crescente;Nublado;Simples;Reta;Não;1195726;Automóvel;I/CHEVROLET AGILE LT;2010;Passageiro;Ileso;7;Masculino;1;0;0;0;-25,458757;-50,213085;SPRF-PR;DEL08-PR;UOP02-DEL08-PR
664394;1500079;28/02/2025;sexta-feira;22:35:00;PR;277;199,9;PALMEIRA;Não;Ingestão de álcool pelo condutor;4;Capotamento;Sem Vítimas;Plena Noite;Crescente;Nublado;Simples;Reta;Não;1195726;Automóvel;I/CHEVROLET AGILE LT;2010;Passageiro;Ileso;11;Masculino;1;0;0;0;-25,458757;-50,213085;SPRF-PR;DEL08-PR;UOP02-DEL08-PR
664394;1500083;28/02/2025;sexta-feira;22:35:00;PR;277;199,9;PALMEIRA;Não;Ingestão de álcool pelo condutor;3;Saída de leito carroçável;Sem Vítimas;Plena Noite;Crescente;Nublado;Simples;Reta;Não;1195726;Automóvel;I/CHEVROLET AGILE LT;2010;Passageiro;Ileso;7;Masculino;1;0;0;0;-25,458757;-50,213085;SPRF-PR;DEL08-PR;UOP02-DEL08-PR
664394;1500079;28/02/2025;sexta-feira;22:35:00;PR;277;199,9;PALMEIRA;Não;Ingestão de álcool pelo condutor;3;Saída de leito carroçável;Sem Vítimas;Plena Noite;Crescente;Nublado;Simples;Reta;Não;1195726;Automóvel;I/CHEVROLET AGILE LT;2010;Passageiro;Ileso;11;Masculino;1;0;0;0;-25,458757;-50,213085;SPRF-PR;DEL08-PR;UOP02-DEL08-PR
664394;1500083;28/02/2025;sexta-feira;22:35:00;PR;277;199,9;PALMEIRA;Não;Ingestão de álcool pelo condutor;2;Colisão lateral mesmo sentido;Sem Vítimas;Plena Noite;Crescente;Nublado;Simples;Reta;Não;1195726;Automóvel;I/CHEVROLET AGILE LT;2010;Passageiro;Ileso;7;Masculino;1;0;0;0;-25,458757;-50,213085;SPRF-PR;DEL08-PR;UOP02-DEL08-PR
664394;1500079;28/02/2025;sexta-feira;22:35:00;PR;277;199,9;PALMEIRA;Não;Ingestão de álcool pelo condutor;2;Colisão lateral mesmo sentido;Sem Vítimas;Plena Noite;Crescente;Nublado;Simples;Reta;Não;1195726;Automóvel;I/CHEVROLET AGILE LT;2010;Passageiro;Ileso;11;Masculino;1;0;0;0;-25,458757;-50,213085;SPRF-PR;DEL08-PR;UOP02-DEL08-PR
664394;1500083;28/02/2025;sexta-feira;22:35:00;PR;277;199,9;PALMEIRA;Não;Ingestão de álcool pelo condutor;1;Colisão lateral mesmo sentido;Sem Vítimas;Plena Noite;Crescente;Nublado;Simples;Reta;Não;1195726;Automóvel;I/CHEVROLET AGILE LT;2010;Passageiro;Ileso;7;Masculino;1;0;0;0;-25,458757;-50,213085;SPRF-PR;DEL08-PR;UOP02-DEL08-PR
664394;1500079;28/02/2025;sexta-feira;22:35:00;PR;277;199,9;PALMEIRA;Não;Ingestão de álcool pelo condutor;1;Colisão lateral mesmo sentido;Sem Vítimas;Plena Noite;Crescente;Nublado;Simples;Reta;Não;1195726;Automóvel;I/CHEVROLET AGILE LT;2010;Passageiro;Ileso;11;Masculino;1;0;0;0;-25,458757;-50,213085;SPRF-PR;DEL08-PR;UOP02-DEL08-PR
664394;1500083;28/02/2025;sexta-feira;22:35:00;PR;277;199,9;PALMEIRA;Sim;Reação tardia ou ineficiente do condutor;4;Capotamento;Sem Vítimas;Plena Noite;Crescente;Nublado;Simples;Reta;Não;1195726;Automóvel;I/CHEVROLET AGILE LT;2010;Passageiro;Ileso;7;Masculino;1;0;0;0;-25,458757;-50,213085;SPRF-PR;DEL08-PR;UOP02-DEL08-PR
664394;1500079;28/02/2025;sexta-feira;22:35:00;PR;277;199,9;PALMEIRA;Sim;Reação tardia ou ineficiente do condutor;4;Capotamento;Sem Vítimas;Plena Noite;Crescente;Nublado;Simples;Reta;Não;1195726;Automóvel;I/CHEVROLET AGILE LT;2010;Passageiro;Ileso;11;Masculino;1;0;0;0;-25,458757;-50,213085;SPRF-PR;DEL08-PR;UOP02-DEL08-PR
664394;1500083;28/02/2025;sexta-feira;22:35:00;PR;277;199,9;PALMEIRA;Sim;Reação tardia ou ineficiente do condutor;3;Saída de leito carroçável;Sem Vítimas;Plena Noite;Crescente;Nublado;Simples;Reta;Não;1195726;Automóvel;I/CHEVROLET AGILE LT;2010;Passageiro;Ileso;7;Masculino;1;0;0;0;-25,458757;-50,213085;SPRF-PR;DEL08-PR;UOP02-DEL08-PR
664394;1500079;28/02/2025;sexta-feira;22:35:00;PR;277;199,9;PALMEIRA;Sim;Reação tardia ou ineficiente do condutor;3;Saída de leito carroçável;Sem Vítimas;Plena Noite;Crescente;Nublado;Simples;Reta;Não;1195726;Automóvel;I/CHEVROLET AGILE LT;2010;Passageiro;Ileso;11;Masculino;1;0;0;0;-25,458757;-50,213085;SPRF-PR;DEL08-PR;UOP02-DEL08-PR
664394;1500083;28/02/2025;sexta-feira;22:35:00;PR;277;199,9;PALMEIRA;Sim;Reação tardia ou ineficiente do condutor;2;Colisão lateral mesmo sentido;Sem Vítimas;Plena Noite;Crescente;Nublado;Simples;Reta;Não;1195726;Automóvel;I/CHEVROLET AGILE LT;2010;Passageiro;Ileso;7;Masculino;1;0;0;0;-25,458757;-50,213085;SPRF-PR;DEL08-PR;UOP02-DEL08-PR
664394;1500079;28/02/2025;sexta-feira;22:35:00;PR;277;199,9;PALMEIRA;Sim;Reação tardia ou ineficiente do condutor;2;Colisão lateral mesmo sentido;Sem Vítimas;Plena Noite;Crescente;Nublado;Simples;Reta;Não;1195726;Automóvel;I/CHEVROLET AGILE LT;2010;Passageiro;Ileso;11;Masculino;1;0;0;0;-25,458757;-50,213085;SPRF-PR;DEL08-PR;UOP02-DEL08-PR
664394;1500083;28/02/2025;sexta-feira;22:35:00;PR;277;199,9;PALMEIRA;Sim;Reação tardia ou ineficiente do condutor;1;Colisão lateral mesmo sentido;Sem Vítimas;Plena Noite;Crescente;Nublado;Simples;Reta;Não;1195726;Automóvel;I/CHEVROLET AGILE LT;2010;Passageiro;Ileso;7;Masculino;1;0;0;0;-25,458757;-50,213085;SPRF-PR;DEL08-PR;UOP02-DEL08-PR