id;pesid;data_inversa;dia_semana;horario;uf;br;km;municipio;causa_principal;causa_acidente;ordem_tipo_acidente;tipo_acidente;classificacao_acidente;fase_dia;sentido_via;condicao_metereologica;tipo_pista;tracado_via;uso_solo;id_veiculo;tipo_veiculo;marca;ano_fabricacao_veiculo;tipo_envolvido;estado_fisico;idade;sexo;ilesos;feridos_leves;feridos_graves;mortos;latitude;longitude;regional;delegacia;uop
664394;1500079;28/02/2025;sexta-feira;22:35:00;PR;277;199,9;PALMEIRA;Sim;Reação tardia ou ineficiente do condutor;1;Colisão lateral mesmo sentido;Sem Vítimas;Plena Noite;Crescente;Nublado;Simples;Reta;Não;1195726;Automóvel;I/CHEVROLET AGILE LT;2010;Passageiro;Ileso;11;Masculino;1;0;0;0;-25,458757;-50,213085;SPRF-PR;DEL08-PR;UOP02-DEL08-PR
664793;1501633;02/03/2025;domingo;16:00:00;PR;277;690;CURITIBA;Não;Reação tardia ou ineficiente do condutor;1;Colisão traseira;Com Vítimas Feridas;Pleno dia;Decrescente;Céu Claro;Dupla;Retorno Regulamentado;Não;1196468;Automóvel;CHEV/PRISMA 1.0MT LT;2014;Passageiro;Lesões Leves;5;Masculino;0;1;0;0;-25,4509056;-49,250304;SPRF-PR;DEL05-PR;UOP01-DEL05-PR
664793;1501632;02/03/2025;domingo;16:00:00;PR;277;690;CURITIBA;Não;Reação tardia ou ineficiente do condutor;1;Colisão traseira;Com Vítimas Feridas;Pleno dia;Decrescente;Céu Claro;Dupla;Retorno Regulamentado;Não;1196467;Automóvel;I/CITROEN C4 PALLAS20G F;2012;Passageiro;Lesões Leves;11;Feminino;0;1;0;0;-25,4509056;-49,250304;SPRF-PR;DEL05-PR;UOP01-DEL05-PR
664793;1501633;02/03/2025;domingo;16:00:00;PR;277;690;CURITIBA;Não;Velocidade Incompatível;1;Colisão traseira;Com Vítimas Feridas;Pleno dia;Decrescente;Céu Claro;Dupla;Retorno Regulamentado;Não;1196468;Automóvel;CHEV/PRISMA 1.0MT LT;2014;Passageiro;Lesões Leves;5;Masculino;0;1;0;0;-25,4509056;-49,250304;SPRF-PR;DEL05-PR;UOP01-DEL05-PR
664793;1501632;02/03/2025;domingo;16:00:00;PR;277;690;CURITIBA;Não;Velocidade Incompatível;1;Colisão traseira;Com Vítimas Feridas;Pleno dia;Decrescente;Céu Claro;Dupla;Retorno Regulamentado;Não;1196467;Automóvel;I/CITROEN C4 PALLAS20G F;2012;Passageiro;Lesões Leves;11;Feminino;0;1;0;0;-25,4509056;-49,250304;SPRF-PR;DEL05-PR;UOP01-DEL05-PR
664793;1501633;02/03/2025;domingo;16:00:00;PR;277;690;CURITIBA;Sim;Ingestão de álcool pelo condutor;1;Colisão traseira;Com Vítimas Feridas;Pleno dia;Decrescente;Céu Claro;Dupla;Retorno Regulamentado;Não;1196468;Automóvel;CHEV/PRISMA 1.0MT LT;2014;Passageiro;Lesões Leves;5;Masculino;0;1;0;0;-25,4509056;-49,250304;SPRF-PR;DEL05-PR;UOP01-DEL05-PR
664793;1501632;02/03/2025;domingo;16:00:00;PR;277;690;CURITIBA;Sim;Ingestão de álcool pelo condutor;1;Colisão traseira;Com Vítimas Feridas;Pleno dia;Decrescente;Céu Claro;Dupla;Retorno Regulamentado;Não;1196467;Automóvel;I/CITROEN C4 PALLAS20G F;2012;Passageiro;Lesões Leves;11;Feminino;0;1;0;0;-25,4509056;-49,250304;SPRF-PR;DEL05-PR;UOP01-DEL05-PR
665095;1500398;04/03/2025;terça-feira;09:00:00;PR;487;169,1;CAMPO MOURAO;Sim;Acessar a via sem observar a presença dos outros veículos;1;Colisão transversal;Com Vítimas Feridas;Pleno dia;Crescente;Céu Claro;Simples;"Reta;Declive";Não;1197099;Automóvel;TOYOTA/YARIS SD XS 15 AT;2019;Passageiro;Ileso;10;Masculino;1;0;0;0;-24,02157978;-52,44497001;SPRF-PR;DEL09-PR;UOP03-DEL09-PR
665490;1501382;06/03/2025;quinta-feira;10:00:00;PR;277;114,1;CAMPO LARGO;Não;Velocidade Incompatível;1;Engavetamento;Com Vítimas Feridas;Pleno dia;Decrescente;Céu Claro;Dupla;"Aclive;Reta";Sim;1197839;Automóvel;Não Informado/Não Informado;2007;Passageiro;Ileso;5;Masculino;1;0;0;0;-25,432056;-49,429806;SPRF-PR;DEL03-PR;UOP03-DEL03-PR
665490;1501378;06/03/2025;quinta-feira;10:00:00;PR;277;114,1;CAMPO LARGO;Não;Velocidade Incompatível;1;Engavetamento;Com Vítimas Feridas;Pleno dia;Decrescente;Céu Claro;Dupla;"Aclive;Reta";Sim;1197839;Automóvel;Não Informado/Não Informado;2007;Passageiro;Ileso;15;Masculino;1;0;0;0;-25,432056;-49,429806;SPRF-PR;DEL03-PR;UOP03-DEL03-PR
665490;1501382;06/03/2025;quinta-feira;10:00:00;PR;277;114,1;CAMPO LARGO;Não;Restrição de visibilidade em curvas verticais;1;Engavetamento;Com Vítimas Feridas;Pleno dia;Decrescente;Céu Claro;Dupla;"Aclive;Reta";Sim;1197839;Automóvel;Não Informado/Não Informado;2007;Passageiro;Ileso;5;Masculino;1;0;0;0;-25,432056;-49,429806;SPRF-PR;DEL03-PR;UOP03-DEL03-PR
665490;1501378;06/03/2025;quinta-feira;10:00:00;PR;277;114,1;CAMPO LARGO;Não;Restrição de visibilidade em curvas verticais;1;Engavetamento;Com Vítimas Feridas;Pleno dia;Decrescente;Céu Claro;Dupla;"Aclive;Reta";Sim;1197839;Automóvel;Não Informado/Não Informado;2007;Passageiro;Ileso;15;Masculino;1;0;0;0;-25,432056;-49,429806;SPRF-PR;DEL03-PR;UOP03-DEL03-PR
665490;1501382;06/03/2025;quinta-feira;10:00:00;PR;277;114,1;CAMPO LARGO;Não;Objeto estático sobre o leito carroçável;1;Engavetamento;Com Vítimas Feridas;Pleno dia;Decrescente;Céu Claro;Dupla;"Aclive;Reta";Sim;1197839;Automóvel;Não Informado/Não Informado;2007;Passageiro;Ileso;5;Masculino;1;0;0;0;-25,432056;-49,429806;SPRF-PR;DEL03-PR;UOP03-DEL03-PR
665490;1501378;06/03/2025;quinta-feira;10:00:00;PR;277;114,1;CAMPO LARGO;Não;Objeto estático sobre o leito carroçável;1;Engavetamento;Com Vítimas Feridas;Pleno dia;Decrescente;Céu Claro;Dupla;"Aclive;Reta";Sim;1197839;Automóvel;Não Informado/Não Informado;2007;Passageiro;Ileso;15;Masculino;1;0;0;0;-25,432056;-49,429806;SPRF-PR;DEL03-PR;UOP03-DEL03-PR
665490;1501382;06/03/2025;quinta-feira;10:00:00;PR;277;114,1;CAMPO LARGO;Não;Manobra de mudança de faixa;1;Engavetamento;Com Vítimas Feridas;Pleno dia;Decrescente;Céu Claro;Dupla;"Aclive;Reta";Sim;1197839;Automóvel;Não Informado/Não Informado;2007;Passageiro;Ileso;5;Masculino;1;0;0;0;-25,432056;-49,429806;SPRF-PR;DEL03-PR;UOP03-DEL03-PR
665490;1501378;06/03/2025;quinta-feira;10:00:00;PR;277;114,1;CAMPO LARGO;Não;Manobra de mudança de faixa;1;Engavetamento;Com Vítimas Feridas;Pleno dia;Decrescente;Céu Claro;Dupla;"Aclive;Reta";Sim;1197839;Automóvel;Não Informado/Não Informado;2007;Passageiro;Ileso;15;Masculino;1;0;0;0;-25,432056;-49,429806;SPRF-PR;DEL03-PR;UOP03-DEL03-PR
665490;1501382;06/03/2025;quinta-feira;10:00:00;PR;277;114,1;CAMPO LARGO;Não;Frear bruscamente;1;Engavetamento;Com Vítimas Feridas;Pleno dia;Decrescente;Céu Claro;Dupla;"Aclive;Reta";Sim;1197839;Automóvel;Não Informado/Não Informado;2007;Passageiro;Ileso;5;Masculino;1;0;0;0;-25,432056;-49,429806;SPRF-PR;DEL03-PR;UOP03-DEL03-PR
665490;1501378;06/03/2025;quinta-feira;10:00:00;PR;277;114,1;CAMPO LARGO;Não;Frear bruscamente;1;Engavetamento;Com Vítimas Feridas;Pleno dia;Decrescente;Céu Claro;Dupla;"Aclive;Reta";Sim;1197839;Automóvel;Não Informado/Não Informado;2007;Passageiro;Ileso;15;Masculino;1;0;0;0;-25,432056;-49,429806;SPRF-PR;DEL03-PR;UOP03-DEL03-PR
665490;1501382;06/03/2025;quinta-feira;10:00:00;PR;277;114,1;CAMPO LARGO;Não;Condutor deixou de manter distância do veículo da frente;1;Engavetamento;Com Vítimas Feridas;Pleno dia;Decrescente;Céu Claro;Dupla;"Aclive;Reta";Sim;1197839;Automóvel;Não Informado/Não Informado;2007;Passageiro;Ileso;5;Masculino;1;0;0;0;-25,432056;-49,429806;SPRF-PR;DEL03-PR;UOP03-DEL03-PR
665490;1501378;06/03/2025;quinta-feira;10:00:00;PR;277;114,1;CAMPO LARGO;Não;Condutor deixou de manter distância do veículo da frente;1;Engavetamento;Com Vítimas Feridas;Pleno dia;Decrescente;Céu Claro;Dupla;"Aclive;Reta";Sim;1197839;Automóvel;Não Informado/Não Informado;2007;Passageiro;Ileso;15;Masculino;1;0;0;0;-25,432056;-49,429806;SPRF-PR;DEL03-PR;UOP03-DEL03-PR
665490;1501382;06/03/2025;quinta-feira;10:00:00;PR;277;114,1;CAMPO LARGO;Não;Ausência de sinalização;1;Engavetamento;Com Vítimas Feridas;Pleno dia;Decrescente;Céu Claro;Dupla;"Aclive;Reta";Sim;1197839;Automóvel;Não Informado/Não Informado;2007;Passageiro;Ileso;5;Masculino;1;0;0;0;-25,432056;-49,429806;SPRF-PR;DEL03-PR;UOP03-DEL03-PR
665490;1501378;06/03/2025;quinta-feira;10:00:00;PR;277;114,1;CAMPO LARGO;Não;Ausência de sinalização;1;Engavetamento;Com Vítimas Feridas;Pleno dia;Decrescente;Céu Claro;Dupla;"Aclive;Reta";Sim;1197839;Automóvel;Não Informado/Não Informado;2007;Passageiro;Ileso;15;Masculino;1;0;0;0;-25,432056;-49,429806;SPRF-PR;DEL03-PR;UOP03-DEL03-PR
665490;1501382;06/03/2025;quinta-feira;10:00:00;PR;277;114,1;CAMPO LARGO;Não;Ausência de reação do condutor;1;Engavetamento;Com Vítimas Feridas;Pleno dia;Decrescente;Céu Claro;Dupla;"Aclive;Reta";Sim;1197839;Automóvel;Não Informado/Não Informado;2007;Passageiro;Ileso;5;Masculino;1;0;0;0;-25,432056;-49,429806;SPRF-PR;DEL03-PR;UOP03-DEL03-PR
665490;1501378;06/03/2025;quinta-feira;10:00:00;PR;277;114,1;CAMPO LARGO;Não;Ausência de reação do condutor;1;Engavetamento;Com Vítimas Feridas;Pleno dia;Decrescente;Céu Claro;Dupla;"Aclive;Reta";Sim;1197839;Automóvel;Não Informado/Não Informado;2007;Passageiro;Ileso;15;Masculino;1;0;0;0;-25,432056;-49,429806;SPRF-PR;DEL03-PR;UOP03-DEL03-PR
665490;1501382;06/03/2025;quinta-feira;10:00:00;PR;277;114,1;CAMPO LARGO;Sim;Reação tardia ou ineficiente do condutor;1;Engavetamento;Com Vítimas Feridas;Pleno dia;Decrescente;Céu Claro;Dupla;"Aclive;Reta";Sim;1197839;Automóvel;Não Informado/Não Informado;2007;Passageiro;Ileso;5;Masculino;1;0;0;0;-25,432056;-49,429806;SPRF-PR;DEL03-PR;UOP03-DEL03-PR
665490;1501378;06/03/2025;quinta-feira;10:00:00;PR;277;114,1;CAMPO LARGO;Sim;Reação tardia ou ineficiente do condutor;1;Engavetamento;Com Vítimas Feridas;Pleno dia;Decrescente;Céu Claro;Dupla;"Aclive;Reta";Sim;1197839;Automóvel;Não Informado/Não Informado;2007;Passageiro;Ileso;15;Masculino;1;0;0;0;-25,432056;-49,429806;SPRF-PR;DEL03-PR;UOP03-DEL03-PR
665507;1501436;06/03/2025;quinta-feira;12:40:00;PR;376;460;TIBAGI;Não;Curva acentuada;2;Colisão com objeto;Com Vítimas Feridas;Pleno dia;Crescente;Sol;Dupla;"Declive;Curva;Ponte";Não;1197875;Automóvel;RENAULT/SANDERO STEP 16;2016;Passageiro;Lesões Leves;6;Feminino;0;1;0;0;-24,94778966;-50,39494341;SPRF-PR;DEL03-PR;UOP01-DEL03-PR
665507;1501436;06/03/2025;quinta-feira;12:40:00;PR;376;460;TIBAGI;Não;Curva acentuada;1;Saída de leito carroçável;Com Vítimas Feridas;Pleno dia;Crescente;Sol;Dupla;"Declive;Curva;Ponte";Não;1197875;Automóvel;RENAULT/SANDERO STEP 16;2016;Passageiro;Lesões Leves;6;Feminino;0;1;0;0;-24,94778966;-50,39494341;SPRF-PR;DEL03-PR;UOP01-DEL03-PR
665507;1501436;06/03/2025;quinta-feira;12:40:00;PR;376;460;TIBAGI;Não;Declive acentuado;2;Colisão com objeto;Com Vítimas Feridas;Pleno dia;Crescente;Sol;Dupla;"Declive;Curva;Ponte";Não;1197875;Automóvel;RENAULT/SANDERO STEP 16;2016;Passageiro;Lesões Leves;6;Feminino;0;1;0;0;-24,94778966;-50,39494341;SPRF-PR;DEL03-PR;UOP01-DEL03-PR
665507;1501436;06/03/2025;quinta-feira;12:40:00;PR;376;460;TIBAGI;Não;Declive acentuado;1;Saída de leito carroçável;Com Vítimas Feridas;Pleno dia;Crescente;Sol;Dupla;"Declive;Curva;Ponte";Não;1197875;Automóvel;RENAULT/SANDERO STEP 16;2016;Passageiro;Lesões Leves;6;Feminino;0;1;0;0;-24,94778966;-50,39494341;SPRF-PR;DEL03-PR;UOP01-DEL03-PR
665507;1501436;06/03/2025;quinta-feira;12:40:00;PR;376;460;TIBAGI;Não;Velocidade Incompatível;2;Colisão com objeto;Com Vítimas Feridas;Pleno dia;Crescente;Sol;Dupla;"Declive;Curva;Ponte";Não;1197875;Automóvel;RENAULT/SANDERO STEP 16;2016;Passageiro;Lesões Leves;6;Feminino;0;1;0;0;-24,94778966;-50,39494341;SPRF-PR;DEL03-PR;UOP01-DEL03-PR
665507;1501436;06/03/2025;quinta-feira;12:40:00;PR;376;460;TIBAGI;Não;Velocidade Incompatível;1;Saída de leito carroçável;Com Vítimas Feridas;Pleno dia;Crescente;Sol;Dupla;"Declive;Curva;Ponte";Não;1197875;Automóvel;RENAULT/SANDERO STEP 16;2016;Passageiro;Lesões Leves;6;Feminino;0;1;0;0;-24,94778966;-50,39494341;SPRF-PR;DEL03-PR;UOP01-DEL03-PR
665507;1501436;06/03/2025;quinta-feira;12:40:00;PR;376;460;TIBAGI;Sim;Acumulo de óleo sobre o pavimento;2;Colisão com objeto;Com Vítimas Feridas;Pleno dia;Crescente;Sol;Dupla;"Declive;Curva;Ponte";Não;1197875;Automóvel;RENAULT/SANDERO STEP 16;2016;Passageiro;Lesões Leves;6;Feminino;0;1;0;0;-24,94778966;-50,39494341;SPRF-PR;DEL03-PR;UOP01-DEL03-PR
665507;1501436;06/03/2025;quinta-feira;12:40:00;PR;376;460;TIBAGI;Sim;Acumulo de óleo sobre o pavimento;1;Saída de leito carroçável;Com Vítimas Feridas;Pleno dia;Crescente;Sol;Dupla;"Declive;Curva;Ponte";Não;1197875;Automóvel;RENAULT/SANDERO STEP 16;2016;Passageiro;Lesões Leves;6;Feminino;0;1;0;0;-24,94778966;-50,39494341;SPRF-PR;DEL03-PR;UOP01-DEL03-PR
665786;1502159;07/03/2025;sexta-feira;18:00:00;PR;476;145;CURITIBA;Não;Condutor usando celular;1;Engavetamento;Com Vítimas Feridas;Anoitecer;Decrescente;Céu Claro;Dupla;"Reta;Aclive";Sim;1198452;Automóvel;CHEV/PRISMA 10MT JOYE;2019;Passageiro;Ileso;11;Feminino;1;0;0;0;-25,5489056;-49,3241192;SPRF-PR;DEL01-PR;UOP06-DEL01-PR
665786;1502158;07/03/2025;sexta-feira;18:00:00;PR;476;145;CURITIBA;Não;Condutor usando celular;1;Engavetamento;Com Vítimas Feridas;Anoitecer;Decrescente;Céu Claro;Dupla;"Reta;Aclive";Sim;1198452;Automóvel;CHEV/PRISMA 10MT JOYE;2019;Passageiro;Ileso;9;Feminino;1;0;0;0;-25,5489056;-49,3241192;SPRF-PR;DEL01-PR;UOP06-DEL01-PR
665786;1502159;07/03/2025;sexta-feira;18:00:00;PR;476;145;CURITIBA;Sim;Reação tardia ou ineficiente do condutor;1;Engavetamento;Com Vítimas Feridas;Anoitecer;Decrescente;Céu Claro;Dupla;"Reta;Aclive";Sim;1198452;Automóvel;CHEV/PRISMA 10MT JOYE;2019;Passageiro;Ileso;11;Feminino;1;0;0;0;-25,5489056;-49,3241192;SPRF-PR;DEL01-PR;UOP06-DEL01-PR
665786;1502158;07/03/2025;sexta-feira;18:00:00;PR;476;145;CURITIBA;Sim;Reação tardia ou ineficiente do condutor;1;Engavetamento;Com Vítimas Feridas;Anoitecer;Decrescente;Céu Claro;Dupla;"Reta;Aclive";Sim;1198452;Automóvel;CHEV/PRISMA 10MT JOYE;2019;Passageiro;Ileso;9;Feminino;1;0;0;0;-25,5489056;-49,3241192;SPRF-PR;DEL01-PR;UOP06-DEL01-PR
665797;1502233;07/03/2025;sexta-feira;19:45:00;PR;116;146;MANDIRITUBA;Não;Condutor deixou de manter distância do veículo da frente;4;Colisão com objeto;Com Vítimas Feridas;Plena Noite;Crescente;Céu Claro;Simples;Reta;Não;1198500;Ônibus;MERCEDES BENZ/;1973;Passageiro;Lesões Leves;9;Masculino;0;1;0;0;-25,820747;-49,334195;SPRF-PR;DEL01-PR;UOP03-DEL01-PR
665797;1502233;07/03/2025;sexta-feira;19:45:00;PR;116;146;MANDIRITUBA;Não;Condutor deixou de manter distância do veículo da frente;3;Colisão transversal;Com Vítimas Feridas;Plena Noite;Crescente;Céu Claro;Simples;Reta;Não;1198500;Ônibus;MERCEDES BENZ/;1973;Passageiro;Lesões Leves;9;Masculino;0;1;0;0;-25,820747;-49,334195;SPRF-PR;DEL01-PR;UOP03-DEL01-PR
665797;1502233;07/03/2025;sexta-feira;19:45:00;PR;116;146;MANDIRITUBA;Não;Condutor deixou de manter distância do veículo da frente;2;Colisão lateral mesmo sentido;Com Vítimas Feridas;Plena Noite;Crescente;Céu Claro;Simples;Reta;Não;1198500;Ônibus;MERCEDES BENZ/;1973;Passageiro;Lesões Leves;9;Masculino;0;1;0;0;-25,820747;-49,334195;SPRF-PR;DEL01-PR;UOP03-DEL01-PR
665797;1502233;07/03/2025;sexta-feira;19:45:00;PR;116;146;MANDIRITUBA;Não;Condutor deixou de manter distância do veículo da frente;1;Colisão frontal;Com Vítimas Feridas;Plena Noite;Crescente;Céu Claro;Simples;Reta;Não;1198500;Ônibus;MERCEDES BENZ/;1973;Passageiro;Lesões Leves;9;Masculino;0;1;0;0;-25,820747;-49,334195;SPRF-PR;DEL01-PR;UOP03-DEL01-PR
665797;1502233;07/03/2025;sexta-feira;19:45:00;PR;116;146;MANDIRITUBA;Não;Ultrapassagem Indevida;4;Colisão com objeto;Com Vítimas Feridas;Plena Noite;Crescente;Céu Claro;Simples;Reta;Não;1198500;Ônibus;MERCEDES BENZ/;1973;Passageiro;Lesões Leves;9;Masculino;0;1;0;0;-25,820747;-49,334195;SPRF-PR;DEL01-PR;UOP03-DEL01-PR
665797;1502233;07/03/2025;sexta-feira;19:45:00;PR;116;146;MANDIRITUBA;Não;Ultrapassagem Indevida;3;Colisão transversal;Com Vítimas Feridas;Plena Noite;Crescente;Céu Claro;Simples;Reta;Não;1198500;Ônibus;MERCEDES BENZ/;1973;Passageiro;Lesões Leves;9;Masculino;0;1;0;0;-25,820747;-49,334195;SPRF-PR;DEL01-PR;UOP03-DEL01-PR
665797;1502233;07/03/2025;sexta-feira;19:45:00;PR;116;146;MANDIRITUBA;Não;Ultrapassagem Indevida;2;Colisão lateral mesmo sentido;Com Vítimas Feridas;Plena Noite;Crescente;Céu Claro;Simples;Reta;Não;1198500;Ônibus;MERCEDES BENZ/;1973;Passageiro;Lesões Leves;9;Masculino;0;1;0;0;-25,820747;-49,334195;SPRF-PR;DEL01-PR;UOP03-DEL01-PR
665797;1502233;07/03/2025;sexta-feira;19:45:00;PR;116;146;MANDIRITUBA;Não;Ultrapassagem Indevida;1;Colisão frontal;Com Vítimas Feridas;Plena Noite;Crescente;Céu Claro;Simples;Reta;Não;1198500;Ônibus;MERCEDES BENZ/;1973;Passageiro;Lesões Leves;9;Masculino;0;1;0;0;-25,820747;-49,334195;SPRF-PR;DEL01-PR;UOP03-DEL01-PR
665797;1502233;07/03/2025;sexta-feira;19:45:00;PR;116;146;MANDIRITUBA;Não;Reação tardia ou ineficiente do condutor;4;Colisão com objeto;Com Vítimas Feridas;Plena Noite;Crescente;Céu Claro;Simples;Reta;Não;1198500;Ônibus;MERCEDES BENZ/;1973;Passageiro;Lesões Leves;9;Masculino;0;1;0;0;-25,820747;-49,334195;SPRF-PR;DEL01-PR;UOP03-DEL01-PR
665797;1502233;07/03/2025;sexta-feira;19:45:00;PR;116;146;MANDIRITUBA;Não;Reação tardia ou ineficiente do condutor;3;Colisão transversal;Com Vítimas Feridas;Plena Noite;Crescente;Céu Claro;Simples;Reta;Não;1198500;Ônibus;MERCEDES BENZ/;1973;Passageiro;Lesões Leves;9;Masculino;0;1;0;0;-25,820747;-49,334195;SPRF-PR;DEL01-PR;UOP03-DEL01-PR
665797;1502233;07/03/2025;sexta-feira;19:45:00;PR;116;146;MANDIRITUBA;Não;Reação tardia ou ineficiente do condutor;2;Colisão lateral mesmo sentido;Com Vítimas Feridas;Plena Noite;Crescente;Céu Claro;Simples;Reta;Não;1198500;Ônibus;MERCEDES BENZ/;1973;Passageiro;Lesões Leves;9;Masculino;0;1;0;0;-25,820747;-49,334195;SPRF-PR;DEL01-PR;UOP03-DEL01-PR
665797;1502233;07/03/2025;sexta-feira;19:45:00;PR;116;146;MANDIRITUBA;Não;Reação tardia ou ineficiente do condutor;1;Colisão frontal;Com Vítimas Feridas;Plena Noite;Crescente;Céu Claro;Simples;Reta;Não;1198500;Ônibus;MERCEDES BENZ/;1973;Passageiro;Lesões Leves;9;Masculino;0;1;0;0;-25,820747;-49,334195;SPRF-PR;DEL01-PR;UOP03-DEL01-PR
665797;1502233;07/03/2025;sexta-feira;19:45:00;PR;116;146;MANDIRITUBA;Sim;Transitar na contramão;4;Colisão com objeto;Com Vítimas Feridas;Plena Noite;Crescente;Céu Claro;Simples;Reta;Não;1198500;Ônibus;MERCEDES BENZ/;1973;Passageiro;Lesões Leves;9;Masculino;0;1;0;0;-25,820747;-49,334195;SPRF-PR;DEL01-PR;UOP03-DEL01-PR
665797;1502233;07/03/2025;sexta-feira;19:45:00;PR;116;146;MANDIRITUBA;Sim;Transitar na contramão;3;Colisão transversal;Com Vítimas Feridas;Plena Noite;Crescente;Céu Claro;Simples;Reta;Não;1198500;Ônibus;MERCEDES BENZ/;1973;Passageiro;Lesões Leves;9;Masculino;0;1;0;0;-25,820747;-49,334195;SPRF-PR;DEL01-PR;UOP03-DEL01-PR
665797;1502233;07/03/2025;sexta-feira;19:45:00;PR;116;146;MANDIRITUBA;Sim;Transitar na contramão;2;Colisão lateral mesmo sentido;Com Vítimas Feridas;Plena Noite;Crescente;Céu Claro;Simples;Reta;Não;1198500;Ônibus;MERCEDES BENZ/;1973;Passageiro;Lesões Leves;9;Masculino;0;1;0;0;-25,820747;-49,334195;SPRF-PR;DEL01-PR;UOP03-DEL01-PR
665797;1502233;07/03/2025;sexta-feira;19:45:00;PR;116;146;MANDIRITUBA;Sim;Transitar na contramão;1;Colisão frontal;Com Vítimas Feridas;Plena Noite;Crescente;Céu Claro;Simples;Reta;Não;1198500;Ônibus;MERCEDES BENZ/;1973;Passageiro;Lesões Leves;9;Masculino;0;1;0;0;-25,820747;-49,334195;SPRF-PR;DEL01-PR;UOP03-DEL01-PR
666185;1502986;09/03/2025;domingo;17:32:00;PR;277;309,8;GUARAPUAVA;Não;Ultrapassagem Indevida;1;Colisão traseira;Sem Vítimas;Pleno dia;Decrescente;Céu Claro;Simples;Declive;Não;1199077;Caminhonete;I/FORD TRANSIT TCA AMBUL;2022;Passageiro;Ileso;12;Masculino;1;0;0;0;-25,3115824;-51,213271;SPRF-PR;DEL08-PR;UOP01-DEL08-PR
666185;1502986;09/03/2025;domingo;17:32:00;PR;277;309,8;GUARAPUAVA;Não;Velocidade Incompatível;1;Colisão traseira;Sem Vítimas;Pleno dia;Decrescente;Céu Claro;Simples;Declive;Não;1199077;Caminhonete;I/FORD TRANSIT TCA AMBUL;2022;Passageiro;Ileso;12;Masculino;1;0;0;0;-25,3115824;-51,213271;SPRF-PR;DEL08-PR;UOP01-DEL08-PR
666185;1502986;09/03/2025;domingo;17:32:00;PR;277;309,8;GUARAPUAVA;Não;Frear bruscamente;1;Colisão traseira;Sem Vítimas;Pleno dia;Decrescente;Céu Claro;Simples;Declive;Não;1199077;Caminhonete;I/FORD TRANSIT TCA AMBUL;2022;Passageiro;Ileso;12;Masculino;1;0;0;0;-25,3115824;-51,213271;SPRF-PR;DEL08-PR;UOP01-DEL08-PR
666185;1502986;09/03/2025;domingo;17:32:00;PR;277;309,8;GUARAPUAVA;Sim;Reação tardia ou ineficiente do condutor;1;Colisão traseira;Sem Vítimas;Pleno dia;Decrescente;Céu Claro;Simples;Declive;Não;1199077;Caminhonete;I/FORD TRANSIT TCA AMBUL;2022;Passageiro;Ileso;12;Masculino;1;0;0;0;-25,3115824;-51,213271;SPRF-PR;DEL08-PR;UOP01-DEL08-PR
666203;1504789;09/03/2025;domingo;15:50:00;PR;153;155,6;VENTANIA;Sim;Reação tardia ou ineficiente do condutor;1;Colisão transversal;Com Vítimas Feridas;Pleno dia;Decrescente;Céu Claro;Simples;Curva;Não;1199153;Camioneta;HYUNDAI/TUCSON GLSB;2011;Passageiro;Lesões Leves;9;Feminino;0;1;0;0;-24,1922742;-50,20954996;SPRF-PR;DEL07-PR;UOP04-DEL07-PR
666213;1503208;09/03/2025;domingo;18:15:00;PR;153;2,2;IMBITUVA;Não;Falta de elemento de contenção que evite a saída do leito carroçável;3;Colisão com objeto;Com Vítimas Fatais;Pleno dia;Decrescente;Nublado;Simples;"Reta;Declive";Sim;1199215;Automóvel;VW/GOL 1.0;2004;Passageiro;Óbito;16;Masculino;0;0;0;1;-25,20027732;-50,59805679;SPRF-PR;DEL03-PR;UOP01-DEL03-PR
666213;1503208;09/03/2025;domingo;18:15:00;PR;153;2,2;IMBITUVA;Não;Falta de elemento de contenção que evite a saída do leito carroçável;2;Saída de leito carroçável;Com Vítimas Fatais;Pleno dia;Decrescente;Nublado;Simples;"Reta;Declive";Sim;1199215;Automóvel;VW/GOL 1.0;2004;Passageiro;Óbito;16;Masculino;0;0;0;1;-25,20027732;-50,59805679;SPRF-PR;DEL03-PR;UOP01-DEL03-PR
666213;1503208;09/03/2025;domingo;18:15:00;PR;153;2,2;IMBITUVA;Não;Falta de elemento de contenção que evite a saída do leito carroçável;1;Saída de leito carroçável;Com Vítimas Fatais;Pleno dia;Decrescente;Nublado;Simples;"Reta;Declive";Sim;1199215;Automóvel;VW/GOL 1.0;2004;Passageiro;Óbito;16;Masculino;0;0;0;1;-25,20027732;-50,59805679;SPRF-PR;DEL03-PR;UOP01-DEL03-PR