id;pesid;data_inversa;dia_semana;horario;uf;br;km;municipio;causa_principal;causa_acidente;ordem_tipo_acidente;tipo_acidente;classificacao_acidente;fase_dia;sentido_via;condicao_metereologica;tipo_pista;tracado_via;uso_solo;id_veiculo;tipo_veiculo;marca;ano_fabricacao_veiculo;tipo_envolvido;estado_fisico;idade;sexo;ilesos;feridos_leves;feridos_graves;mortos;latitude;longitude;regional;delegacia;uop
666213;1503208;09/03/2025;domingo;18:15:00;PR;153;2,2;IMBITUVA;Não;Falta de acostamento;3;Colisão com objeto;Com Vítimas Fatais;Pleno dia;Decrescente;Nublado;Simples;"Reta;Declive";Sim;1199215;Automóvel;VW/GOL 1.0;2004;Passageiro;Óbito;16;Masculino;0;0;0;1;-25,20027732;-50,59805679;SPRF-PR;DEL03-PR;UOP01-DEL03-PR
666213;1503208;09/03/2025;domingo;18:15:00;PR;153;2,2;IMBITUVA;Não;Falta de acostamento;2;Saída de leito carroçável;Com Vítimas Fatais;Pleno dia;Decrescente;Nublado;Simples;"Reta;Declive";Sim;1199215;Automóvel;VW/GOL 1.0;2004;Passageiro;Óbito;16;Masculino;0;0;0;1;-25,20027732;-50,59805679;SPRF-PR;DEL03-PR;UOP01-DEL03-PR
666213;1503208;09/03/2025;domingo;18:15:00;PR;153;2,2;IMBITUVA;Não;Falta de acostamento;1;Saída de leito carroçável;Com Vítimas Fatais;Pleno dia;Decrescente;Nublado;Simples;"Reta;Declive";Sim;1199215;Automóvel;VW/GOL 1.0;2004;Passageiro;Óbito;16;Masculino;0;0;0;1;-25,20027732;-50,59805679;SPRF-PR;DEL03-PR;UOP01-DEL03-PR
666213;1503208;09/03/2025;domingo;18:15:00;PR;153;2,2;IMBITUVA;Não;Velocidade Incompatível;3;Colisão com objeto;Com Vítimas Fatais;Pleno dia;Decrescente;Nublado;Simples;"Reta;Declive";Sim;1199215;Automóvel;VW/GOL 1.0;2004;Passageiro;Óbito;16;Masculino;0;0;0;1;-25,20027732;-50,59805679;SPRF-PR;DEL03-PR;UOP01-DEL03-PR
666213;1503208;09/03/2025;domingo;18:15:00;PR;153;2,2;IMBITUVA;Não;Velocidade Incompatível;2;Saída de leito carroçável;Com Vítimas Fatais;Pleno dia;Decrescente;Nublado;Simples;"Reta;Declive";Sim;1199215;Automóvel;VW/GOL 1.0;2004;Passageiro;Óbito;16;Masculino;0;0;0;1;-25,20027732;-50,59805679;SPRF-PR;DEL03-PR;UOP01-DEL03-PR
666213;1503208;09/03/2025;domingo;18:15:00;PR;153;2,2;IMBITUVA;Não;Velocidade Incompatível;1;Saída de leito carroçável;Com Vítimas Fatais;Pleno dia;Decrescente;Nublado;Simples;"Reta;Declive";Sim;1199215;Automóvel;VW/GOL 1.0;2004;Passageiro;Óbito;16;Masculino;0;0;0;1;-25,20027732;-50,59805679;SPRF-PR;DEL03-PR;UOP01-DEL03-PR
666213;1503208;09/03/2025;domingo;18:15:00;PR;153;2,2;IMBITUVA;Sim;Participar de racha;3;Colisão com objeto;Com Vítimas Fatais;Pleno dia;Decrescente;Nublado;Simples;"Reta;Declive";Sim;1199215;Automóvel;VW/GOL 1.0;2004;Passageiro;Óbito;16;Masculino;0;0;0;1;-25,20027732;-50,59805679;SPRF-PR;DEL03-PR;UOP01-DEL03-PR
666213;1503208;09/03/2025;domingo;18:15:00;PR;153;2,2;IMBITUVA;Sim;Participar de racha;2;Saída de leito carroçável;Com Vítimas Fatais;Pleno dia;Decrescente;Nublado;Simples;"Reta;Declive";Sim;1199215;Automóvel;VW/GOL 1.0;2004;Passageiro;Óbito;16;Masculino;0;0;0;1;-25,20027732;-50,59805679;SPRF-PR;DEL03-PR;UOP01-DEL03-PR
666213;1503208;09/03/2025;domingo;18:15:00;PR;153;2,2;IMBITUVA;Sim;Participar de racha;1;Saída de leito carroçável;Com Vítimas Fatais;Pleno dia;Decrescente;Nublado;Simples;"Reta;Declive";Sim;1199215;Automóvel;VW/GOL 1.0;2004;Passageiro;Óbito;16;Masculino;0;0;0;1;-25,20027732;-50,59805679;SPRF-PR;DEL03-PR;UOP01-DEL03-PR
666218;1503154;09/03/2025;domingo;18:30:00;PR;277;32;MORRETES;Sim;Reação tardia ou ineficiente do condutor;1;Colisão com objeto;Com Vítimas Feridas;Anoitecer;Decrescente;Chuva;Dupla;"Declive;Curva";Não;1199180;Automóvel;CHEVROLET/COBALT 18A LTZ;2018;Passageiro;Ileso;13;Feminino;1;0;0;0;-25,56536215;-48,81195545;SPRF-PR;DEL01-PR;UOP05-DEL01-PR
666218;1503150;09/03/2025;domingo;18:30:00;PR;277;32;MORRETES;Sim;Reação tardia ou ineficiente do condutor;1;Colisão com objeto;Com Vítimas Feridas;Anoitecer;Decrescente;Chuva;Dupla;"Declive;Curva";Não;1199179;Automóvel;GM/CORSA HATCH JOY;2007;Passageiro;Ileso;7;Feminino;1;0;0;0;-25,56536215;-48,81195545;SPRF-PR;DEL01-PR;UOP05-DEL01-PR
666230;1504950;09/03/2025;domingo;20:30:00;PR;376;667;GUARATUBA;Não;Velocidade Incompatível;3;Saída de leito carroçável;Com Vítimas Feridas;Plena Noite;Crescente;Chuva;Dupla;Curva;Não;1199223;Automóvel;HYUNDAI/HB20S 1.6A PREM;2014;Passageiro;Ileso;1;Masculino;1;0;0;0;-25,93671835;-48,9100777;SPRF-PR;DEL01-PR;UOP04-DEL01-PR
666230;1504938;09/03/2025;domingo;20:30:00;PR;376;667;GUARATUBA;Não;Velocidade Incompatível;3;Saída de leito carroçável;Com Vítimas Feridas;Plena Noite;Crescente;Chuva;Dupla;Curva;Não;1199223;Automóvel;HYUNDAI/HB20S 1.6A PREM;2014;Passageiro;Ileso;3;Feminino;1;0;0;0;-25,93671835;-48,9100777;SPRF-PR;DEL01-PR;UOP04-DEL01-PR
666230;1504935;09/03/2025;domingo;20:30:00;PR;376;667;GUARATUBA;Não;Velocidade Incompatível;3;Saída de leito carroçável;Com Vítimas Feridas;Plena Noite;Crescente;Chuva;Dupla;Curva;Não;1199223;Automóvel;HYUNDAI/HB20S 1.6A PREM;2014;Passageiro;Ileso;13;Feminino;1;0;0;0;-25,93671835;-48,9100777;SPRF-PR;DEL01-PR;UOP04-DEL01-PR
666230;1504950;09/03/2025;domingo;20:30:00;PR;376;667;GUARATUBA;Não;Velocidade Incompatível;2;Colisão traseira;Com Vítimas Feridas;Plena Noite;Crescente;Chuva;Dupla;Curva;Não;1199223;Automóvel;HYUNDAI/HB20S 1.6A PREM;2014;Passageiro;Ileso;1;Masculino;1;0;0;0;-25,93671835;-48,9100777;SPRF-PR;DEL01-PR;UOP04-DEL01-PR
666230;1504938;09/03/2025;domingo;20:30:00;PR;376;667;GUARATUBA;Não;Velocidade Incompatível;2;Colisão traseira;Com Vítimas Feridas;Plena Noite;Crescente;Chuva;Dupla;Curva;Não;1199223;Automóvel;HYUNDAI/HB20S 1.6A PREM;2014;Passageiro;Ileso;3;Feminino;1;0;0;0;-25,93671835;-48,9100777;SPRF-PR;DEL01-PR;UOP04-DEL01-PR
666230;1504935;09/03/2025;domingo;20:30:00;PR;376;667;GUARATUBA;Não;Velocidade Incompatível;2;Colisão traseira;Com Vítimas Feridas;Plena Noite;Crescente;Chuva;Dupla;Curva;Não;1199223;Automóvel;HYUNDAI/HB20S 1.6A PREM;2014;Passageiro;Ileso;13;Feminino;1;0;0;0;-25,93671835;-48,9100777;SPRF-PR;DEL01-PR;UOP04-DEL01-PR
666230;1504950;09/03/2025;domingo;20:30:00;PR;376;667;GUARATUBA;Não;Velocidade Incompatível;1;Saída de leito carroçável;Com Vítimas Feridas;Plena Noite;Crescente;Chuva;Dupla;Curva;Não;1199223;Automóvel;HYUNDAI/HB20S 1.6A PREM;2014;Passageiro;Ileso;1;Masculino;1;0;0;0;-25,93671835;-48,9100777;SPRF-PR;DEL01-PR;UOP04-DEL01-PR
666230;1504938;09/03/2025;domingo;20:30:00;PR;376;667;GUARATUBA;Não;Velocidade Incompatível;1;Saída de leito carroçável;Com Vítimas Feridas;Plena Noite;Crescente;Chuva;Dupla;Curva;Não;1199223;Automóvel;HYUNDAI/HB20S 1.6A PREM;2014;Passageiro;Ileso;3;Feminino;1;0;0;0;-25,93671835;-48,9100777;SPRF-PR;DEL01-PR;UOP04-DEL01-PR
666230;1504935;09/03/2025;domingo;20:30:00;PR;376;667;GUARATUBA;Não;Velocidade Incompatível;1;Saída de leito carroçável;Com Vítimas Feridas;Plena Noite;Crescente;Chuva;Dupla;Curva;Não;1199223;Automóvel;HYUNDAI/HB20S 1.6A PREM;2014;Passageiro;Ileso;13;Feminino;1;0;0;0;-25,93671835;-48,9100777;SPRF-PR;DEL01-PR;UOP04-DEL01-PR
666230;1504950;09/03/2025;domingo;20:30:00;PR;376;667;GUARATUBA;Sim;Acumulo de água sobre o pavimento;3;Saída de leito carroçável;Com Vítimas Feridas;Plena Noite;Crescente;Chuva;Dupla;Curva;Não;1199223;Automóvel;HYUNDAI/HB20S 1.6A PREM;2014;Passageiro;Ileso;1;Masculino;1;0;0;0;-25,93671835;-48,9100777;SPRF-PR;DEL01-PR;UOP04-DEL01-PR
666230;1504938;09/03/2025;domingo;20:30:00;PR;376;667;GUARATUBA;Sim;Acumulo de água sobre o pavimento;3;Saída de leito carroçável;Com Vítimas Feridas;Plena Noite;Crescente;Chuva;Dupla;Curva;Não;1199223;Automóvel;HYUNDAI/HB20S 1.6A PREM;2014;Passageiro;Ileso;3;Feminino;1;0;0;0;-25,93671835;-48,9100777;SPRF-PR;DEL01-PR;UOP04-DEL01-PR
666230;1504935;09/03/2025;domingo;20:30:00;PR;376;667;GUARATUBA;Sim;Acumulo de água sobre o pavimento;3;Saída de leito carroçável;Com Vítimas Feridas;Plena Noite;Crescente;Chuva;Dupla;Curva;Não;1199223;Automóvel;HYUNDAI/HB20S 1.6A PREM;2014;Passageiro;Ileso;13;Feminino;1;0;0;0;-25,93671835;-48,9100777;SPRF-PR;DEL01-PR;UOP04-DEL01-PR
666230;1504950;09/03/2025;domingo;20:30:00;PR;376;667;GUARATUBA;Sim;Acumulo de água sobre o pavimento;2;Colisão traseira;Com Vítimas Feridas;Plena Noite;Crescente;Chuva;Dupla;Curva;Não;1199223;Automóvel;HYUNDAI/HB20S 1.6A PREM;2014;Passageiro;Ileso;1;Masculino;1;0;0;0;-25,93671835;-48,9100777;SPRF-PR;DEL01-PR;UOP04-DEL01-PR
666230;1504938;09/03/2025;domingo;20:30:00;PR;376;667;GUARATUBA;Sim;Acumulo de água sobre o pavimento;2;Colisão traseira;Com Vítimas Feridas;Plena Noite;Crescente;Chuva;Dupla;Curva;Não;1199223;Automóvel;HYUNDAI/HB20S 1.6A PREM;2014;Passageiro;Ileso;3;Feminino;1;0;0;0;-25,93671835;-48,9100777;SPRF-PR;DEL01-PR;UOP04-DEL01-PR
666230;1504935;09/03/2025;domingo;20:30:00;PR;376;667;GUARATUBA;Sim;Acumulo de água sobre o pavimento;2;Colisão traseira;Com Vítimas Feridas;Plena Noite;Crescente;Chuva;Dupla;Curva;Não;1199223;Automóvel;HYUNDAI/HB20S 1.6A PREM;2014;Passageiro;Ileso;13;Feminino;1;0;0;0;-25,93671835;-48,9100777;SPRF-PR;DEL01-PR;UOP04-DEL01-PR
666230;1504950;09/03/2025;domingo;20:30:00;PR;376;667;GUARATUBA;Sim;Acumulo de água sobre o pavimento;1;Saída de leito carroçável;Com Vítimas Feridas;Plena Noite;Crescente;Chuva;Dupla;Curva;Não;1199223;Automóvel;HYUNDAI/HB20S 1.6A PREM;2014;Passageiro;Ileso;1;Masculino;1;0;0;0;-25,93671835;-48,9100777;SPRF-PR;DEL01-PR;UOP04-DEL01-PR
666230;1504938;09/03/2025;domingo;20:30:00;PR;376;667;GUARATUBA;Sim;Acumulo de água sobre o pavimento;1;Saída de leito carroçável;Com Vítimas Feridas;Plena Noite;Crescente;Chuva;Dupla;Curva;Não;1199223;Automóvel;HYUNDAI/HB20S 1.6A PREM;2014;Passageiro;Ileso;3;Feminino;1;0;0;0;-25,93671835;-48,9100777;SPRF-PR;DEL01-PR;UOP04-DEL01-PR
666230;1504935;09/03/2025;domingo;20:30:00;PR;376;667;GUARATUBA;Sim;Acumulo de água sobre o pavimento;1;Saída de leito carroçável;Com Vítimas Feridas;Plena Noite;Crescente;Chuva;Dupla;Curva;Não;1199223;Automóvel;HYUNDAI/HB20S 1.6A PREM;2014;Passageiro;Ileso;13;Feminino;1;0;0;0;-25,93671835;-48,9100777;SPRF-PR;DEL01-PR;UOP04-DEL01-PR
666268;1503304;09/03/2025;domingo;21:40:00;PR;376;456,9;TIBAGI;Não;Iluminação deficiente;1;Colisão traseira;Com Vítimas Feridas;Plena Noite;Crescente;Nublado;Dupla;"Reta;Desvio Temporário";Não;1199243;Automóvel;HONDA/CIVIC LXS FLEX;2007;Passageiro;Ileso;8;Masculino;1;0;0;0;-24,923489;-50,409181;SPRF-PR;DEL03-PR;UOP01-DEL03-PR
666268;1503299;09/03/2025;domingo;21:40:00;PR;376;456,9;TIBAGI;Não;Iluminação deficiente;1;Colisão traseira;Com Vítimas Feridas;Plena Noite;Crescente;Nublado;Dupla;"Reta;Desvio Temporário";Não;1199243;Automóvel;HONDA/CIVIC LXS FLEX;2007;Passageiro;Ileso;3;Feminino;1;0;0;0;-24,923489;-50,409181;SPRF-PR;DEL03-PR;UOP01-DEL03-PR
666268;1503304;09/03/2025;domingo;21:40:00;PR;376;456,9;TIBAGI;Não;Ausência de sinalização;1;Colisão traseira;Com Vítimas Feridas;Plena Noite;Crescente;Nublado;Dupla;"Reta;Desvio Temporário";Não;1199243;Automóvel;HONDA/CIVIC LXS FLEX;2007;Passageiro;Ileso;8;Masculino;1;0;0;0;-24,923489;-50,409181;SPRF-PR;DEL03-PR;UOP01-DEL03-PR
666268;1503299;09/03/2025;domingo;21:40:00;PR;376;456,9;TIBAGI;Não;Ausência de sinalização;1;Colisão traseira;Com Vítimas Feridas;Plena Noite;Crescente;Nublado;Dupla;"Reta;Desvio Temporário";Não;1199243;Automóvel;HONDA/CIVIC LXS FLEX;2007;Passageiro;Ileso;3;Feminino;1;0;0;0;-24,923489;-50,409181;SPRF-PR;DEL03-PR;UOP01-DEL03-PR
666268;1503304;09/03/2025;domingo;21:40:00;PR;376;456,9;TIBAGI;Sim;Reação tardia ou ineficiente do condutor;1;Colisão traseira;Com Vítimas Feridas;Plena Noite;Crescente;Nublado;Dupla;"Reta;Desvio Temporário";Não;1199243;Automóvel;HONDA/CIVIC LXS FLEX;2007;Passageiro;Ileso;8;Masculino;1;0;0;0;-24,923489;-50,409181;SPRF-PR;DEL03-PR;UOP01-DEL03-PR
666268;1503299;09/03/2025;domingo;21:40:00;PR;376;456,9;TIBAGI;Sim;Reação tardia ou ineficiente do condutor;1;Colisão traseira;Com Vítimas Feridas;Plena Noite;Crescente;Nublado;Dupla;"Reta;Desvio Temporário";Não;1199243;Automóvel;HONDA/CIVIC LXS FLEX;2007;Passageiro;Ileso;3;Feminino;1;0;0;0;-24,923489;-50,409181;SPRF-PR;DEL03-PR;UOP01-DEL03-PR
666364;1503481;10/03/2025;segunda-feira;12:40:00;PR;158;506,8;CORONEL VIVIDA;Sim;Reação tardia ou ineficiente do condutor;1;Colisão lateral sentido oposto;Com Vítimas Feridas;Pleno dia;Decrescente;Céu Claro;Simples;Curva;Não;1199434;Camioneta;JEEP/RENEGADE LGTD T270;2024;Passageiro;Ileso;10;Feminino;1;0;0;0;-26,02232856;-52,58244731;SPRF-PR;DEL02-PR;UOP01-DEL02-PR
666646;1504198;11/03/2025;terça-feira;15:30:00;PR;277;336,8;GUARAPUAVA;Não;Chuva;1;Saída de leito carroçável;Com Vítimas Feridas;Pleno dia;Crescente;Chuva;Dupla;Curva;Não;1200012;Caminhonete;I/VW AMAROK CD 4X4 TREND;2015;Passageiro;Lesões Leves;3;Masculino;0;1;0;0;-25,33948185;-51,41713019;SPRF-PR;DEL08-PR;UOP01-DEL08-PR
666646;1504198;11/03/2025;terça-feira;15:30:00;PR;277;336,8;GUARAPUAVA;Não;Condutor Dormindo;1;Saída de leito carroçável;Com Vítimas Feridas;Pleno dia;Crescente;Chuva;Dupla;Curva;Não;1200012;Caminhonete;I/VW AMAROK CD 4X4 TREND;2015;Passageiro;Lesões Leves;3;Masculino;0;1;0;0;-25,33948185;-51,41713019;SPRF-PR;DEL08-PR;UOP01-DEL08-PR
666646;1504198;11/03/2025;terça-feira;15:30:00;PR;277;336,8;GUARAPUAVA;Sim;Ausência de reação do condutor;1;Saída de leito carroçável;Com Vítimas Feridas;Pleno dia;Crescente;Chuva;Dupla;Curva;Não;1200012;Caminhonete;I/VW AMAROK CD 4X4 TREND;2015;Passageiro;Lesões Leves;3;Masculino;0;1;0;0;-25,33948185;-51,41713019;SPRF-PR;DEL08-PR;UOP01-DEL08-PR
666867;1507033;13/03/2025;quinta-feira;00:10:00;PR;376;88;PARANAVAI;Não;Demais falhas mecânicas ou elétricas;1;Capotamento;Com Vítimas Fatais;Plena Noite;Crescente;Chuva;Simples;Reta;Não;1200398;Automóvel;VW/GOL 16V PLUS;2001;Passageiro;Lesões Leves;4;Masculino;0;1;0;0;-22,999074;-52,569313;SPRF-PR;DEL09-PR;UOP02-DEL09-PR
666867;1507032;13/03/2025;quinta-feira;00:10:00;PR;376;88;PARANAVAI;Não;Demais falhas mecânicas ou elétricas;1;Capotamento;Com Vítimas Fatais;Plena Noite;Crescente;Chuva;Simples;Reta;Não;1200398;Automóvel;VW/GOL 16V PLUS;2001;Passageiro;Lesões Graves;2;Masculino;0;0;1;0;-22,999074;-52,569313;SPRF-PR;DEL09-PR;UOP02-DEL09-PR
666867;1507033;13/03/2025;quinta-feira;00:10:00;PR;376;88;PARANAVAI;Não;Pista Escorregadia;1;Capotamento;Com Vítimas Fatais;Plena Noite;Crescente;Chuva;Simples;Reta;Não;1200398;Automóvel;VW/GOL 16V PLUS;2001;Passageiro;Lesões Leves;4;Masculino;0;1;0;0;-22,999074;-52,569313;SPRF-PR;DEL09-PR;UOP02-DEL09-PR
666867;1507032;13/03/2025;quinta-feira;00:10:00;PR;376;88;PARANAVAI;Não;Pista Escorregadia;1;Capotamento;Com Vítimas Fatais;Plena Noite;Crescente;Chuva;Simples;Reta;Não;1200398;Automóvel;VW/GOL 16V PLUS;2001;Passageiro;Lesões Graves;2;Masculino;0;0;1;0;-22,999074;-52,569313;SPRF-PR;DEL09-PR;UOP02-DEL09-PR
666867;1507033;13/03/2025;quinta-feira;00:10:00;PR;376;88;PARANAVAI;Sim;Chuva;1;Capotamento;Com Vítimas Fatais;Plena Noite;Crescente;Chuva;Simples;Reta;Não;1200398;Automóvel;VW/GOL 16V PLUS;2001;Passageiro;Lesões Leves;4;Masculino;0;1;0;0;-22,999074;-52,569313;SPRF-PR;DEL09-PR;UOP02-DEL09-PR
666867;1507032;13/03/2025;quinta-feira;00:10:00;PR;376;88;PARANAVAI;Sim;Chuva;1;Capotamento;Com Vítimas Fatais;Plena Noite;Crescente;Chuva;Simples;Reta;Não;1200398;Automóvel;VW/GOL 16V PLUS;2001;Passageiro;Lesões Graves;2;Masculino;0;0;1;0;-22,999074;-52,569313;SPRF-PR;DEL09-PR;UOP02-DEL09-PR
666930;1504782;23/02/2025;domingo;16:40:00;PR;476;14;ADRIANOPOLIS;Não;Transitar na contramão;3;Tombamento;Com Vítimas Feridas;Pleno dia;Decrescente;Céu Claro;Simples;"Curva;Aclive";Não;1200484;Automóvel;FORD/FIESTA SUPERCHARGER;2006;Passageiro;Lesões Leves;8;Feminino;0;1;0;0;-24,73551;-48,984659;SPRF-PR;DEL01-PR;UOP01-DEL01-PR
666930;1504781;23/02/2025;domingo;16:40:00;PR;476;14;ADRIANOPOLIS;Não;Transitar na contramão;3;Tombamento;Com Vítimas Feridas;Pleno dia;Decrescente;Céu Claro;Simples;"Curva;Aclive";Não;1200484;Automóvel;FORD/FIESTA SUPERCHARGER;2006;Passageiro;Lesões Leves;15;Feminino;0;1;0;0;-24,73551;-48,984659;SPRF-PR;DEL01-PR;UOP01-DEL01-PR
666930;1504782;23/02/2025;domingo;16:40:00;PR;476;14;ADRIANOPOLIS;Não;Transitar na contramão;2;Saída de leito carroçável;Com Vítimas Feridas;Pleno dia;Decrescente;Céu Claro;Simples;"Curva;Aclive";Não;1200484;Automóvel;FORD/FIESTA SUPERCHARGER;2006;Passageiro;Lesões Leves;8;Feminino;0;1;0;0;-24,73551;-48,984659;SPRF-PR;DEL01-PR;UOP01-DEL01-PR
666930;1504781;23/02/2025;domingo;16:40:00;PR;476;14;ADRIANOPOLIS;Não;Transitar na contramão;2;Saída de leito carroçável;Com Vítimas Feridas;Pleno dia;Decrescente;Céu Claro;Simples;"Curva;Aclive";Não;1200484;Automóvel;FORD/FIESTA SUPERCHARGER;2006;Passageiro;Lesões Leves;15;Feminino;0;1;0;0;-24,73551;-48,984659;SPRF-PR;DEL01-PR;UOP01-DEL01-PR
666930;1504782;23/02/2025;domingo;16:40:00;PR;476;14;ADRIANOPOLIS;Não;Transitar na contramão;1;Colisão lateral sentido oposto;Com Vítimas Feridas;Pleno dia;Decrescente;Céu Claro;Simples;"Curva;Aclive";Não;1200484;Automóvel;FORD/FIESTA SUPERCHARGER;2006;Passageiro;Lesões Leves;8;Feminino;0;1;0;0;-24,73551;-48,984659;SPRF-PR;DEL01-PR;UOP01-DEL01-PR
666930;1504781;23/02/2025;domingo;16:40:00;PR;476;14;ADRIANOPOLIS;Não;Transitar na contramão;1;Colisão lateral sentido oposto;Com Vítimas Feridas;Pleno dia;Decrescente;Céu Claro;Simples;"Curva;Aclive";Não;1200484;Automóvel;FORD/FIESTA SUPERCHARGER;2006;Passageiro;Lesões Leves;15;Feminino;0;1;0;0;-24,73551;-48,984659;SPRF-PR;DEL01-PR;UOP01-DEL01-PR
666930;1504782;23/02/2025;domingo;16:40:00;PR;476;14;ADRIANOPOLIS;Não;Falta de elemento de contenção que evite a saída do leito carroçável;3;Tombamento;Com Vítimas Feridas;Pleno dia;Decrescente;Céu Claro;Simples;"Curva;Aclive";Não;1200484;Automóvel;FORD/FIESTA SUPERCHARGER;2006;Passageiro;Lesões Leves;8;Feminino;0;1;0;0;-24,73551;-48,984659;SPRF-PR;DEL01-PR;UOP01-DEL01-PR
666930;1504781;23/02/2025;domingo;16:40:00;PR;476;14;ADRIANOPOLIS;Não;Falta de elemento de contenção que evite a saída do leito carroçável;3;Tombamento;Com Vítimas Feridas;Pleno dia;Decrescente;Céu Claro;Simples;"Curva;Aclive";Não;1200484;Automóvel;FORD/FIESTA SUPERCHARGER;2006;Passageiro;Lesões Leves;15;Feminino;0;1;0;0;-24,73551;-48,984659;SPRF-PR;DEL01-PR;UOP01-DEL01-PR
666930;1504782;23/02/2025;domingo;16:40:00;PR;476;14;ADRIANOPOLIS;Não;Falta de elemento de contenção que evite a saída do leito carroçável;2;Saída de leito carroçável;Com Vítimas Feridas;Pleno dia;Decrescente;Céu Claro;Simples;"Curva;Aclive";Não;1200484;Automóvel;FORD/FIESTA SUPERCHARGER;2006;Passageiro;Lesões Leves;8;Feminino;0;1;0;0;-24,73551;-48,984659;SPRF-PR;DEL01-PR;UOP01-DEL01-PR
666930;1504781;23/02/2025;domingo;16:40:00;PR;476;14;ADRIANOPOLIS;Não;Falta de elemento de contenção que evite a saída do leito carroçável;2;Saída de leito carroçável;Com Vítimas Feridas;Pleno dia;Decrescente;Céu Claro;Simples;"Curva;Aclive";Não;1200484;Automóvel;FORD/FIESTA SUPERCHARGER;2006;Passageiro;Lesões Leves;15;Feminino;0;1;0;0;-24,73551;-48,984659;SPRF-PR;DEL01-PR;UOP01-DEL01-PR
666930;1504782;23/02/2025;domingo;16:40:00;PR;476;14;ADRIANOPOLIS;Não;Falta de elemento de contenção que evite a saída do leito carroçável;1;Colisão lateral sentido oposto;Com Vítimas Feridas;Pleno dia;Decrescente;Céu Claro;Simples;"Curva;Aclive";Não;1200484;Automóvel;FORD/FIESTA SUPERCHARGER;2006;Passageiro;Lesões Leves;8;Feminino;0;1;0;0;-24,73551;-48,984659;SPRF-PR;DEL01-PR;UOP01-DEL01-PR
666930;1504781;23/02/2025;domingo;16:40:00;PR;476;14;ADRIANOPOLIS;Não;Falta de elemento de contenção que evite a saída do leito carroçável;1;Colisão lateral sentido oposto;Com Vítimas Feridas;Pleno dia;Decrescente;Céu Claro;Simples;"Curva;Aclive";Não;1200484;Automóvel;FORD/FIESTA SUPERCHARGER;2006;Passageiro;Lesões Leves;15;Feminino;0;1;0;0;-24,73551;-48,984659;SPRF-PR;DEL01-PR;UOP01-DEL01-PR
666930;1504782;23/02/2025;domingo;16:40:00;PR;476;14;ADRIANOPOLIS;Não;Curva acentuada;3;Tombamento;Com Vítimas Feridas;Pleno dia;Decrescente;Céu Claro;Simples;"Curva;Aclive";Não;1200484;Automóvel;FORD/FIESTA SUPERCHARGER;2006;Passageiro;Lesões Leves;8;Feminino;0;1;0;0;-24,73551;-48,984659;SPRF-PR;DEL01-PR;UOP01-DEL01-PR
666930;1504781;23/02/2025;domingo;16:40:00;PR;476;14;ADRIANOPOLIS;Não;Curva acentuada;3;Tombamento;Com Vítimas Feridas;Pleno dia;Decrescente;Céu Claro;Simples;"Curva;Aclive";Não;1200484;Automóvel;FORD/FIESTA SUPERCHARGER;2006;Passageiro;Lesões Leves;15;Feminino;0;1;0;0;-24,73551;-48,984659;SPRF-PR;DEL01-PR;UOP01-DEL01-PR
666930;1504782;23/02/2025;domingo;16:40:00;PR;476;14;ADRIANOPOLIS;Não;Curva acentuada;2;Saída de leito carroçável;Com Vítimas Feridas;Pleno dia;Decrescente;Céu Claro;Simples;"Curva;Aclive";Não;1200484;Automóvel;FORD/FIESTA SUPERCHARGER;2006;Passageiro;Lesões Leves;8;Feminino;0;1;0;0;-24,73551;-48,984659;SPRF-PR;DEL01-PR;UOP01-DEL01-PR
666930;1504781;23/02/2025;domingo;16:40:00;PR;476;14;ADRIANOPOLIS;Não;Curva acentuada;2;Saída de leito carroçável;Com Vítimas Feridas;Pleno dia;Decrescente;Céu Claro;Simples;"Curva;Aclive";Não;1200484;Automóvel;FORD/FIESTA SUPERCHARGER;2006;Passageiro;Lesões Leves;15;Feminino;0;1;0;0;-24,73551;-48,984659;SPRF-PR;DEL01-PR;UOP01-DEL01-PR
666930;1504782;23/02/2025;domingo;16:40:00;PR;476;14;ADRIANOPOLIS;Não;Curva acentuada;1;Colisão lateral sentido oposto;Com Vítimas Feridas;Pleno dia;Decrescente;Céu Claro;Simples;"Curva;Aclive";Não;1200484;Automóvel;FORD/FIESTA SUPERCHARGER;2006;Passageiro;Lesões Leves;8;Feminino;0;1;0;0;-24,73551;-48,984659;SPRF-PR;DEL01-PR;UOP01-DEL01-PR
666930;1504781;23/02/2025;domingo;16:40:00;PR;476;14;ADRIANOPOLIS;Não;Curva acentuada;1;Colisão lateral sentido oposto;Com Vítimas Feridas;Pleno dia;Decrescente;Céu Claro;Simples;"Curva;Aclive";Não;1200484;Automóvel;FORD/FIESTA SUPERCHARGER;2006;Passageiro;Lesões Leves;15;Feminino;0;1;0;0;-24,73551;-48,984659;SPRF-PR;DEL01-PR;UOP01-DEL01-PR
666930;1504782;23/02/2025;domingo;16:40:00;PR;476;14;ADRIANOPOLIS;Não;Ausência de reação do condutor;3;Tombamento;Com Vítimas Feridas;Pleno dia;Decrescente;Céu Claro;Simples;"Curva;Aclive";Não;1200484;Automóvel;FORD/FIESTA SUPERCHARGER;2006;Passageiro;Lesões Leves;8;Feminino;0;1;0;0;-24,73551;-48,984659;SPRF-PR;DEL01-PR;UOP01-DEL01-PR