id;pesid;data_inversa;dia_semana;horario;uf;br;km;municipio;causa_principal;causa_acidente;ordem_tipo_acidente;tipo_acidente;classificacao_acidente;fase_dia;sentido_via;condicao_metereologica;tipo_pista;tracado_via;uso_solo;id_veiculo;tipo_veiculo;marca;ano_fabricacao_veiculo;tipo_envolvido;estado_fisico;idade;sexo;ilesos;feridos_leves;feridos_graves;mortos;latitude;longitude;regional;delegacia;uop
669059;1509915;23/03/2025;domingo;12:00:00;PR;376;359,1;ORTIGUEIRA;Não;Reação tardia ou ineficiente do condutor;3;Saída de leito carroçável;Com Vítimas Feridas;Pleno dia;Crescente;Céu Claro;Simples;Curva;Não;1204567;Utilitário;I/VW TIGUAN 2.0 TSI;2013;Passageiro;Lesões Leves;1;Masculino;0;1;0;0;-24,26810252;-50,89366078;SPRF-PR;DEL07-PR;UOP02-DEL07-PR
669059;1509914;23/03/2025;domingo;12:00:00;PR;376;359,1;ORTIGUEIRA;Não;Reação tardia ou ineficiente do condutor;3;Saída de leito carroçável;Com Vítimas Feridas;Pleno dia;Crescente;Céu Claro;Simples;Curva;Não;1204567;Utilitário;I/VW TIGUAN 2.0 TSI;2013;Passageiro;Lesões Leves;1;Masculino;0;1;0;0;-24,26810252;-50,89366078;SPRF-PR;DEL07-PR;UOP02-DEL07-PR
669059;1509915;23/03/2025;domingo;12:00:00;PR;376;359,1;ORTIGUEIRA;Não;Reação tardia ou ineficiente do condutor;1;Colisão frontal;Com Vítimas Feridas;Pleno dia;Crescente;Céu Claro;Simples;Curva;Não;1204567;Utilitário;I/VW TIGUAN 2.0 TSI;2013;Passageiro;Lesões Leves;1;Masculino;0;1;0;0;-24,26810252;-50,89366078;SPRF-PR;DEL07-PR;UOP02-DEL07-PR
669059;1509914;23/03/2025;domingo;12:00:00;PR;376;359,1;ORTIGUEIRA;Não;Reação tardia ou ineficiente do condutor;1;Colisão frontal;Com Vítimas Feridas;Pleno dia;Crescente;Céu Claro;Simples;Curva;Não;1204567;Utilitário;I/VW TIGUAN 2.0 TSI;2013;Passageiro;Lesões Leves;1;Masculino;0;1;0;0;-24,26810252;-50,89366078;SPRF-PR;DEL07-PR;UOP02-DEL07-PR
669059;1509915;23/03/2025;domingo;12:00:00;PR;376;359,1;ORTIGUEIRA;Não;Falta de elemento de contenção que evite a saída do leito carroçável;2;Capotamento;Com Vítimas Feridas;Pleno dia;Crescente;Céu Claro;Simples;Curva;Não;1204567;Utilitário;I/VW TIGUAN 2.0 TSI;2013;Passageiro;Lesões Leves;1;Masculino;0;1;0;0;-24,26810252;-50,89366078;SPRF-PR;DEL07-PR;UOP02-DEL07-PR
669059;1509914;23/03/2025;domingo;12:00:00;PR;376;359,1;ORTIGUEIRA;Não;Falta de elemento de contenção que evite a saída do leito carroçável;2;Capotamento;Com Vítimas Feridas;Pleno dia;Crescente;Céu Claro;Simples;Curva;Não;1204567;Utilitário;I/VW TIGUAN 2.0 TSI;2013;Passageiro;Lesões Leves;1;Masculino;0;1;0;0;-24,26810252;-50,89366078;SPRF-PR;DEL07-PR;UOP02-DEL07-PR
669059;1509915;23/03/2025;domingo;12:00:00;PR;376;359,1;ORTIGUEIRA;Não;Falta de elemento de contenção que evite a saída do leito carroçável;5;Colisão com objeto;Com Vítimas Feridas;Pleno dia;Crescente;Céu Claro;Simples;Curva;Não;1204567;Utilitário;I/VW TIGUAN 2.0 TSI;2013;Passageiro;Lesões Leves;1;Masculino;0;1;0;0;-24,26810252;-50,89366078;SPRF-PR;DEL07-PR;UOP02-DEL07-PR
669059;1509914;23/03/2025;domingo;12:00:00;PR;376;359,1;ORTIGUEIRA;Não;Falta de elemento de contenção que evite a saída do leito carroçável;5;Colisão com objeto;Com Vítimas Feridas;Pleno dia;Crescente;Céu Claro;Simples;Curva;Não;1204567;Utilitário;I/VW TIGUAN 2.0 TSI;2013;Passageiro;Lesões Leves;1;Masculino;0;1;0;0;-24,26810252;-50,89366078;SPRF-PR;DEL07-PR;UOP02-DEL07-PR
669059;1509915;23/03/2025;domingo;12:00:00;PR;376;359,1;ORTIGUEIRA;Não;Falta de elemento de contenção que evite a saída do leito carroçável;4;Saída de leito carroçável;Com Vítimas Feridas;Pleno dia;Crescente;Céu Claro;Simples;Curva;Não;1204567;Utilitário;I/VW TIGUAN 2.0 TSI;2013;Passageiro;Lesões Leves;1;Masculino;0;1;0;0;-24,26810252;-50,89366078;SPRF-PR;DEL07-PR;UOP02-DEL07-PR
669059;1509914;23/03/2025;domingo;12:00:00;PR;376;359,1;ORTIGUEIRA;Não;Falta de elemento de contenção que evite a saída do leito carroçável;4;Saída de leito carroçável;Com Vítimas Feridas;Pleno dia;Crescente;Céu Claro;Simples;Curva;Não;1204567;Utilitário;I/VW TIGUAN 2.0 TSI;2013;Passageiro;Lesões Leves;1;Masculino;0;1;0;0;-24,26810252;-50,89366078;SPRF-PR;DEL07-PR;UOP02-DEL07-PR
669059;1509915;23/03/2025;domingo;12:00:00;PR;376;359,1;ORTIGUEIRA;Não;Falta de elemento de contenção que evite a saída do leito carroçável;3;Saída de leito carroçável;Com Vítimas Feridas;Pleno dia;Crescente;Céu Claro;Simples;Curva;Não;1204567;Utilitário;I/VW TIGUAN 2.0 TSI;2013;Passageiro;Lesões Leves;1;Masculino;0;1;0;0;-24,26810252;-50,89366078;SPRF-PR;DEL07-PR;UOP02-DEL07-PR
669059;1509914;23/03/2025;domingo;12:00:00;PR;376;359,1;ORTIGUEIRA;Não;Falta de elemento de contenção que evite a saída do leito carroçável;3;Saída de leito carroçável;Com Vítimas Feridas;Pleno dia;Crescente;Céu Claro;Simples;Curva;Não;1204567;Utilitário;I/VW TIGUAN 2.0 TSI;2013;Passageiro;Lesões Leves;1;Masculino;0;1;0;0;-24,26810252;-50,89366078;SPRF-PR;DEL07-PR;UOP02-DEL07-PR
669059;1509915;23/03/2025;domingo;12:00:00;PR;376;359,1;ORTIGUEIRA;Não;Falta de elemento de contenção que evite a saída do leito carroçável;1;Colisão frontal;Com Vítimas Feridas;Pleno dia;Crescente;Céu Claro;Simples;Curva;Não;1204567;Utilitário;I/VW TIGUAN 2.0 TSI;2013;Passageiro;Lesões Leves;1;Masculino;0;1;0;0;-24,26810252;-50,89366078;SPRF-PR;DEL07-PR;UOP02-DEL07-PR
669059;1509914;23/03/2025;domingo;12:00:00;PR;376;359,1;ORTIGUEIRA;Não;Falta de elemento de contenção que evite a saída do leito carroçável;1;Colisão frontal;Com Vítimas Feridas;Pleno dia;Crescente;Céu Claro;Simples;Curva;Não;1204567;Utilitário;I/VW TIGUAN 2.0 TSI;2013;Passageiro;Lesões Leves;1;Masculino;0;1;0;0;-24,26810252;-50,89366078;SPRF-PR;DEL07-PR;UOP02-DEL07-PR
669059;1509915;23/03/2025;domingo;12:00:00;PR;376;359,1;ORTIGUEIRA;Não;Ausência de reação do condutor;2;Capotamento;Com Vítimas Feridas;Pleno dia;Crescente;Céu Claro;Simples;Curva;Não;1204567;Utilitário;I/VW TIGUAN 2.0 TSI;2013;Passageiro;Lesões Leves;1;Masculino;0;1;0;0;-24,26810252;-50,89366078;SPRF-PR;DEL07-PR;UOP02-DEL07-PR
669059;1509914;23/03/2025;domingo;12:00:00;PR;376;359,1;ORTIGUEIRA;Não;Ausência de reação do condutor;2;Capotamento;Com Vítimas Feridas;Pleno dia;Crescente;Céu Claro;Simples;Curva;Não;1204567;Utilitário;I/VW TIGUAN 2.0 TSI;2013;Passageiro;Lesões Leves;1;Masculino;0;1;0;0;-24,26810252;-50,89366078;SPRF-PR;DEL07-PR;UOP02-DEL07-PR
669059;1509915;23/03/2025;domingo;12:00:00;PR;376;359,1;ORTIGUEIRA;Não;Ausência de reação do condutor;5;Colisão com objeto;Com Vítimas Feridas;Pleno dia;Crescente;Céu Claro;Simples;Curva;Não;1204567;Utilitário;I/VW TIGUAN 2.0 TSI;2013;Passageiro;Lesões Leves;1;Masculino;0;1;0;0;-24,26810252;-50,89366078;SPRF-PR;DEL07-PR;UOP02-DEL07-PR
669059;1509914;23/03/2025;domingo;12:00:00;PR;376;359,1;ORTIGUEIRA;Não;Ausência de reação do condutor;5;Colisão com objeto;Com Vítimas Feridas;Pleno dia;Crescente;Céu Claro;Simples;Curva;Não;1204567;Utilitário;I/VW TIGUAN 2.0 TSI;2013;Passageiro;Lesões Leves;1;Masculino;0;1;0;0;-24,26810252;-50,89366078;SPRF-PR;DEL07-PR;UOP02-DEL07-PR
669059;1509915;23/03/2025;domingo;12:00:00;PR;376;359,1;ORTIGUEIRA;Não;Ausência de reação do condutor;4;Saída de leito carroçável;Com Vítimas Feridas;Pleno dia;Crescente;Céu Claro;Simples;Curva;Não;1204567;Utilitário;I/VW TIGUAN 2.0 TSI;2013;Passageiro;Lesões Leves;1;Masculino;0;1;0;0;-24,26810252;-50,89366078;SPRF-PR;DEL07-PR;UOP02-DEL07-PR
669059;1509914;23/03/2025;domingo;12:00:00;PR;376;359,1;ORTIGUEIRA;Não;Ausência de reação do condutor;4;Saída de leito carroçável;Com Vítimas Feridas;Pleno dia;Crescente;Céu Claro;Simples;Curva;Não;1204567;Utilitário;I/VW TIGUAN 2.0 TSI;2013;Passageiro;Lesões Leves;1;Masculino;0;1;0;0;-24,26810252;-50,89366078;SPRF-PR;DEL07-PR;UOP02-DEL07-PR
669059;1509915;23/03/2025;domingo;12:00:00;PR;376;359,1;ORTIGUEIRA;Não;Ausência de reação do condutor;3;Saída de leito carroçável;Com Vítimas Feridas;Pleno dia;Crescente;Céu Claro;Simples;Curva;Não;1204567;Utilitário;I/VW TIGUAN 2.0 TSI;2013;Passageiro;Lesões Leves;1;Masculino;0;1;0;0;-24,26810252;-50,89366078;SPRF-PR;DEL07-PR;UOP02-DEL07-PR
669059;1509914;23/03/2025;domingo;12:00:00;PR;376;359,1;ORTIGUEIRA;Não;Ausência de reação do condutor;3;Saída de leito carroçável;Com Vítimas Feridas;Pleno dia;Crescente;Céu Claro;Simples;Curva;Não;1204567;Utilitário;I/VW TIGUAN 2.0 TSI;2013;Passageiro;Lesões Leves;1;Masculino;0;1;0;0;-24,26810252;-50,89366078;SPRF-PR;DEL07-PR;UOP02-DEL07-PR
669059;1509915;23/03/2025;domingo;12:00:00;PR;376;359,1;ORTIGUEIRA;Não;Ausência de reação do condutor;1;Colisão frontal;Com Vítimas Feridas;Pleno dia;Crescente;Céu Claro;Simples;Curva;Não;1204567;Utilitário;I/VW TIGUAN 2.0 TSI;2013;Passageiro;Lesões Leves;1;Masculino;0;1;0;0;-24,26810252;-50,89366078;SPRF-PR;DEL07-PR;UOP02-DEL07-PR
669059;1509914;23/03/2025;domingo;12:00:00;PR;376;359,1;ORTIGUEIRA;Não;Ausência de reação do condutor;1;Colisão frontal;Com Vítimas Feridas;Pleno dia;Crescente;Céu Claro;Simples;Curva;Não;1204567;Utilitário;I/VW TIGUAN 2.0 TSI;2013;Passageiro;Lesões Leves;1;Masculino;0;1;0;0;-24,26810252;-50,89366078;SPRF-PR;DEL07-PR;UOP02-DEL07-PR
669171;1511826;23/03/2025;domingo;22:50:00;PR;376;600;CURITIBA;Sim;Ausência de reação do condutor;1;Colisão traseira;Com Vítimas Feridas;Plena Noite;Decrescente;Nublado;Dupla;"Reta;Declive";Sim;1204799;Automóvel;HYUNDAI/HB20 1.0M COMFOR;2016;Passageiro;Ileso;13;Masculino;1;0;0;0;-25,525394;-49,330415;SPRF-PR;DEL01-PR;UOP06-DEL01-PR
669313;1510469;02/03/2025;domingo;17:45:00;PR;277;517,9;GUARANIACU;Sim;Acessar a via sem observar a presença dos outros veículos;2;Saída de leito carroçável;Com Vítimas Fatais;Pleno dia;Crescente;Céu Claro;Simples;Reta;Sim;1205019;Camioneta;JEEP/RENEGADE SPORT AT;2021;Passageiro;Lesões Leves;4;Feminino;0;1;0;0;-25,11000517;-52,85260677;SPRF-PR;DEL04-PR;UOP04-DEL04-PR
669313;1510469;02/03/2025;domingo;17:45:00;PR;277;517,9;GUARANIACU;Sim;Acessar a via sem observar a presença dos outros veículos;1;Colisão transversal;Com Vítimas Fatais;Pleno dia;Crescente;Céu Claro;Simples;Reta;Sim;1205019;Camioneta;JEEP/RENEGADE SPORT AT;2021;Passageiro;Lesões Leves;4;Feminino;0;1;0;0;-25,11000517;-52,85260677;SPRF-PR;DEL04-PR;UOP04-DEL04-PR
669313;1510469;02/03/2025;domingo;17:45:00;PR;277;517,9;GUARANIACU;Não;Ingestão de álcool pelo condutor;2;Saída de leito carroçável;Com Vítimas Fatais;Pleno dia;Crescente;Céu Claro;Simples;Reta;Sim;1205019;Camioneta;JEEP/RENEGADE SPORT AT;2021;Passageiro;Lesões Leves;4;Feminino;0;1;0;0;-25,11000517;-52,85260677;SPRF-PR;DEL04-PR;UOP04-DEL04-PR
669313;1510469;02/03/2025;domingo;17:45:00;PR;277;517,9;GUARANIACU;Não;Ingestão de álcool pelo condutor;1;Colisão transversal;Com Vítimas Fatais;Pleno dia;Crescente;Céu Claro;Simples;Reta;Sim;1205019;Camioneta;JEEP/RENEGADE SPORT AT;2021;Passageiro;Lesões Leves;4;Feminino;0;1;0;0;-25,11000517;-52,85260677;SPRF-PR;DEL04-PR;UOP04-DEL04-PR
669313;1510469;02/03/2025;domingo;17:45:00;PR;277;517,9;GUARANIACU;Não;Velocidade Incompatível;2;Saída de leito carroçável;Com Vítimas Fatais;Pleno dia;Crescente;Céu Claro;Simples;Reta;Sim;1205019;Camioneta;JEEP/RENEGADE SPORT AT;2021;Passageiro;Lesões Leves;4;Feminino;0;1;0;0;-25,11000517;-52,85260677;SPRF-PR;DEL04-PR;UOP04-DEL04-PR
669313;1510469;02/03/2025;domingo;17:45:00;PR;277;517,9;GUARANIACU;Não;Velocidade Incompatível;1;Colisão transversal;Com Vítimas Fatais;Pleno dia;Crescente;Céu Claro;Simples;Reta;Sim;1205019;Camioneta;JEEP/RENEGADE SPORT AT;2021;Passageiro;Lesões Leves;4;Feminino;0;1;0;0;-25,11000517;-52,85260677;SPRF-PR;DEL04-PR;UOP04-DEL04-PR
669500;1510914;25/03/2025;terça-feira;12:25:00;PR;376;501;PONTA GROSSA;Sim;Reação tardia ou ineficiente do condutor;8;Derramamento de carga;Sem Vítimas;Pleno dia;Crescente;Sol;Dupla;Reta;Sim;1205387;Automóvel;CHEV/ONIX PLUS 10TMT LTZ;2019;Passageiro;Ileso;14;Feminino;1;0;0;0;-25,162776;-50,121944;SPRF-PR;DEL03-PR;UOP04-DEL03-PR
669500;1510914;25/03/2025;terça-feira;12:25:00;PR;376;501;PONTA GROSSA;Sim;Reação tardia ou ineficiente do condutor;7;Tombamento;Sem Vítimas;Pleno dia;Crescente;Sol;Dupla;Reta;Sim;1205387;Automóvel;CHEV/ONIX PLUS 10TMT LTZ;2019;Passageiro;Ileso;14;Feminino;1;0;0;0;-25,162776;-50,121944;SPRF-PR;DEL03-PR;UOP04-DEL03-PR
669500;1510914;25/03/2025;terça-feira;12:25:00;PR;376;501;PONTA GROSSA;Sim;Reação tardia ou ineficiente do condutor;6;Saída de leito carroçável;Sem Vítimas;Pleno dia;Crescente;Sol;Dupla;Reta;Sim;1205387;Automóvel;CHEV/ONIX PLUS 10TMT LTZ;2019;Passageiro;Ileso;14;Feminino;1;0;0;0;-25,162776;-50,121944;SPRF-PR;DEL03-PR;UOP04-DEL03-PR
669500;1510914;25/03/2025;terça-feira;12:25:00;PR;376;501;PONTA GROSSA;Sim;Reação tardia ou ineficiente do condutor;5;Colisão com objeto;Sem Vítimas;Pleno dia;Crescente;Sol;Dupla;Reta;Sim;1205387;Automóvel;CHEV/ONIX PLUS 10TMT LTZ;2019;Passageiro;Ileso;14;Feminino;1;0;0;0;-25,162776;-50,121944;SPRF-PR;DEL03-PR;UOP04-DEL03-PR
669500;1510914;25/03/2025;terça-feira;12:25:00;PR;376;501;PONTA GROSSA;Sim;Reação tardia ou ineficiente do condutor;4;Colisão frontal;Sem Vítimas;Pleno dia;Crescente;Sol;Dupla;Reta;Sim;1205387;Automóvel;CHEV/ONIX PLUS 10TMT LTZ;2019;Passageiro;Ileso;14;Feminino;1;0;0;0;-25,162776;-50,121944;SPRF-PR;DEL03-PR;UOP04-DEL03-PR
669500;1510914;25/03/2025;terça-feira;12:25:00;PR;376;501;PONTA GROSSA;Sim;Reação tardia ou ineficiente do condutor;3;Colisão frontal;Sem Vítimas;Pleno dia;Crescente;Sol;Dupla;Reta;Sim;1205387;Automóvel;CHEV/ONIX PLUS 10TMT LTZ;2019;Passageiro;Ileso;14;Feminino;1;0;0;0;-25,162776;-50,121944;SPRF-PR;DEL03-PR;UOP04-DEL03-PR
669500;1510914;25/03/2025;terça-feira;12:25:00;PR;376;501;PONTA GROSSA;Sim;Reação tardia ou ineficiente do condutor;2;Saída de leito carroçável;Sem Vítimas;Pleno dia;Crescente;Sol;Dupla;Reta;Sim;1205387;Automóvel;CHEV/ONIX PLUS 10TMT LTZ;2019;Passageiro;Ileso;14;Feminino;1;0;0;0;-25,162776;-50,121944;SPRF-PR;DEL03-PR;UOP04-DEL03-PR
669500;1510914;25/03/2025;terça-feira;12:25:00;PR;376;501;PONTA GROSSA;Sim;Reação tardia ou ineficiente do condutor;1;Colisão traseira;Sem Vítimas;Pleno dia;Crescente;Sol;Dupla;Reta;Sim;1205387;Automóvel;CHEV/ONIX PLUS 10TMT LTZ;2019;Passageiro;Ileso;14;Feminino;1;0;0;0;-25,162776;-50,121944;SPRF-PR;DEL03-PR;UOP04-DEL03-PR
669852;1512176;27/03/2025;quinta-feira;12:00:00;PR;163;208;CASCAVEL;Sim;Reação tardia ou ineficiente do condutor;3;Capotamento;Com Vítimas Feridas;Pleno dia;Crescente;Céu Claro;Dupla;Reta;Não;1206467;Automóvel;FIAT/ARGO DRIVE 1.3 GSR;2017;Passageiro;Lesões Leves;1;Feminino;0;1;0;0;-24,9516891;-53,4387933;SPRF-PR;DEL05-PR;UOP05-DEL05-PR
669852;1512176;27/03/2025;quinta-feira;12:00:00;PR;163;208;CASCAVEL;Sim;Reação tardia ou ineficiente do condutor;2;Colisão lateral mesmo sentido;Com Vítimas Feridas;Pleno dia;Crescente;Céu Claro;Dupla;Reta;Não;1206467;Automóvel;FIAT/ARGO DRIVE 1.3 GSR;2017;Passageiro;Lesões Leves;1;Feminino;0;1;0;0;-24,9516891;-53,4387933;SPRF-PR;DEL05-PR;UOP05-DEL05-PR
669852;1512176;27/03/2025;quinta-feira;12:00:00;PR;163;208;CASCAVEL;Sim;Reação tardia ou ineficiente do condutor;1;Colisão traseira;Com Vítimas Feridas;Pleno dia;Crescente;Céu Claro;Dupla;Reta;Não;1206467;Automóvel;FIAT/ARGO DRIVE 1.3 GSR;2017;Passageiro;Lesões Leves;1;Feminino;0;1;0;0;-24,9516891;-53,4387933;SPRF-PR;DEL05-PR;UOP05-DEL05-PR
670242;1514243;29/03/2025;sábado;05:00:00;PR;376;167,8;MARINGA;Sim;Reação tardia ou ineficiente do condutor;2;Saída de leito carroçável;Com Vítimas Feridas;Amanhecer;Decrescente;Céu Claro;Dupla;Aclive;Não;1206905;Automóvel;FIAT/PUNTO ATTRACTIVE;2012;Passageiro;Ileso;1;Masculino;1;0;0;0;-23,38800858;-52,01968063;SPRF-PR;DEL09-PR;UOP01-DEL09-PR
670242;1514243;29/03/2025;sábado;05:00:00;PR;376;167,8;MARINGA;Sim;Reação tardia ou ineficiente do condutor;1;Colisão com objeto;Com Vítimas Feridas;Amanhecer;Decrescente;Céu Claro;Dupla;Aclive;Não;1206905;Automóvel;FIAT/PUNTO ATTRACTIVE;2012;Passageiro;Ileso;1;Masculino;1;0;0;0;-23,38800858;-52,01968063;SPRF-PR;DEL09-PR;UOP01-DEL09-PR
670503;1514666;30/03/2025;domingo;05:20:00;PR;373;454,6;CHOPINZINHO;Não;Avarias e/ou desgaste excessivo no pneu;2;Colisão com objeto;Com Vítimas Fatais;Amanhecer;Crescente;Céu Claro;Simples;Curva;Não;1207392;Automóvel;VW/GOL 16V PLUS;2001;Passageiro;Lesões Leves;2;Feminino;0;1;0;0;-25,9061758;-52,3807674;SPRF-PR;DEL02-PR;UOP01-DEL02-PR
670503;1514665;30/03/2025;domingo;05:20:00;PR;373;454,6;CHOPINZINHO;Não;Avarias e/ou desgaste excessivo no pneu;2;Colisão com objeto;Com Vítimas Fatais;Amanhecer;Crescente;Céu Claro;Simples;Curva;Não;1207392;Automóvel;VW/GOL 16V PLUS;2001;Passageiro;Óbito;15;Masculino;0;0;0;1;-25,9061758;-52,3807674;SPRF-PR;DEL02-PR;UOP01-DEL02-PR
670503;1514666;30/03/2025;domingo;05:20:00;PR;373;454,6;CHOPINZINHO;Não;Avarias e/ou desgaste excessivo no pneu;1;Colisão frontal;Com Vítimas Fatais;Amanhecer;Crescente;Céu Claro;Simples;Curva;Não;1207392;Automóvel;VW/GOL 16V PLUS;2001;Passageiro;Lesões Leves;2;Feminino;0;1;0;0;-25,9061758;-52,3807674;SPRF-PR;DEL02-PR;UOP01-DEL02-PR
670503;1514665;30/03/2025;domingo;05:20:00;PR;373;454,6;CHOPINZINHO;Não;Avarias e/ou desgaste excessivo no pneu;1;Colisão frontal;Com Vítimas Fatais;Amanhecer;Crescente;Céu Claro;Simples;Curva;Não;1207392;Automóvel;VW/GOL 16V PLUS;2001;Passageiro;Óbito;15;Masculino;0;0;0;1;-25,9061758;-52,3807674;SPRF-PR;DEL02-PR;UOP01-DEL02-PR
670503;1514666;30/03/2025;domingo;05:20:00;PR;373;454,6;CHOPINZINHO;Não;Velocidade Incompatível;2;Colisão com objeto;Com Vítimas Fatais;Amanhecer;Crescente;Céu Claro;Simples;Curva;Não;1207392;Automóvel;VW/GOL 16V PLUS;2001;Passageiro;Lesões Leves;2;Feminino;0;1;0;0;-25,9061758;-52,3807674;SPRF-PR;DEL02-PR;UOP01-DEL02-PR
670503;1514665;30/03/2025;domingo;05:20:00;PR;373;454,6;CHOPINZINHO;Não;Velocidade Incompatível;2;Colisão com objeto;Com Vítimas Fatais;Amanhecer;Crescente;Céu Claro;Simples;Curva;Não;1207392;Automóvel;VW/GOL 16V PLUS;2001;Passageiro;Óbito;15;Masculino;0;0;0;1;-25,9061758;-52,3807674;SPRF-PR;DEL02-PR;UOP01-DEL02-PR
670503;1514666;30/03/2025;domingo;05:20:00;PR;373;454,6;CHOPINZINHO;Não;Velocidade Incompatível;1;Colisão frontal;Com Vítimas Fatais;Amanhecer;Crescente;Céu Claro;Simples;Curva;Não;1207392;Automóvel;VW/GOL 16V PLUS;2001;Passageiro;Lesões Leves;2;Feminino;0;1;0;0;-25,9061758;-52,3807674;SPRF-PR;DEL02-PR;UOP01-DEL02-PR
670503;1514665;30/03/2025;domingo;05:20:00;PR;373;454,6;CHOPINZINHO;Não;Velocidade Incompatível;1;Colisão frontal;Com Vítimas Fatais;Amanhecer;Crescente;Céu Claro;Simples;Curva;Não;1207392;Automóvel;VW/GOL 16V PLUS;2001;Passageiro;Óbito;15;Masculino;0;0;0;1;-25,9061758;-52,3807674;SPRF-PR;DEL02-PR;UOP01-DEL02-PR
670503;1514666;30/03/2025;domingo;05:20:00;PR;373;454,6;CHOPINZINHO;Sim;Ingestão de álcool pelo condutor;2;Colisão com objeto;Com Vítimas Fatais;Amanhecer;Crescente;Céu Claro;Simples;Curva;Não;1207392;Automóvel;VW/GOL 16V PLUS;2001;Passageiro;Lesões Leves;2;Feminino;0;1;0;0;-25,9061758;-52,3807674;SPRF-PR;DEL02-PR;UOP01-DEL02-PR
670503;1514665;30/03/2025;domingo;05:20:00;PR;373;454,6;CHOPINZINHO;Sim;Ingestão de álcool pelo condutor;2;Colisão com objeto;Com Vítimas Fatais;Amanhecer;Crescente;Céu Claro;Simples;Curva;Não;1207392;Automóvel;VW/GOL 16V PLUS;2001;Passageiro;Óbito;15;Masculino;0;0;0;1;-25,9061758;-52,3807674;SPRF-PR;DEL02-PR;UOP01-DEL02-PR
670503;1514666;30/03/2025;domingo;05:20:00;PR;373;454,6;CHOPINZINHO;Sim;Ingestão de álcool pelo condutor;1;Colisão frontal;Com Vítimas Fatais;Amanhecer;Crescente;Céu Claro;Simples;Curva;Não;1207392;Automóvel;VW/GOL 16V PLUS;2001;Passageiro;Lesões Leves;2;Feminino;0;1;0;0;-25,9061758;-52,3807674;SPRF-PR;DEL02-PR;UOP01-DEL02-PR
670503;1514665;30/03/2025;domingo;05:20:00;PR;373;454,6;CHOPINZINHO;Sim;Ingestão de álcool pelo condutor;1;Colisão frontal;Com Vítimas Fatais;Amanhecer;Crescente;Céu Claro;Simples;Curva;Não;1207392;Automóvel;VW/GOL 16V PLUS;2001;Passageiro;Óbito;15;Masculino;0;0;0;1;-25,9061758;-52,3807674;SPRF-PR;DEL02-PR;UOP01-DEL02-PR
670950;1514324;01/04/2025;terça-feira;14:40:00;PR;376;519,8;PONTA GROSSA;Não;Acumulo de água sobre o pavimento;2;Colisão com objeto;Com Vítimas Feridas;Pleno dia;Decrescente;Chuva;Dupla;"Reta;Declive";Não;1208287;Automóvel;FIAT/MOBI EASY;2021;Passageiro;Ileso;4;Masculino;1;0;0;0;-25,25960065;-49,98041153;SPRF-PR;DEL03-PR;UOP04-DEL03-PR
670950;1514324;01/04/2025;terça-feira;14:40:00;PR;376;519,8;PONTA GROSSA;Não;Acumulo de água sobre o pavimento;1;Saída de leito carroçável;Com Vítimas Feridas;Pleno dia;Decrescente;Chuva;Dupla;"Reta;Declive";Não;1208287;Automóvel;FIAT/MOBI EASY;2021;Passageiro;Ileso;4;Masculino;1;0;0;0;-25,25960065;-49,98041153;SPRF-PR;DEL03-PR;UOP04-DEL03-PR
670950;1514324;01/04/2025;terça-feira;14:40:00;PR;376;519,8;PONTA GROSSA;Sim;Avarias e/ou desgaste excessivo no pneu;2;Colisão com objeto;Com Vítimas Feridas;Pleno dia;Decrescente;Chuva;Dupla;"Reta;Declive";Não;1208287;Automóvel;FIAT/MOBI EASY;2021;Passageiro;Ileso;4;Masculino;1;0;0;0;-25,25960065;-49,98041153;SPRF-PR;DEL03-PR;UOP04-DEL03-PR
670950;1514324;01/04/2025;terça-feira;14:40:00;PR;376;519,8;PONTA GROSSA;Sim;Avarias e/ou desgaste excessivo no pneu;1;Saída de leito carroçável;Com Vítimas Feridas;Pleno dia;Decrescente;Chuva;Dupla;"Reta;Declive";Não;1208287;Automóvel;FIAT/MOBI EASY;2021;Passageiro;Ileso;4;Masculino;1;0;0;0;-25,25960065;-49,98041153;SPRF-PR;DEL03-PR;UOP04-DEL03-PR
671253;1515060;30/03/2025;domingo;20:00:00;PR;476;358;UNIAO DA VITORIA;Sim;Velocidade Incompatível;1;Colisão frontal;Com Vítimas Feridas;Plena Noite;Decrescente;Nublado;Simples;"Curva;Aclive;Viaduto";Não;1208871;Automóvel;VW/GOL 1.0;2000;Passageiro;Lesões Leves;14;Masculino;0;1;0;0;-26,20118126;-51,06022228;SPRF-PR;DEL02-PR;UOP03-DEL02-PR
671253;1515059;30/03/2025;domingo;20:00:00;PR;476;358;UNIAO DA VITORIA;Sim;Velocidade Incompatível;1;Colisão frontal;Com Vítimas Feridas;Plena Noite;Decrescente;Nublado;Simples;"Curva;Aclive;Viaduto";Não;1208871;Automóvel;VW/GOL 1.0;2000;Passageiro;Lesões Leves;9;Masculino;0;1;0;0;-26,20118126;-51,06022228;SPRF-PR;DEL02-PR;UOP03-DEL02-PR