id;pesid;data_inversa;dia_semana;horario;uf;br;km;municipio;causa_principal;causa_acidente;ordem_tipo_acidente;tipo_acidente;classificacao_acidente;fase_dia;sentido_via;condicao_metereologica;tipo_pista;tracado_via;uso_solo;id_veiculo;tipo_veiculo;marca;ano_fabricacao_veiculo;tipo_envolvido;estado_fisico;idade;sexo;ilesos;feridos_leves;feridos_graves;mortos;latitude;longitude;regional;delegacia;uop
671253;1515058;30/03/2025;domingo;20:00:00;PR;476;358;UNIAO DA VITORIA;Sim;Velocidade Incompatível;1;Colisão frontal;Com Vítimas Feridas;Plena Noite;Decrescente;Nublado;Simples;"Curva;Aclive;Viaduto";Não;1208871;Automóvel;VW/GOL 1.0;2000;Passageiro;Lesões Graves;12;Feminino;0;0;1;0;-26,20118126;-51,06022228;SPRF-PR;DEL02-PR;UOP03-DEL02-PR
671319;1517363;03/04/2025;quinta-feira;15:30:00;PR;369;482,1;CORBELIA;Não;Reação tardia ou ineficiente do condutor;1;Colisão traseira;Com Vítimas Feridas;Pleno dia;Crescente;Céu Claro;Simples;Reta;Não;1210590;Automóvel;VW/NOVO GOL 1.0;2012;Passageiro;Lesões Leves;11;Feminino;0;1;0;0;-24,773128;-53,293021;SPRF-PR;DEL04-PR;UOP03-DEL04-PR
671319;1517363;03/04/2025;quinta-feira;15:30:00;PR;369;482,1;CORBELIA;Sim;Condutor deixou de manter distância do veículo da frente;1;Colisão traseira;Com Vítimas Feridas;Pleno dia;Crescente;Céu Claro;Simples;Reta;Não;1210590;Automóvel;VW/NOVO GOL 1.0;2012;Passageiro;Lesões Leves;11;Feminino;0;1;0;0;-24,773128;-53,293021;SPRF-PR;DEL04-PR;UOP03-DEL04-PR
671503;1517753;04/04/2025;sexta-feira;13:20:00;PR;277;12;PARANAGUA;Não;Velocidade Incompatível;3;Queda de ocupante de veículo;Com Vítimas Feridas;Pleno dia;Decrescente;Nublado;Dupla;Reta;Não;1209396;Automóvel;GM/CORSA SEDAN PREMIUM;2011;Passageiro;Ileso;1;Feminino;1;0;0;0;-25,56285254;-48,63858635;SPRF-PR;DEL01-PR;UOP05-DEL01-PR
671503;1517753;04/04/2025;sexta-feira;13:20:00;PR;277;12;PARANAGUA;Não;Velocidade Incompatível;2;Tombamento;Com Vítimas Feridas;Pleno dia;Decrescente;Nublado;Dupla;Reta;Não;1209396;Automóvel;GM/CORSA SEDAN PREMIUM;2011;Passageiro;Ileso;1;Feminino;1;0;0;0;-25,56285254;-48,63858635;SPRF-PR;DEL01-PR;UOP05-DEL01-PR
671503;1517753;04/04/2025;sexta-feira;13:20:00;PR;277;12;PARANAGUA;Não;Velocidade Incompatível;1;Colisão transversal;Com Vítimas Feridas;Pleno dia;Decrescente;Nublado;Dupla;Reta;Não;1209396;Automóvel;GM/CORSA SEDAN PREMIUM;2011;Passageiro;Ileso;1;Feminino;1;0;0;0;-25,56285254;-48,63858635;SPRF-PR;DEL01-PR;UOP05-DEL01-PR
671503;1517753;04/04/2025;sexta-feira;13:20:00;PR;277;12;PARANAGUA;Não;Acessar a via sem observar a presença dos outros veículos;3;Queda de ocupante de veículo;Com Vítimas Feridas;Pleno dia;Decrescente;Nublado;Dupla;Reta;Não;1209396;Automóvel;GM/CORSA SEDAN PREMIUM;2011;Passageiro;Ileso;1;Feminino;1;0;0;0;-25,56285254;-48,63858635;SPRF-PR;DEL01-PR;UOP05-DEL01-PR
671503;1517753;04/04/2025;sexta-feira;13:20:00;PR;277;12;PARANAGUA;Não;Acessar a via sem observar a presença dos outros veículos;2;Tombamento;Com Vítimas Feridas;Pleno dia;Decrescente;Nublado;Dupla;Reta;Não;1209396;Automóvel;GM/CORSA SEDAN PREMIUM;2011;Passageiro;Ileso;1;Feminino;1;0;0;0;-25,56285254;-48,63858635;SPRF-PR;DEL01-PR;UOP05-DEL01-PR
671503;1517753;04/04/2025;sexta-feira;13:20:00;PR;277;12;PARANAGUA;Não;Acessar a via sem observar a presença dos outros veículos;1;Colisão transversal;Com Vítimas Feridas;Pleno dia;Decrescente;Nublado;Dupla;Reta;Não;1209396;Automóvel;GM/CORSA SEDAN PREMIUM;2011;Passageiro;Ileso;1;Feminino;1;0;0;0;-25,56285254;-48,63858635;SPRF-PR;DEL01-PR;UOP05-DEL01-PR
671503;1517753;04/04/2025;sexta-feira;13:20:00;PR;277;12;PARANAGUA;Sim;Trafegar com motocicleta (ou similar) entre as faixas;3;Queda de ocupante de veículo;Com Vítimas Feridas;Pleno dia;Decrescente;Nublado;Dupla;Reta;Não;1209396;Automóvel;GM/CORSA SEDAN PREMIUM;2011;Passageiro;Ileso;1;Feminino;1;0;0;0;-25,56285254;-48,63858635;SPRF-PR;DEL01-PR;UOP05-DEL01-PR
671503;1517753;04/04/2025;sexta-feira;13:20:00;PR;277;12;PARANAGUA;Sim;Trafegar com motocicleta (ou similar) entre as faixas;2;Tombamento;Com Vítimas Feridas;Pleno dia;Decrescente;Nublado;Dupla;Reta;Não;1209396;Automóvel;GM/CORSA SEDAN PREMIUM;2011;Passageiro;Ileso;1;Feminino;1;0;0;0;-25,56285254;-48,63858635;SPRF-PR;DEL01-PR;UOP05-DEL01-PR
671503;1517753;04/04/2025;sexta-feira;13:20:00;PR;277;12;PARANAGUA;Sim;Trafegar com motocicleta (ou similar) entre as faixas;1;Colisão transversal;Com Vítimas Feridas;Pleno dia;Decrescente;Nublado;Dupla;Reta;Não;1209396;Automóvel;GM/CORSA SEDAN PREMIUM;2011;Passageiro;Ileso;1;Feminino;1;0;0;0;-25,56285254;-48,63858635;SPRF-PR;DEL01-PR;UOP05-DEL01-PR
671883;1516559;06/04/2025;domingo;02:30:00;PR;277;82,5;CURITIBA;Não;Reação tardia ou ineficiente do condutor;1;Colisão traseira;Com Vítimas Feridas;Plena Noite;Decrescente;Nublado;Dupla;Reta;Sim;1210096;Automóvel;FIAT/UNO MILLE EX;2000;Passageiro;Ileso;10;Feminino;1;0;0;0;-25,454098;-49,225246;SPRF-PR;DEL01-PR;UOP03-DEL01-PR
671883;1516560;06/04/2025;domingo;02:30:00;PR;277;82,5;CURITIBA;Não;Reação tardia ou ineficiente do condutor;1;Colisão traseira;Com Vítimas Feridas;Plena Noite;Decrescente;Nublado;Dupla;Reta;Sim;1210096;Automóvel;FIAT/UNO MILLE EX;2000;Passageiro;Ileso;7;Feminino;1;0;0;0;-25,454098;-49,225246;SPRF-PR;DEL01-PR;UOP03-DEL01-PR
671883;1516558;06/04/2025;domingo;02:30:00;PR;277;82,5;CURITIBA;Não;Reação tardia ou ineficiente do condutor;1;Colisão traseira;Com Vítimas Feridas;Plena Noite;Decrescente;Nublado;Dupla;Reta;Sim;1210096;Automóvel;FIAT/UNO MILLE EX;2000;Passageiro;Ileso;14;Feminino;1;0;0;0;-25,454098;-49,225246;SPRF-PR;DEL01-PR;UOP03-DEL01-PR
671883;1516559;06/04/2025;domingo;02:30:00;PR;277;82,5;CURITIBA;Sim;Condutor deixou de manter distância do veículo da frente;1;Colisão traseira;Com Vítimas Feridas;Plena Noite;Decrescente;Nublado;Dupla;Reta;Sim;1210096;Automóvel;FIAT/UNO MILLE EX;2000;Passageiro;Ileso;10;Feminino;1;0;0;0;-25,454098;-49,225246;SPRF-PR;DEL01-PR;UOP03-DEL01-PR
671883;1516560;06/04/2025;domingo;02:30:00;PR;277;82,5;CURITIBA;Sim;Condutor deixou de manter distância do veículo da frente;1;Colisão traseira;Com Vítimas Feridas;Plena Noite;Decrescente;Nublado;Dupla;Reta;Sim;1210096;Automóvel;FIAT/UNO MILLE EX;2000;Passageiro;Ileso;7;Feminino;1;0;0;0;-25,454098;-49,225246;SPRF-PR;DEL01-PR;UOP03-DEL01-PR
671883;1516558;06/04/2025;domingo;02:30:00;PR;277;82,5;CURITIBA;Sim;Condutor deixou de manter distância do veículo da frente;1;Colisão traseira;Com Vítimas Feridas;Plena Noite;Decrescente;Nublado;Dupla;Reta;Sim;1210096;Automóvel;FIAT/UNO MILLE EX;2000;Passageiro;Ileso;14;Feminino;1;0;0;0;-25,454098;-49,225246;SPRF-PR;DEL01-PR;UOP03-DEL01-PR
672073;1520859;06/04/2025;domingo;18:45:00;PR;369;28,2;CAMBARA;Sim;Ultrapassagem Indevida;1;Colisão frontal;Com Vítimas Fatais;Plena Noite;Crescente;Céu Claro;Simples;Aclive;Não;1211702;Ônibus;VW/NEOBUS 8.160 ESCOLAR;2022;Passageiro;Lesões Leves;16;Feminino;0;1;0;0;-23,03714988;-50,163508;SPRF-PR;DEL07-PR;UOP05-DEL07-PR
672073;1520854;06/04/2025;domingo;18:45:00;PR;369;28,2;CAMBARA;Sim;Ultrapassagem Indevida;1;Colisão frontal;Com Vítimas Fatais;Plena Noite;Crescente;Céu Claro;Simples;Aclive;Não;1211702;Ônibus;VW/NEOBUS 8.160 ESCOLAR;2022;Passageiro;Lesões Leves;15;Feminino;0;1;0;0;-23,03714988;-50,163508;SPRF-PR;DEL07-PR;UOP05-DEL07-PR
672073;1520853;06/04/2025;domingo;18:45:00;PR;369;28,2;CAMBARA;Sim;Ultrapassagem Indevida;1;Colisão frontal;Com Vítimas Fatais;Plena Noite;Crescente;Céu Claro;Simples;Aclive;Não;1211702;Ônibus;VW/NEOBUS 8.160 ESCOLAR;2022;Passageiro;Lesões Leves;16;Feminino;0;1;0;0;-23,03714988;-50,163508;SPRF-PR;DEL07-PR;UOP05-DEL07-PR
672073;1518588;06/04/2025;domingo;18:45:00;PR;369;28,2;CAMBARA;Sim;Ultrapassagem Indevida;1;Colisão frontal;Com Vítimas Fatais;Plena Noite;Crescente;Céu Claro;Simples;Aclive;Não;1211702;Ônibus;VW/NEOBUS 8.160 ESCOLAR;2022;Passageiro;Ileso;16;Feminino;1;0;0;0;-23,03714988;-50,163508;SPRF-PR;DEL07-PR;UOP05-DEL07-PR
672073;1518581;06/04/2025;domingo;18:45:00;PR;369;28,2;CAMBARA;Sim;Ultrapassagem Indevida;1;Colisão frontal;Com Vítimas Fatais;Plena Noite;Crescente;Céu Claro;Simples;Aclive;Não;1211702;Ônibus;VW/NEOBUS 8.160 ESCOLAR;2022;Passageiro;Ileso;16;Feminino;1;0;0;0;-23,03714988;-50,163508;SPRF-PR;DEL07-PR;UOP05-DEL07-PR
672073;1518574;06/04/2025;domingo;18:45:00;PR;369;28,2;CAMBARA;Sim;Ultrapassagem Indevida;1;Colisão frontal;Com Vítimas Fatais;Plena Noite;Crescente;Céu Claro;Simples;Aclive;Não;1210428;Automóvel;GM/CORSA SUPER;1997;Passageiro;Óbito;7;Feminino;0;0;0;1;-23,03714988;-50,163508;SPRF-PR;DEL07-PR;UOP05-DEL07-PR
672177;1517271;07/04/2025;segunda-feira;12:40:00;PR;376;510;PONTA GROSSA;Sim;Condutor deixou de manter distância do veículo da frente;1;Colisão traseira;Com Vítimas Feridas;Pleno dia;Decrescente;Céu Claro;Dupla;"Declive;Reta";Não;1210611;Automóvel;HYUNDAI/HB20 1.0M 1.0 M;2012;Passageiro;Lesões Leves;10;Feminino;0;1;0;0;-25,21832;-50,056065;SPRF-PR;DEL03-PR;UOP04-DEL03-PR
672192;1517309;07/04/2025;segunda-feira;14:20:00;PR;277;0,9;PARANAGUA;Não;Reação tardia ou ineficiente do condutor;3;Queda de ocupante de veículo;Com Vítimas Feridas;Pleno dia;Decrescente;Nublado;Simples;Reta;Sim;1210641;Motocicleta;HONDA/CB300F TWISTER CBS;2024;Passageiro;Lesões Leves;9;Masculino;0;1;0;0;-25,51526;-48,537827;SPRF-PR;DEL01-PR;UOP05-DEL01-PR
672192;1517309;07/04/2025;segunda-feira;14:20:00;PR;277;0,9;PARANAGUA;Não;Reação tardia ou ineficiente do condutor;2;Tombamento;Com Vítimas Feridas;Pleno dia;Decrescente;Nublado;Simples;Reta;Sim;1210641;Motocicleta;HONDA/CB300F TWISTER CBS;2024;Passageiro;Lesões Leves;9;Masculino;0;1;0;0;-25,51526;-48,537827;SPRF-PR;DEL01-PR;UOP05-DEL01-PR
672192;1517309;07/04/2025;segunda-feira;14:20:00;PR;277;0,9;PARANAGUA;Não;Reação tardia ou ineficiente do condutor;1;Colisão traseira;Com Vítimas Feridas;Pleno dia;Decrescente;Nublado;Simples;Reta;Sim;1210641;Motocicleta;HONDA/CB300F TWISTER CBS;2024;Passageiro;Lesões Leves;9;Masculino;0;1;0;0;-25,51526;-48,537827;SPRF-PR;DEL01-PR;UOP05-DEL01-PR
672192;1517309;07/04/2025;segunda-feira;14:20:00;PR;277;0,9;PARANAGUA;Sim;Condutor deixou de manter distância do veículo da frente;3;Queda de ocupante de veículo;Com Vítimas Feridas;Pleno dia;Decrescente;Nublado;Simples;Reta;Sim;1210641;Motocicleta;HONDA/CB300F TWISTER CBS;2024;Passageiro;Lesões Leves;9;Masculino;0;1;0;0;-25,51526;-48,537827;SPRF-PR;DEL01-PR;UOP05-DEL01-PR
672192;1517309;07/04/2025;segunda-feira;14:20:00;PR;277;0,9;PARANAGUA;Sim;Condutor deixou de manter distância do veículo da frente;2;Tombamento;Com Vítimas Feridas;Pleno dia;Decrescente;Nublado;Simples;Reta;Sim;1210641;Motocicleta;HONDA/CB300F TWISTER CBS;2024;Passageiro;Lesões Leves;9;Masculino;0;1;0;0;-25,51526;-48,537827;SPRF-PR;DEL01-PR;UOP05-DEL01-PR
672192;1517309;07/04/2025;segunda-feira;14:20:00;PR;277;0,9;PARANAGUA;Sim;Condutor deixou de manter distância do veículo da frente;1;Colisão traseira;Com Vítimas Feridas;Pleno dia;Decrescente;Nublado;Simples;Reta;Sim;1210641;Motocicleta;HONDA/CB300F TWISTER CBS;2024;Passageiro;Lesões Leves;9;Masculino;0;1;0;0;-25,51526;-48,537827;SPRF-PR;DEL01-PR;UOP05-DEL01-PR
672383;1517790;08/04/2025;terça-feira;14:30:00;PR;277;586;CASCAVEL;Não;Chuva;2;Colisão com objeto;Com Vítimas Feridas;Pleno dia;Decrescente;Chuva;Simples;"Reta;Interseção de Vias";Sim;1211040;Automóvel;VW/POLO 1.6;2005;Passageiro;Lesões Leves;5;Masculino;0;1;0;0;-24,967146;-53,42466;SPRF-PR;DEL04-PR;UOP01-DEL04-PR
672383;1517790;08/04/2025;terça-feira;14:30:00;PR;277;586;CASCAVEL;Não;Chuva;1;Colisão traseira;Com Vítimas Feridas;Pleno dia;Decrescente;Chuva;Simples;"Reta;Interseção de Vias";Sim;1211040;Automóvel;VW/POLO 1.6;2005;Passageiro;Lesões Leves;5;Masculino;0;1;0;0;-24,967146;-53,42466;SPRF-PR;DEL04-PR;UOP01-DEL04-PR
672383;1517790;08/04/2025;terça-feira;14:30:00;PR;277;586;CASCAVEL;Sim;Desrespeitar a preferência no cruzamento;2;Colisão com objeto;Com Vítimas Feridas;Pleno dia;Decrescente;Chuva;Simples;"Reta;Interseção de Vias";Sim;1211040;Automóvel;VW/POLO 1.6;2005;Passageiro;Lesões Leves;5;Masculino;0;1;0;0;-24,967146;-53,42466;SPRF-PR;DEL04-PR;UOP01-DEL04-PR
672383;1517790;08/04/2025;terça-feira;14:30:00;PR;277;586;CASCAVEL;Sim;Desrespeitar a preferência no cruzamento;1;Colisão traseira;Com Vítimas Feridas;Pleno dia;Decrescente;Chuva;Simples;"Reta;Interseção de Vias";Sim;1211040;Automóvel;VW/POLO 1.6;2005;Passageiro;Lesões Leves;5;Masculino;0;1;0;0;-24,967146;-53,42466;SPRF-PR;DEL04-PR;UOP01-DEL04-PR
672383;1517790;08/04/2025;terça-feira;14:30:00;PR;277;586;CASCAVEL;Não;Ausência de sinalização;2;Colisão com objeto;Com Vítimas Feridas;Pleno dia;Decrescente;Chuva;Simples;"Reta;Interseção de Vias";Sim;1211040;Automóvel;VW/POLO 1.6;2005;Passageiro;Lesões Leves;5;Masculino;0;1;0;0;-24,967146;-53,42466;SPRF-PR;DEL04-PR;UOP01-DEL04-PR
672383;1517790;08/04/2025;terça-feira;14:30:00;PR;277;586;CASCAVEL;Não;Ausência de sinalização;1;Colisão traseira;Com Vítimas Feridas;Pleno dia;Decrescente;Chuva;Simples;"Reta;Interseção de Vias";Sim;1211040;Automóvel;VW/POLO 1.6;2005;Passageiro;Lesões Leves;5;Masculino;0;1;0;0;-24,967146;-53,42466;SPRF-PR;DEL04-PR;UOP01-DEL04-PR
672688;1518591;10/04/2025;quinta-feira;07:20:00;PR;369;182,2;ARAPONGAS;Sim;Acessar a via sem observar a presença dos outros veículos;3;Queda de ocupante de veículo;Com Vítimas Feridas;Pleno dia;Decrescente;Céu Claro;Dupla;"Interseção de Vias;Reta";Sim;1211739;Motoneta;HONDA/BIZ 125 ES;2006;Passageiro;Lesões Leves;14;Feminino;0;1;0;0;-23,38417837;-51,41898567;SPRF-PR;DEL07-PR;UOP03-DEL07-PR
672688;1518591;10/04/2025;quinta-feira;07:20:00;PR;369;182,2;ARAPONGAS;Sim;Acessar a via sem observar a presença dos outros veículos;2;Tombamento;Com Vítimas Feridas;Pleno dia;Decrescente;Céu Claro;Dupla;"Interseção de Vias;Reta";Sim;1211739;Motoneta;HONDA/BIZ 125 ES;2006;Passageiro;Lesões Leves;14;Feminino;0;1;0;0;-23,38417837;-51,41898567;SPRF-PR;DEL07-PR;UOP03-DEL07-PR
672688;1518591;10/04/2025;quinta-feira;07:20:00;PR;369;182,2;ARAPONGAS;Sim;Acessar a via sem observar a presença dos outros veículos;1;Colisão transversal;Com Vítimas Feridas;Pleno dia;Decrescente;Céu Claro;Dupla;"Interseção de Vias;Reta";Sim;1211739;Motoneta;HONDA/BIZ 125 ES;2006;Passageiro;Lesões Leves;14;Feminino;0;1;0;0;-23,38417837;-51,41898567;SPRF-PR;DEL07-PR;UOP03-DEL07-PR
672736;1518878;10/04/2025;quinta-feira;12:30:00;PR;116;43,7;CAMPINA GRANDE DO SUL;Não;Ausência de reação do condutor;3;Capotamento;Com Vítimas Feridas;Pleno dia;Crescente;Nublado;Múltipla;Curva;Não;1211948;Caminhonete;I/TOYOTA HILUX CD4X4 SRV;2013;Passageiro;Ileso;1;Feminino;1;0;0;0;-25,18568;-48,885986;SPRF-PR;DEL01-PR;UOP02-DEL01-PR
672736;1518878;10/04/2025;quinta-feira;12:30:00;PR;116;43,7;CAMPINA GRANDE DO SUL;Não;Ausência de reação do condutor;2;Colisão com objeto;Com Vítimas Feridas;Pleno dia;Crescente;Nublado;Múltipla;Curva;Não;1211948;Caminhonete;I/TOYOTA HILUX CD4X4 SRV;2013;Passageiro;Ileso;1;Feminino;1;0;0;0;-25,18568;-48,885986;SPRF-PR;DEL01-PR;UOP02-DEL01-PR
672736;1518878;10/04/2025;quinta-feira;12:30:00;PR;116;43,7;CAMPINA GRANDE DO SUL;Não;Ausência de reação do condutor;1;Saída de leito carroçável;Com Vítimas Feridas;Pleno dia;Crescente;Nublado;Múltipla;Curva;Não;1211948;Caminhonete;I/TOYOTA HILUX CD4X4 SRV;2013;Passageiro;Ileso;1;Feminino;1;0;0;0;-25,18568;-48,885986;SPRF-PR;DEL01-PR;UOP02-DEL01-PR
672736;1518878;10/04/2025;quinta-feira;12:30:00;PR;116;43,7;CAMPINA GRANDE DO SUL;Sim;Chuva;3;Capotamento;Com Vítimas Feridas;Pleno dia;Crescente;Nublado;Múltipla;Curva;Não;1211948;Caminhonete;I/TOYOTA HILUX CD4X4 SRV;2013;Passageiro;Ileso;1;Feminino;1;0;0;0;-25,18568;-48,885986;SPRF-PR;DEL01-PR;UOP02-DEL01-PR
672736;1518878;10/04/2025;quinta-feira;12:30:00;PR;116;43,7;CAMPINA GRANDE DO SUL;Sim;Chuva;2;Colisão com objeto;Com Vítimas Feridas;Pleno dia;Crescente;Nublado;Múltipla;Curva;Não;1211948;Caminhonete;I/TOYOTA HILUX CD4X4 SRV;2013;Passageiro;Ileso;1;Feminino;1;0;0;0;-25,18568;-48,885986;SPRF-PR;DEL01-PR;UOP02-DEL01-PR
672736;1518878;10/04/2025;quinta-feira;12:30:00;PR;116;43,7;CAMPINA GRANDE DO SUL;Sim;Chuva;1;Saída de leito carroçável;Com Vítimas Feridas;Pleno dia;Crescente;Nublado;Múltipla;Curva;Não;1211948;Caminhonete;I/TOYOTA HILUX CD4X4 SRV;2013;Passageiro;Ileso;1;Feminino;1;0;0;0;-25,18568;-48,885986;SPRF-PR;DEL01-PR;UOP02-DEL01-PR
672981;1519386;11/04/2025;sexta-feira;17:10:00;PR;376;4,5;APUCARANA;Não;Acessar a via sem observar a presença dos outros veículos;1;Colisão transversal;Com Vítimas Feridas;Pleno dia;Crescente;Céu Claro;Simples;Reta;Sim;1212327;Automóvel;CHEVROLET/ONIX 1.0MT LT;2014;Passageiro;Lesões Leves;12;Feminino;0;1;0;0;-23,553653;-51,446203;SPRF-PR;DEL07-PR;UOP03-DEL07-PR
672981;1519386;11/04/2025;sexta-feira;17:10:00;PR;376;4,5;APUCARANA;Sim;Conversão proibida;1;Colisão transversal;Com Vítimas Feridas;Pleno dia;Crescente;Céu Claro;Simples;Reta;Sim;1212327;Automóvel;CHEVROLET/ONIX 1.0MT LT;2014;Passageiro;Lesões Leves;12;Feminino;0;1;0;0;-23,553653;-51,446203;SPRF-PR;DEL07-PR;UOP03-DEL07-PR
673085;1521311;12/04/2025;sábado;02:00:00;PR;369;184,8;ARAPONGAS;Não;Velocidade Incompatível;4;Queda de ocupante de veículo;Com Vítimas Fatais;Plena Noite;Decrescente;Nublado;Simples;"Reta;Interseção de Vias";Sim;1212475;Motoneta;SHINERAY/XY125-6A;2024;Passageiro;Lesões Graves;15;Feminino;0;0;1;0;-23,407353;-51,428102;SPRF-PR;DEL07-PR;UOP03-DEL07-PR
673085;1521311;12/04/2025;sábado;02:00:00;PR;369;184,8;ARAPONGAS;Não;Velocidade Incompatível;3;Tombamento;Com Vítimas Fatais;Plena Noite;Decrescente;Nublado;Simples;"Reta;Interseção de Vias";Sim;1212475;Motoneta;SHINERAY/XY125-6A;2024;Passageiro;Lesões Graves;15;Feminino;0;0;1;0;-23,407353;-51,428102;SPRF-PR;DEL07-PR;UOP03-DEL07-PR
673085;1521311;12/04/2025;sábado;02:00:00;PR;369;184,8;ARAPONGAS;Não;Velocidade Incompatível;2;Colisão com objeto;Com Vítimas Fatais;Plena Noite;Decrescente;Nublado;Simples;"Reta;Interseção de Vias";Sim;1212475;Motoneta;SHINERAY/XY125-6A;2024;Passageiro;Lesões Graves;15;Feminino;0;0;1;0;-23,407353;-51,428102;SPRF-PR;DEL07-PR;UOP03-DEL07-PR
673085;1521311;12/04/2025;sábado;02:00:00;PR;369;184,8;ARAPONGAS;Não;Velocidade Incompatível;1;Saída de leito carroçável;Com Vítimas Fatais;Plena Noite;Decrescente;Nublado;Simples;"Reta;Interseção de Vias";Sim;1212475;Motoneta;SHINERAY/XY125-6A;2024;Passageiro;Lesões Graves;15;Feminino;0;0;1;0;-23,407353;-51,428102;SPRF-PR;DEL07-PR;UOP03-DEL07-PR
673085;1521311;12/04/2025;sábado;02:00:00;PR;369;184,8;ARAPONGAS;Não;Reação tardia ou ineficiente do condutor;4;Queda de ocupante de veículo;Com Vítimas Fatais;Plena Noite;Decrescente;Nublado;Simples;"Reta;Interseção de Vias";Sim;1212475;Motoneta;SHINERAY/XY125-6A;2024;Passageiro;Lesões Graves;15;Feminino;0;0;1;0;-23,407353;-51,428102;SPRF-PR;DEL07-PR;UOP03-DEL07-PR
673085;1521311;12/04/2025;sábado;02:00:00;PR;369;184,8;ARAPONGAS;Não;Reação tardia ou ineficiente do condutor;3;Tombamento;Com Vítimas Fatais;Plena Noite;Decrescente;Nublado;Simples;"Reta;Interseção de Vias";Sim;1212475;Motoneta;SHINERAY/XY125-6A;2024;Passageiro;Lesões Graves;15;Feminino;0;0;1;0;-23,407353;-51,428102;SPRF-PR;DEL07-PR;UOP03-DEL07-PR
673085;1521311;12/04/2025;sábado;02:00:00;PR;369;184,8;ARAPONGAS;Não;Reação tardia ou ineficiente do condutor;2;Colisão com objeto;Com Vítimas Fatais;Plena Noite;Decrescente;Nublado;Simples;"Reta;Interseção de Vias";Sim;1212475;Motoneta;SHINERAY/XY125-6A;2024;Passageiro;Lesões Graves;15;Feminino;0;0;1;0;-23,407353;-51,428102;SPRF-PR;DEL07-PR;UOP03-DEL07-PR
673085;1521311;12/04/2025;sábado;02:00:00;PR;369;184,8;ARAPONGAS;Não;Reação tardia ou ineficiente do condutor;1;Saída de leito carroçável;Com Vítimas Fatais;Plena Noite;Decrescente;Nublado;Simples;"Reta;Interseção de Vias";Sim;1212475;Motoneta;SHINERAY/XY125-6A;2024;Passageiro;Lesões Graves;15;Feminino;0;0;1;0;-23,407353;-51,428102;SPRF-PR;DEL07-PR;UOP03-DEL07-PR
673085;1521311;12/04/2025;sábado;02:00:00;PR;369;184,8;ARAPONGAS;Não;Ingestão de álcool pelo condutor;4;Queda de ocupante de veículo;Com Vítimas Fatais;Plena Noite;Decrescente;Nublado;Simples;"Reta;Interseção de Vias";Sim;1212475;Motoneta;SHINERAY/XY125-6A;2024;Passageiro;Lesões Graves;15;Feminino;0;0;1;0;-23,407353;-51,428102;SPRF-PR;DEL07-PR;UOP03-DEL07-PR
673085;1521311;12/04/2025;sábado;02:00:00;PR;369;184,8;ARAPONGAS;Não;Ingestão de álcool pelo condutor;3;Tombamento;Com Vítimas Fatais;Plena Noite;Decrescente;Nublado;Simples;"Reta;Interseção de Vias";Sim;1212475;Motoneta;SHINERAY/XY125-6A;2024;Passageiro;Lesões Graves;15;Feminino;0;0;1;0;-23,407353;-51,428102;SPRF-PR;DEL07-PR;UOP03-DEL07-PR
673085;1521311;12/04/2025;sábado;02:00:00;PR;369;184,8;ARAPONGAS;Não;Ingestão de álcool pelo condutor;2;Colisão com objeto;Com Vítimas Fatais;Plena Noite;Decrescente;Nublado;Simples;"Reta;Interseção de Vias";Sim;1212475;Motoneta;SHINERAY/XY125-6A;2024;Passageiro;Lesões Graves;15;Feminino;0;0;1;0;-23,407353;-51,428102;SPRF-PR;DEL07-PR;UOP03-DEL07-PR
673085;1521311;12/04/2025;sábado;02:00:00;PR;369;184,8;ARAPONGAS;Não;Ingestão de álcool pelo condutor;1;Saída de leito carroçável;Com Vítimas Fatais;Plena Noite;Decrescente;Nublado;Simples;"Reta;Interseção de Vias";Sim;1212475;Motoneta;SHINERAY/XY125-6A;2024;Passageiro;Lesões Graves;15;Feminino;0;0;1;0;-23,407353;-51,428102;SPRF-PR;DEL07-PR;UOP03-DEL07-PR
673085;1521311;12/04/2025;sábado;02:00:00;PR;369;184,8;ARAPONGAS;Sim;Ausência de reação do condutor;4;Queda de ocupante de veículo;Com Vítimas Fatais;Plena Noite;Decrescente;Nublado;Simples;"Reta;Interseção de Vias";Sim;1212475;Motoneta;SHINERAY/XY125-6A;2024;Passageiro;Lesões Graves;15;Feminino;0;0;1;0;-23,407353;-51,428102;SPRF-PR;DEL07-PR;UOP03-DEL07-PR
673085;1521311;12/04/2025;sábado;02:00:00;PR;369;184,8;ARAPONGAS;Sim;Ausência de reação do condutor;3;Tombamento;Com Vítimas Fatais;Plena Noite;Decrescente;Nublado;Simples;"Reta;Interseção de Vias";Sim;1212475;Motoneta;SHINERAY/XY125-6A;2024;Passageiro;Lesões Graves;15;Feminino;0;0;1;0;-23,407353;-51,428102;SPRF-PR;DEL07-PR;UOP03-DEL07-PR