id;pesid;data_inversa;dia_semana;horario;uf;br;km;municipio;causa_principal;causa_acidente;ordem_tipo_acidente;tipo_acidente;classificacao_acidente;fase_dia;sentido_via;condicao_metereologica;tipo_pista;tracado_via;uso_solo;id_veiculo;tipo_veiculo;marca;ano_fabricacao_veiculo;tipo_envolvido;estado_fisico;idade;sexo;ilesos;feridos_leves;feridos_graves;mortos;latitude;longitude;regional;delegacia;uop
687872;1528694;28/04/2025;segunda-feira;14:15:00;PR;476;164,9;ARAUCARIA;Não;Condutor usando celular;1;Colisão lateral sentido oposto;Com Vítimas Fatais;Pleno dia;Decrescente;Céu Claro;Simples;Reta;Não;1219375;Automóvel;VW/PARATI 1.6;2000;Passageiro;Lesões Graves;4;Masculino;0;0;1;0;-25,64440015;-49,47335052;SPRF-PR;DEL01-PR;UOP06-DEL01-PR
687872;1528692;28/04/2025;segunda-feira;14:15:00;PR;476;164,9;ARAUCARIA;Sim;Ingestão de álcool pelo condutor;4;Tombamento;Com Vítimas Fatais;Pleno dia;Decrescente;Céu Claro;Simples;Reta;Não;1219363;Automóvel;VW/GOL 1.0;2008;Passageiro;Ileso;9;Masculino;1;0;0;0;-25,64440015;-49,47335052;SPRF-PR;DEL01-PR;UOP06-DEL01-PR
687872;1528694;28/04/2025;segunda-feira;14:15:00;PR;476;164,9;ARAUCARIA;Sim;Ingestão de álcool pelo condutor;4;Tombamento;Com Vítimas Fatais;Pleno dia;Decrescente;Céu Claro;Simples;Reta;Não;1219375;Automóvel;VW/PARATI 1.6;2000;Passageiro;Lesões Graves;4;Masculino;0;0;1;0;-25,64440015;-49,47335052;SPRF-PR;DEL01-PR;UOP06-DEL01-PR
687872;1528692;28/04/2025;segunda-feira;14:15:00;PR;476;164,9;ARAUCARIA;Sim;Ingestão de álcool pelo condutor;3;Colisão frontal;Com Vítimas Fatais;Pleno dia;Decrescente;Céu Claro;Simples;Reta;Não;1219363;Automóvel;VW/GOL 1.0;2008;Passageiro;Ileso;9;Masculino;1;0;0;0;-25,64440015;-49,47335052;SPRF-PR;DEL01-PR;UOP06-DEL01-PR
687872;1528694;28/04/2025;segunda-feira;14:15:00;PR;476;164,9;ARAUCARIA;Sim;Ingestão de álcool pelo condutor;3;Colisão frontal;Com Vítimas Fatais;Pleno dia;Decrescente;Céu Claro;Simples;Reta;Não;1219375;Automóvel;VW/PARATI 1.6;2000;Passageiro;Lesões Graves;4;Masculino;0;0;1;0;-25,64440015;-49,47335052;SPRF-PR;DEL01-PR;UOP06-DEL01-PR
687872;1528692;28/04/2025;segunda-feira;14:15:00;PR;476;164,9;ARAUCARIA;Sim;Ingestão de álcool pelo condutor;2;Colisão lateral sentido oposto;Com Vítimas Fatais;Pleno dia;Decrescente;Céu Claro;Simples;Reta;Não;1219363;Automóvel;VW/GOL 1.0;2008;Passageiro;Ileso;9;Masculino;1;0;0;0;-25,64440015;-49,47335052;SPRF-PR;DEL01-PR;UOP06-DEL01-PR
687872;1528694;28/04/2025;segunda-feira;14:15:00;PR;476;164,9;ARAUCARIA;Sim;Ingestão de álcool pelo condutor;2;Colisão lateral sentido oposto;Com Vítimas Fatais;Pleno dia;Decrescente;Céu Claro;Simples;Reta;Não;1219375;Automóvel;VW/PARATI 1.6;2000;Passageiro;Lesões Graves;4;Masculino;0;0;1;0;-25,64440015;-49,47335052;SPRF-PR;DEL01-PR;UOP06-DEL01-PR
687872;1528692;28/04/2025;segunda-feira;14:15:00;PR;476;164,9;ARAUCARIA;Sim;Ingestão de álcool pelo condutor;1;Colisão lateral sentido oposto;Com Vítimas Fatais;Pleno dia;Decrescente;Céu Claro;Simples;Reta;Não;1219363;Automóvel;VW/GOL 1.0;2008;Passageiro;Ileso;9;Masculino;1;0;0;0;-25,64440015;-49,47335052;SPRF-PR;DEL01-PR;UOP06-DEL01-PR
687872;1528694;28/04/2025;segunda-feira;14:15:00;PR;476;164,9;ARAUCARIA;Sim;Ingestão de álcool pelo condutor;1;Colisão lateral sentido oposto;Com Vítimas Fatais;Pleno dia;Decrescente;Céu Claro;Simples;Reta;Não;1219375;Automóvel;VW/PARATI 1.6;2000;Passageiro;Lesões Graves;4;Masculino;0;0;1;0;-25,64440015;-49,47335052;SPRF-PR;DEL01-PR;UOP06-DEL01-PR
687933;1528983;28/04/2025;segunda-feira;19:55:00;PR;376;491;PONTA GROSSA;Não;Velocidade Incompatível;1;Engavetamento;Com Vítimas Fatais;Plena Noite;Crescente;Céu Claro;Dupla;"Declive;Reta";Não;1219712;Automóvel;HONDA/HR-V TOURING;2018;Passageiro;Ileso;1;Masculino;1;0;0;0;-25,107445;-50,191961;SPRF-PR;DEL03-PR;UOP04-DEL03-PR
687933;1528983;28/04/2025;segunda-feira;19:55:00;PR;376;491;PONTA GROSSA;Não;Declive acentuado;1;Engavetamento;Com Vítimas Fatais;Plena Noite;Crescente;Céu Claro;Dupla;"Declive;Reta";Não;1219712;Automóvel;HONDA/HR-V TOURING;2018;Passageiro;Ileso;1;Masculino;1;0;0;0;-25,107445;-50,191961;SPRF-PR;DEL03-PR;UOP04-DEL03-PR
687933;1528983;28/04/2025;segunda-feira;19:55:00;PR;376;491;PONTA GROSSA;Sim;Reação tardia ou ineficiente do condutor;1;Engavetamento;Com Vítimas Fatais;Plena Noite;Crescente;Céu Claro;Dupla;"Declive;Reta";Não;1219712;Automóvel;HONDA/HR-V TOURING;2018;Passageiro;Ileso;1;Masculino;1;0;0;0;-25,107445;-50,191961;SPRF-PR;DEL03-PR;UOP04-DEL03-PR
688359;1529760;30/04/2025;quarta-feira;20:15:00;PR;153;68;CONSELHEIRO MAIRINCK;Sim;Desrespeitar a preferência no cruzamento;1;Colisão transversal;Com Vítimas Feridas;Plena Noite;Crescente;Céu Claro;Simples;Interseção de Vias;Não;1220363;Utilitário;TOYOTA/CCROSS XRE 20;2022;Passageiro;Ileso;11;Feminino;1;0;0;0;-23,51077972;-50,11265194;SPRF-PR;DEL07-PR;UOP04-DEL07-PR
688359;1529761;30/04/2025;quarta-feira;20:15:00;PR;153;68;CONSELHEIRO MAIRINCK;Sim;Desrespeitar a preferência no cruzamento;1;Colisão transversal;Com Vítimas Feridas;Plena Noite;Crescente;Céu Claro;Simples;Interseção de Vias;Não;1220363;Utilitário;TOYOTA/CCROSS XRE 20;2022;Passageiro;Ileso;5;Masculino;1;0;0;0;-23,51077972;-50,11265194;SPRF-PR;DEL07-PR;UOP04-DEL07-PR
688428;1531374;01/05/2025;quinta-feira;05:30:00;PR;153;515,1;GENERAL CARNEIRO;Sim;Ausência de reação do condutor;2;Colisão frontal;Com Vítimas Feridas;Amanhecer;Crescente;Céu Claro;Simples;"Curva;Declive";Não;1220484;Automóvel;TOYOTA/COROLLA GLI18 CVT;2016;Passageiro;Ileso;16;Feminino;1;0;0;0;-26,58729908;-51,45172119;SPRF-PR;DEL02-PR;UOP03-DEL02-PR
688428;1531380;01/05/2025;quinta-feira;05:30:00;PR;153;515,1;GENERAL CARNEIRO;Sim;Ausência de reação do condutor;2;Colisão frontal;Com Vítimas Feridas;Amanhecer;Crescente;Céu Claro;Simples;"Curva;Declive";Não;1220487;Automóvel;CHEVROLET/COBALT 1.8 LTZ;2016;Passageiro;Lesões Leves;9;Masculino;0;1;0;0;-26,58729908;-51,45172119;SPRF-PR;DEL02-PR;UOP03-DEL02-PR
688428;1531377;01/05/2025;quinta-feira;05:30:00;PR;153;515,1;GENERAL CARNEIRO;Sim;Ausência de reação do condutor;2;Colisão frontal;Com Vítimas Feridas;Amanhecer;Crescente;Céu Claro;Simples;"Curva;Declive";Não;1220487;Automóvel;CHEVROLET/COBALT 1.8 LTZ;2016;Passageiro;Lesões Leves;16;Masculino;0;1;0;0;-26,58729908;-51,45172119;SPRF-PR;DEL02-PR;UOP03-DEL02-PR
688428;1531374;01/05/2025;quinta-feira;05:30:00;PR;153;515,1;GENERAL CARNEIRO;Sim;Ausência de reação do condutor;1;Colisão frontal;Com Vítimas Feridas;Amanhecer;Crescente;Céu Claro;Simples;"Curva;Declive";Não;1220484;Automóvel;TOYOTA/COROLLA GLI18 CVT;2016;Passageiro;Ileso;16;Feminino;1;0;0;0;-26,58729908;-51,45172119;SPRF-PR;DEL02-PR;UOP03-DEL02-PR
688428;1531380;01/05/2025;quinta-feira;05:30:00;PR;153;515,1;GENERAL CARNEIRO;Sim;Ausência de reação do condutor;1;Colisão frontal;Com Vítimas Feridas;Amanhecer;Crescente;Céu Claro;Simples;"Curva;Declive";Não;1220487;Automóvel;CHEVROLET/COBALT 1.8 LTZ;2016;Passageiro;Lesões Leves;9;Masculino;0;1;0;0;-26,58729908;-51,45172119;SPRF-PR;DEL02-PR;UOP03-DEL02-PR
688428;1531377;01/05/2025;quinta-feira;05:30:00;PR;153;515,1;GENERAL CARNEIRO;Sim;Ausência de reação do condutor;1;Colisão frontal;Com Vítimas Feridas;Amanhecer;Crescente;Céu Claro;Simples;"Curva;Declive";Não;1220487;Automóvel;CHEVROLET/COBALT 1.8 LTZ;2016;Passageiro;Lesões Leves;16;Masculino;0;1;0;0;-26,58729908;-51,45172119;SPRF-PR;DEL02-PR;UOP03-DEL02-PR
688542;1530258;01/05/2025;quinta-feira;20:30:00;PR;373;246;GUAMIRANGA;Sim;Ausência de reação do condutor;1;Colisão traseira;Com Vítimas Fatais;Plena Noite;Decrescente;Céu Claro;Simples;Reta;Não;1220759;Automóvel;HYUNDAI/CRETA 16A ACTION;2020;Passageiro;Ileso;6;Masculino;1;0;0;0;-25,190681;-50,823695;SPRF-PR;DEL03-PR;UOP01-DEL03-PR
688835;1531073;03/05/2025;sábado;10:10:00;PR;277;630;CEU AZUL;Sim;Reação tardia ou ineficiente do condutor;1;Saída de leito carroçável;Com Vítimas Feridas;Pleno dia;Decrescente;Céu Claro;Simples;Reta;Não;1221392;Automóvel;CHEVROLET/ONIX 10MT JOYE;2017;Passageiro;Lesões Leves;7;Masculino;0;1;0;0;-25,113329;-53,793316;SPRF-PR;DEL05-PR;UOP02-DEL05-PR
688835;1531073;03/05/2025;sábado;10:10:00;PR;277;630;CEU AZUL;Sim;Reação tardia ou ineficiente do condutor;2;Capotamento;Com Vítimas Feridas;Pleno dia;Decrescente;Céu Claro;Simples;Reta;Não;1221392;Automóvel;CHEVROLET/ONIX 10MT JOYE;2017;Passageiro;Lesões Leves;7;Masculino;0;1;0;0;-25,113329;-53,793316;SPRF-PR;DEL05-PR;UOP02-DEL05-PR
688872;1531041;03/05/2025;sábado;14:00:00;PR;376;174;MARINGA;Não;Condutor deixou de manter distância do veículo da frente;1;Engavetamento;Com Vítimas Feridas;Pleno dia;Decrescente;Céu Claro;Dupla;Reta;Sim;1221347;Automóvel;CHEVROLET/ONIX 1.4MT LT;2019;Passageiro;Ileso;15;Masculino;1;0;0;0;-23,4191893;-51,9667348;SPRF-PR;DEL09-PR;UOP01-DEL09-PR
688872;1531040;03/05/2025;sábado;14:00:00;PR;376;174;MARINGA;Não;Condutor deixou de manter distância do veículo da frente;1;Engavetamento;Com Vítimas Feridas;Pleno dia;Decrescente;Céu Claro;Dupla;Reta;Sim;1221347;Automóvel;CHEVROLET/ONIX 1.4MT LT;2019;Passageiro;Ileso;4;Masculino;1;0;0;0;-23,4191893;-51,9667348;SPRF-PR;DEL09-PR;UOP01-DEL09-PR
688872;1531041;03/05/2025;sábado;14:00:00;PR;376;174;MARINGA;Sim;Reação tardia ou ineficiente do condutor;1;Engavetamento;Com Vítimas Feridas;Pleno dia;Decrescente;Céu Claro;Dupla;Reta;Sim;1221347;Automóvel;CHEVROLET/ONIX 1.4MT LT;2019;Passageiro;Ileso;15;Masculino;1;0;0;0;-23,4191893;-51,9667348;SPRF-PR;DEL09-PR;UOP01-DEL09-PR
688872;1531040;03/05/2025;sábado;14:00:00;PR;376;174;MARINGA;Sim;Reação tardia ou ineficiente do condutor;1;Engavetamento;Com Vítimas Feridas;Pleno dia;Decrescente;Céu Claro;Dupla;Reta;Sim;1221347;Automóvel;CHEVROLET/ONIX 1.4MT LT;2019;Passageiro;Ileso;4;Masculino;1;0;0;0;-23,4191893;-51,9667348;SPRF-PR;DEL09-PR;UOP01-DEL09-PR
689113;1531589;04/05/2025;domingo;19:05:00;PR;116;137;MANDIRITUBA;Não;Manobra de mudança de faixa;1;Colisão lateral mesmo sentido;Sem Vítimas;Plena Noite;Crescente;Céu Claro;Dupla;Reta;Não;1221752;Automóvel;HYUNDAI/HB20S 10M COMFOR;2023;Passageiro;Ileso;14;Masculino;1;0;0;0;-25,728028;-49,317798;SPRF-PR;DEL01-PR;UOP03-DEL01-PR
689113;1531589;04/05/2025;domingo;19:05:00;PR;116;137;MANDIRITUBA;Sim;Reação tardia ou ineficiente do condutor;1;Colisão lateral mesmo sentido;Sem Vítimas;Plena Noite;Crescente;Céu Claro;Dupla;Reta;Não;1221752;Automóvel;HYUNDAI/HB20S 10M COMFOR;2023;Passageiro;Ileso;14;Masculino;1;0;0;0;-25,728028;-49,317798;SPRF-PR;DEL01-PR;UOP03-DEL01-PR
689148;1533308;04/05/2025;domingo;22:15:00;PR;373;268;PRUDENTOPOLIS;Sim;Ingestão de álcool pelo condutor;2;Colisão frontal;Com Vítimas Feridas;Plena Noite;Decrescente;Céu Claro;Simples;Curva;Não;1221811;Automóvel;FIAT/UNO MILLE EP;1996;Passageiro;Ileso;2;Masculino;1;0;0;0;-25,21903118;-51,01841369;SPRF-PR;DEL08-PR;UOP01-DEL08-PR
689148;1533307;04/05/2025;domingo;22:15:00;PR;373;268;PRUDENTOPOLIS;Sim;Ingestão de álcool pelo condutor;2;Colisão frontal;Com Vítimas Feridas;Plena Noite;Decrescente;Céu Claro;Simples;Curva;Não;1221811;Automóvel;FIAT/UNO MILLE EP;1996;Passageiro;Ileso;1;Masculino;1;0;0;0;-25,21903118;-51,01841369;SPRF-PR;DEL08-PR;UOP01-DEL08-PR
689148;1533308;04/05/2025;domingo;22:15:00;PR;373;268;PRUDENTOPOLIS;Sim;Ingestão de álcool pelo condutor;1;Colisão lateral sentido oposto;Com Vítimas Feridas;Plena Noite;Decrescente;Céu Claro;Simples;Curva;Não;1221811;Automóvel;FIAT/UNO MILLE EP;1996;Passageiro;Ileso;2;Masculino;1;0;0;0;-25,21903118;-51,01841369;SPRF-PR;DEL08-PR;UOP01-DEL08-PR
689148;1533307;04/05/2025;domingo;22:15:00;PR;373;268;PRUDENTOPOLIS;Sim;Ingestão de álcool pelo condutor;1;Colisão lateral sentido oposto;Com Vítimas Feridas;Plena Noite;Decrescente;Céu Claro;Simples;Curva;Não;1221811;Automóvel;FIAT/UNO MILLE EP;1996;Passageiro;Ileso;1;Masculino;1;0;0;0;-25,21903118;-51,01841369;SPRF-PR;DEL08-PR;UOP01-DEL08-PR
689307;1532135;05/05/2025;segunda-feira;18:15:00;PR;116;115;CURITIBA;Não;Reação tardia ou ineficiente do condutor;1;Colisão transversal;Com Vítimas Feridas;Plena Noite;Crescente;Céu Claro;Dupla;Reta;Sim;1222133;Motocicleta;SHINERAY/SHI 175;2024;Condutor;Lesões Graves;7;Masculino;0;0;1;0;-25,54964776;-49,30424659;SPRF-PR;DEL01-PR;UOP03-DEL01-PR
689307;1532135;05/05/2025;segunda-feira;18:15:00;PR;116;115;CURITIBA;Sim;Acessar a via sem observar a presença dos outros veículos;1;Colisão transversal;Com Vítimas Feridas;Plena Noite;Crescente;Céu Claro;Dupla;Reta;Sim;1222133;Motocicleta;SHINERAY/SHI 175;2024;Condutor;Lesões Graves;7;Masculino;0;0;1;0;-25,54964776;-49,30424659;SPRF-PR;DEL01-PR;UOP03-DEL01-PR
689327;1532191;05/05/2025;segunda-feira;20:00:00;PR;376;251;APUCARANA;Não;Reação tardia ou ineficiente do condutor;2;Queda de ocupante de veículo;Com Vítimas Feridas;Plena Noite;Decrescente;Céu Claro;Dupla;Reta;Não;1222170;Motocicleta;HONDA/CG 160 FAN;2020;Passageiro;Ileso;15;Feminino;1;0;0;0;-23,621356;-51,389003;SPRF-PR;DEL07-PR;UOP03-DEL07-PR
689327;1532191;05/05/2025;segunda-feira;20:00:00;PR;376;251;APUCARANA;Não;Reação tardia ou ineficiente do condutor;1;Tombamento;Com Vítimas Feridas;Plena Noite;Decrescente;Céu Claro;Dupla;Reta;Não;1222170;Motocicleta;HONDA/CG 160 FAN;2020;Passageiro;Ileso;15;Feminino;1;0;0;0;-23,621356;-51,389003;SPRF-PR;DEL07-PR;UOP03-DEL07-PR
689327;1532191;05/05/2025;segunda-feira;20:00:00;PR;376;251;APUCARANA;Sim;Pista esburacada;2;Queda de ocupante de veículo;Com Vítimas Feridas;Plena Noite;Decrescente;Céu Claro;Dupla;Reta;Não;1222170;Motocicleta;HONDA/CG 160 FAN;2020;Passageiro;Ileso;15;Feminino;1;0;0;0;-23,621356;-51,389003;SPRF-PR;DEL07-PR;UOP03-DEL07-PR
689327;1532191;05/05/2025;segunda-feira;20:00:00;PR;376;251;APUCARANA;Sim;Pista esburacada;1;Tombamento;Com Vítimas Feridas;Plena Noite;Decrescente;Céu Claro;Dupla;Reta;Não;1222170;Motocicleta;HONDA/CG 160 FAN;2020;Passageiro;Ileso;15;Feminino;1;0;0;0;-23,621356;-51,389003;SPRF-PR;DEL07-PR;UOP03-DEL07-PR
689689;1533106;07/05/2025;quarta-feira;19:10:00;PR;277;593,1;CASCAVEL;Sim;Condutor deixou de manter distância do veículo da frente;1;Engavetamento;Com Vítimas Feridas;Plena Noite;Crescente;Céu Claro;Simples;"Reta;Aclive";Sim;1222895;Automóvel;IMP/FORD MONDEO CLX ND;1997;Passageiro;Ileso;7;Feminino;1;0;0;0;-24,98028287;-53,48549928;SPRF-PR;DEL04-PR;UOP01-DEL04-PR
689689;1533105;07/05/2025;quarta-feira;19:10:00;PR;277;593,1;CASCAVEL;Sim;Condutor deixou de manter distância do veículo da frente;1;Engavetamento;Com Vítimas Feridas;Plena Noite;Crescente;Céu Claro;Simples;"Reta;Aclive";Sim;1222895;Automóvel;IMP/FORD MONDEO CLX ND;1997;Passageiro;Ileso;15;Feminino;1;0;0;0;-24,98028287;-53,48549928;SPRF-PR;DEL04-PR;UOP01-DEL04-PR
690177;1534184;09/05/2025;sexta-feira;23:40:00;PR;277;213,2;PALMEIRA;Sim;Transitar na contramão;2;Saída de leito carroçável;Com Vítimas Feridas;Plena Noite;Crescente;Chuva;Simples;Curva;Não;1223808;Automóvel;FORD/FIESTA SEDAN1.6FLEX;2010;Passageiro;Lesões Leves;10;Feminino;0;1;0;0;-25,460406;-50,331759;SPRF-PR;DEL08-PR;UOP02-DEL08-PR
690177;1534184;09/05/2025;sexta-feira;23:40:00;PR;277;213,2;PALMEIRA;Sim;Transitar na contramão;1;Colisão lateral sentido oposto;Com Vítimas Feridas;Plena Noite;Crescente;Chuva;Simples;Curva;Não;1223808;Automóvel;FORD/FIESTA SEDAN1.6FLEX;2010;Passageiro;Lesões Leves;10;Feminino;0;1;0;0;-25,460406;-50,331759;SPRF-PR;DEL08-PR;UOP02-DEL08-PR
690206;1535847;10/05/2025;sábado;04:25:00;PR;487;172,3;CAMPO MOURAO;Sim;Animais na Pista;3;Capotamento;Com Vítimas Feridas;Plena Noite;Crescente;Nublado;Simples;"Reta;Declive";Não;1223828;Automóvel;VW/GOL 1.0 GIV;2008;Passageiro;Lesões Leves;5;Masculino;0;1;0;0;-24,0208956;-52,4462951;SPRF-PR;DEL09-PR;UOP03-DEL09-PR
690206;1535847;10/05/2025;sábado;04:25:00;PR;487;172,3;CAMPO MOURAO;Sim;Animais na Pista;2;Colisão com objeto;Com Vítimas Feridas;Plena Noite;Crescente;Nublado;Simples;"Reta;Declive";Não;1223828;Automóvel;VW/GOL 1.0 GIV;2008;Passageiro;Lesões Leves;5;Masculino;0;1;0;0;-24,0208956;-52,4462951;SPRF-PR;DEL09-PR;UOP03-DEL09-PR
690206;1535847;10/05/2025;sábado;04:25:00;PR;487;172,3;CAMPO MOURAO;Sim;Animais na Pista;1;Saída de leito carroçável;Com Vítimas Feridas;Plena Noite;Crescente;Nublado;Simples;"Reta;Declive";Não;1223828;Automóvel;VW/GOL 1.0 GIV;2008;Passageiro;Lesões Leves;5;Masculino;0;1;0;0;-24,0208956;-52,4462951;SPRF-PR;DEL09-PR;UOP03-DEL09-PR
690259;1534415;10/05/2025;sábado;09:15:00;PR;369;433,5;UBIRATA;Sim;Desrespeitar a preferência no cruzamento;1;Colisão transversal;Com Vítimas Feridas;Pleno dia;Decrescente;Céu Claro;Simples;"Reta;Interseção de Vias";Sim;1224011;Automóvel;FIAT/UNO MILLE FIRE FLEX;2008;Passageiro;Lesões Leves;8;Masculino;0;1;0;0;-24,55692542;-52,99874995;SPRF-PR;DEL04-PR;UOP03-DEL04-PR
690259;1534410;10/05/2025;sábado;09:15:00;PR;369;433,5;UBIRATA;Sim;Desrespeitar a preferência no cruzamento;1;Colisão transversal;Com Vítimas Feridas;Pleno dia;Decrescente;Céu Claro;Simples;"Reta;Interseção de Vias";Sim;1224011;Automóvel;FIAT/UNO MILLE FIRE FLEX;2008;Passageiro;Lesões Leves;2;Masculino;0;1;0;0;-24,55692542;-52,99874995;SPRF-PR;DEL04-PR;UOP03-DEL04-PR
690267;1534404;10/05/2025;sábado;10:11:00;PR;116;44,5;CAMPINA GRANDE DO SUL;Não;Falta de elemento de contenção que evite a saída do leito carroçável;4;Colisão com objeto;Com Vítimas Feridas;Pleno dia;Crescente;Chuva;Dupla;Curva;Não;1223989;Utilitário;I/TOYOTA LAND CRUISER PR;2008;Passageiro;Lesões Leves;16;Masculino;0;1;0;0;-25,193355;-48,888547;SPRF-PR;DEL01-PR;UOP02-DEL01-PR
690267;1534404;10/05/2025;sábado;10:11:00;PR;116;44,5;CAMPINA GRANDE DO SUL;Não;Falta de elemento de contenção que evite a saída do leito carroçável;3;Capotamento;Com Vítimas Feridas;Pleno dia;Crescente;Chuva;Dupla;Curva;Não;1223989;Utilitário;I/TOYOTA LAND CRUISER PR;2008;Passageiro;Lesões Leves;16;Masculino;0;1;0;0;-25,193355;-48,888547;SPRF-PR;DEL01-PR;UOP02-DEL01-PR
690267;1534404;10/05/2025;sábado;10:11:00;PR;116;44,5;CAMPINA GRANDE DO SUL;Não;Falta de elemento de contenção que evite a saída do leito carroçável;2;Saída de leito carroçável;Com Vítimas Feridas;Pleno dia;Crescente;Chuva;Dupla;Curva;Não;1223989;Utilitário;I/TOYOTA LAND CRUISER PR;2008;Passageiro;Lesões Leves;16;Masculino;0;1;0;0;-25,193355;-48,888547;SPRF-PR;DEL01-PR;UOP02-DEL01-PR
690267;1534404;10/05/2025;sábado;10:11:00;PR;116;44,5;CAMPINA GRANDE DO SUL;Não;Falta de elemento de contenção que evite a saída do leito carroçável;1;Colisão com objeto;Com Vítimas Feridas;Pleno dia;Crescente;Chuva;Dupla;Curva;Não;1223989;Utilitário;I/TOYOTA LAND CRUISER PR;2008;Passageiro;Lesões Leves;16;Masculino;0;1;0;0;-25,193355;-48,888547;SPRF-PR;DEL01-PR;UOP02-DEL01-PR
690267;1534404;10/05/2025;sábado;10:11:00;PR;116;44,5;CAMPINA GRANDE DO SUL;Não;Acumulo de água sobre o pavimento;4;Colisão com objeto;Com Vítimas Feridas;Pleno dia;Crescente;Chuva;Dupla;Curva;Não;1223989;Utilitário;I/TOYOTA LAND CRUISER PR;2008;Passageiro;Lesões Leves;16;Masculino;0;1;0;0;-25,193355;-48,888547;SPRF-PR;DEL01-PR;UOP02-DEL01-PR
690267;1534404;10/05/2025;sábado;10:11:00;PR;116;44,5;CAMPINA GRANDE DO SUL;Não;Acumulo de água sobre o pavimento;3;Capotamento;Com Vítimas Feridas;Pleno dia;Crescente;Chuva;Dupla;Curva;Não;1223989;Utilitário;I/TOYOTA LAND CRUISER PR;2008;Passageiro;Lesões Leves;16;Masculino;0;1;0;0;-25,193355;-48,888547;SPRF-PR;DEL01-PR;UOP02-DEL01-PR
690267;1534404;10/05/2025;sábado;10:11:00;PR;116;44,5;CAMPINA GRANDE DO SUL;Não;Acumulo de água sobre o pavimento;2;Saída de leito carroçável;Com Vítimas Feridas;Pleno dia;Crescente;Chuva;Dupla;Curva;Não;1223989;Utilitário;I/TOYOTA LAND CRUISER PR;2008;Passageiro;Lesões Leves;16;Masculino;0;1;0;0;-25,193355;-48,888547;SPRF-PR;DEL01-PR;UOP02-DEL01-PR
690267;1534404;10/05/2025;sábado;10:11:00;PR;116;44,5;CAMPINA GRANDE DO SUL;Não;Acumulo de água sobre o pavimento;1;Colisão com objeto;Com Vítimas Feridas;Pleno dia;Crescente;Chuva;Dupla;Curva;Não;1223989;Utilitário;I/TOYOTA LAND CRUISER PR;2008;Passageiro;Lesões Leves;16;Masculino;0;1;0;0;-25,193355;-48,888547;SPRF-PR;DEL01-PR;UOP02-DEL01-PR
690267;1534404;10/05/2025;sábado;10:11:00;PR;116;44,5;CAMPINA GRANDE DO SUL;Sim;Chuva;4;Colisão com objeto;Com Vítimas Feridas;Pleno dia;Crescente;Chuva;Dupla;Curva;Não;1223989;Utilitário;I/TOYOTA LAND CRUISER PR;2008;Passageiro;Lesões Leves;16;Masculino;0;1;0;0;-25,193355;-48,888547;SPRF-PR;DEL01-PR;UOP02-DEL01-PR
690267;1534404;10/05/2025;sábado;10:11:00;PR;116;44,5;CAMPINA GRANDE DO SUL;Sim;Chuva;3;Capotamento;Com Vítimas Feridas;Pleno dia;Crescente;Chuva;Dupla;Curva;Não;1223989;Utilitário;I/TOYOTA LAND CRUISER PR;2008;Passageiro;Lesões Leves;16;Masculino;0;1;0;0;-25,193355;-48,888547;SPRF-PR;DEL01-PR;UOP02-DEL01-PR
690267;1534404;10/05/2025;sábado;10:11:00;PR;116;44,5;CAMPINA GRANDE DO SUL;Sim;Chuva;2;Saída de leito carroçável;Com Vítimas Feridas;Pleno dia;Crescente;Chuva;Dupla;Curva;Não;1223989;Utilitário;I/TOYOTA LAND CRUISER PR;2008;Passageiro;Lesões Leves;16;Masculino;0;1;0;0;-25,193355;-48,888547;SPRF-PR;DEL01-PR;UOP02-DEL01-PR
690267;1534404;10/05/2025;sábado;10:11:00;PR;116;44,5;CAMPINA GRANDE DO SUL;Sim;Chuva;1;Colisão com objeto;Com Vítimas Feridas;Pleno dia;Crescente;Chuva;Dupla;Curva;Não;1223989;Utilitário;I/TOYOTA LAND CRUISER PR;2008;Passageiro;Lesões Leves;16;Masculino;0;1;0;0;-25,193355;-48,888547;SPRF-PR;DEL01-PR;UOP02-DEL01-PR
690279;1534416;10/05/2025;sábado;10:20:00;PR;376;324,7;ORTIGUEIRA;Sim;Ausência de reação do condutor;2;Capotamento;Com Vítimas Feridas;Pleno dia;Decrescente;Chuva;Simples;Curva;Não;1224013;Automóvel;FIAT/DOBLO ESSENCE 7L E;2017;Passageiro;Lesões Leves;6;Masculino;0;1;0;0;-24,05314588;-51,06651306;SPRF-PR;DEL07-PR;UOP02-DEL07-PR
690279;1534416;10/05/2025;sábado;10:20:00;PR;376;324,7;ORTIGUEIRA;Sim;Ausência de reação do condutor;1;Saída de leito carroçável;Com Vítimas Feridas;Pleno dia;Decrescente;Chuva;Simples;Curva;Não;1224013;Automóvel;FIAT/DOBLO ESSENCE 7L E;2017;Passageiro;Lesões Leves;6;Masculino;0;1;0;0;-24,05314588;-51,06651306;SPRF-PR;DEL07-PR;UOP02-DEL07-PR
690286;1534511;10/05/2025;sábado;10:00:00;PR;116;131;FAZENDA RIO GRANDE;Sim;Demais falhas mecânicas ou elétricas;1;Colisão lateral mesmo sentido;Com Vítimas Feridas;Pleno dia;Crescente;Nublado;Simples;Reta;Não;1224033;Automóvel;VW/GOL 16V POWER;2002;Passageiro;Lesões Leves;5;Masculino;0;1;0;0;-25,68621257;-49,31655105;SPRF-PR;DEL01-PR;UOP03-DEL01-PR