id;pesid;data_inversa;dia_semana;horario;uf;br;km;municipio;causa_principal;causa_acidente;ordem_tipo_acidente;tipo_acidente;classificacao_acidente;fase_dia;sentido_via;condicao_metereologica;tipo_pista;tracado_via;uso_solo;id_veiculo;tipo_veiculo;marca;ano_fabricacao_veiculo;tipo_envolvido;estado_fisico;idade;sexo;ilesos;feridos_leves;feridos_graves;mortos;latitude;longitude;regional;delegacia;uop
690367;1534706;10/05/2025;sábado;17:00:00;PR;116;5,5;CAMPINA GRANDE DO SUL;Não;Curva acentuada;2;Tombamento;Com Vítimas Feridas;Anoitecer;Decrescente;Garoa/Chuvisco;Dupla;Curva;Não;1224244;Utilitário;I/TOYOTA HILUX SWDMDA4JD;2019;Passageiro;Ileso;0;Masculino;1;0;0;0;-25,087782;-48,604587;SPRF-PR;DEL01-PR;UOP02-DEL01-PR
690367;1534705;10/05/2025;sábado;17:00:00;PR;116;5,5;CAMPINA GRANDE DO SUL;Não;Curva acentuada;2;Tombamento;Com Vítimas Feridas;Anoitecer;Decrescente;Garoa/Chuvisco;Dupla;Curva;Não;1224244;Utilitário;I/TOYOTA HILUX SWDMDA4JD;2019;Passageiro;Ileso;3;Feminino;1;0;0;0;-25,087782;-48,604587;SPRF-PR;DEL01-PR;UOP02-DEL01-PR
690367;1534706;10/05/2025;sábado;17:00:00;PR;116;5,5;CAMPINA GRANDE DO SUL;Não;Curva acentuada;1;Colisão com objeto;Com Vítimas Feridas;Anoitecer;Decrescente;Garoa/Chuvisco;Dupla;Curva;Não;1224244;Utilitário;I/TOYOTA HILUX SWDMDA4JD;2019;Passageiro;Ileso;0;Masculino;1;0;0;0;-25,087782;-48,604587;SPRF-PR;DEL01-PR;UOP02-DEL01-PR
690367;1534705;10/05/2025;sábado;17:00:00;PR;116;5,5;CAMPINA GRANDE DO SUL;Não;Curva acentuada;1;Colisão com objeto;Com Vítimas Feridas;Anoitecer;Decrescente;Garoa/Chuvisco;Dupla;Curva;Não;1224244;Utilitário;I/TOYOTA HILUX SWDMDA4JD;2019;Passageiro;Ileso;3;Feminino;1;0;0;0;-25,087782;-48,604587;SPRF-PR;DEL01-PR;UOP02-DEL01-PR
690367;1534706;10/05/2025;sábado;17:00:00;PR;116;5,5;CAMPINA GRANDE DO SUL;Não;Chuva;2;Tombamento;Com Vítimas Feridas;Anoitecer;Decrescente;Garoa/Chuvisco;Dupla;Curva;Não;1224244;Utilitário;I/TOYOTA HILUX SWDMDA4JD;2019;Passageiro;Ileso;0;Masculino;1;0;0;0;-25,087782;-48,604587;SPRF-PR;DEL01-PR;UOP02-DEL01-PR
690367;1534705;10/05/2025;sábado;17:00:00;PR;116;5,5;CAMPINA GRANDE DO SUL;Não;Chuva;2;Tombamento;Com Vítimas Feridas;Anoitecer;Decrescente;Garoa/Chuvisco;Dupla;Curva;Não;1224244;Utilitário;I/TOYOTA HILUX SWDMDA4JD;2019;Passageiro;Ileso;3;Feminino;1;0;0;0;-25,087782;-48,604587;SPRF-PR;DEL01-PR;UOP02-DEL01-PR
690367;1534706;10/05/2025;sábado;17:00:00;PR;116;5,5;CAMPINA GRANDE DO SUL;Não;Chuva;1;Colisão com objeto;Com Vítimas Feridas;Anoitecer;Decrescente;Garoa/Chuvisco;Dupla;Curva;Não;1224244;Utilitário;I/TOYOTA HILUX SWDMDA4JD;2019;Passageiro;Ileso;0;Masculino;1;0;0;0;-25,087782;-48,604587;SPRF-PR;DEL01-PR;UOP02-DEL01-PR
690367;1534705;10/05/2025;sábado;17:00:00;PR;116;5,5;CAMPINA GRANDE DO SUL;Não;Chuva;1;Colisão com objeto;Com Vítimas Feridas;Anoitecer;Decrescente;Garoa/Chuvisco;Dupla;Curva;Não;1224244;Utilitário;I/TOYOTA HILUX SWDMDA4JD;2019;Passageiro;Ileso;3;Feminino;1;0;0;0;-25,087782;-48,604587;SPRF-PR;DEL01-PR;UOP02-DEL01-PR
690367;1534706;10/05/2025;sábado;17:00:00;PR;116;5,5;CAMPINA GRANDE DO SUL;Sim;Velocidade Incompatível;2;Tombamento;Com Vítimas Feridas;Anoitecer;Decrescente;Garoa/Chuvisco;Dupla;Curva;Não;1224244;Utilitário;I/TOYOTA HILUX SWDMDA4JD;2019;Passageiro;Ileso;0;Masculino;1;0;0;0;-25,087782;-48,604587;SPRF-PR;DEL01-PR;UOP02-DEL01-PR
690367;1534705;10/05/2025;sábado;17:00:00;PR;116;5,5;CAMPINA GRANDE DO SUL;Sim;Velocidade Incompatível;2;Tombamento;Com Vítimas Feridas;Anoitecer;Decrescente;Garoa/Chuvisco;Dupla;Curva;Não;1224244;Utilitário;I/TOYOTA HILUX SWDMDA4JD;2019;Passageiro;Ileso;3;Feminino;1;0;0;0;-25,087782;-48,604587;SPRF-PR;DEL01-PR;UOP02-DEL01-PR
690367;1534706;10/05/2025;sábado;17:00:00;PR;116;5,5;CAMPINA GRANDE DO SUL;Sim;Velocidade Incompatível;1;Colisão com objeto;Com Vítimas Feridas;Anoitecer;Decrescente;Garoa/Chuvisco;Dupla;Curva;Não;1224244;Utilitário;I/TOYOTA HILUX SWDMDA4JD;2019;Passageiro;Ileso;0;Masculino;1;0;0;0;-25,087782;-48,604587;SPRF-PR;DEL01-PR;UOP02-DEL01-PR
690367;1534705;10/05/2025;sábado;17:00:00;PR;116;5,5;CAMPINA GRANDE DO SUL;Sim;Velocidade Incompatível;1;Colisão com objeto;Com Vítimas Feridas;Anoitecer;Decrescente;Garoa/Chuvisco;Dupla;Curva;Não;1224244;Utilitário;I/TOYOTA HILUX SWDMDA4JD;2019;Passageiro;Ileso;3;Feminino;1;0;0;0;-25,087782;-48,604587;SPRF-PR;DEL01-PR;UOP02-DEL01-PR
690380;1536698;10/05/2025;sábado;19:00:00;PR;272;384,2;ARARUNA;Não;Ingestão de álcool pelo condutor;5;Capotamento;Com Vítimas Fatais;Anoitecer;Decrescente;Céu Claro;Simples;Reta;Não;1225861;Automóvel;GM/CORSA WIND;1995;Passageiro;Lesões Leves;16;Feminino;0;1;0;0;-24,058486;-52,558035;SPRF-PR;DEL09-PR;UOP03-DEL09-PR
690380;1536698;10/05/2025;sábado;19:00:00;PR;272;384,2;ARARUNA;Não;Ingestão de álcool pelo condutor;4;Saída de leito carroçável;Com Vítimas Fatais;Anoitecer;Decrescente;Céu Claro;Simples;Reta;Não;1225861;Automóvel;GM/CORSA WIND;1995;Passageiro;Lesões Leves;16;Feminino;0;1;0;0;-24,058486;-52,558035;SPRF-PR;DEL09-PR;UOP03-DEL09-PR
690380;1536698;10/05/2025;sábado;19:00:00;PR;272;384,2;ARARUNA;Não;Ingestão de álcool pelo condutor;3;Queda de ocupante de veículo;Com Vítimas Fatais;Anoitecer;Decrescente;Céu Claro;Simples;Reta;Não;1225861;Automóvel;GM/CORSA WIND;1995;Passageiro;Lesões Leves;16;Feminino;0;1;0;0;-24,058486;-52,558035;SPRF-PR;DEL09-PR;UOP03-DEL09-PR
690380;1536698;10/05/2025;sábado;19:00:00;PR;272;384,2;ARARUNA;Não;Ingestão de álcool pelo condutor;2;Tombamento;Com Vítimas Fatais;Anoitecer;Decrescente;Céu Claro;Simples;Reta;Não;1225861;Automóvel;GM/CORSA WIND;1995;Passageiro;Lesões Leves;16;Feminino;0;1;0;0;-24,058486;-52,558035;SPRF-PR;DEL09-PR;UOP03-DEL09-PR
690380;1536698;10/05/2025;sábado;19:00:00;PR;272;384,2;ARARUNA;Não;Ingestão de álcool pelo condutor;1;Colisão frontal;Com Vítimas Fatais;Anoitecer;Decrescente;Céu Claro;Simples;Reta;Não;1225861;Automóvel;GM/CORSA WIND;1995;Passageiro;Lesões Leves;16;Feminino;0;1;0;0;-24,058486;-52,558035;SPRF-PR;DEL09-PR;UOP03-DEL09-PR
690380;1536698;10/05/2025;sábado;19:00:00;PR;272;384,2;ARARUNA;Sim;Ultrapassagem Indevida;5;Capotamento;Com Vítimas Fatais;Anoitecer;Decrescente;Céu Claro;Simples;Reta;Não;1225861;Automóvel;GM/CORSA WIND;1995;Passageiro;Lesões Leves;16;Feminino;0;1;0;0;-24,058486;-52,558035;SPRF-PR;DEL09-PR;UOP03-DEL09-PR
690380;1536698;10/05/2025;sábado;19:00:00;PR;272;384,2;ARARUNA;Sim;Ultrapassagem Indevida;4;Saída de leito carroçável;Com Vítimas Fatais;Anoitecer;Decrescente;Céu Claro;Simples;Reta;Não;1225861;Automóvel;GM/CORSA WIND;1995;Passageiro;Lesões Leves;16;Feminino;0;1;0;0;-24,058486;-52,558035;SPRF-PR;DEL09-PR;UOP03-DEL09-PR
690380;1536698;10/05/2025;sábado;19:00:00;PR;272;384,2;ARARUNA;Sim;Ultrapassagem Indevida;3;Queda de ocupante de veículo;Com Vítimas Fatais;Anoitecer;Decrescente;Céu Claro;Simples;Reta;Não;1225861;Automóvel;GM/CORSA WIND;1995;Passageiro;Lesões Leves;16;Feminino;0;1;0;0;-24,058486;-52,558035;SPRF-PR;DEL09-PR;UOP03-DEL09-PR
690380;1536698;10/05/2025;sábado;19:00:00;PR;272;384,2;ARARUNA;Sim;Ultrapassagem Indevida;2;Tombamento;Com Vítimas Fatais;Anoitecer;Decrescente;Céu Claro;Simples;Reta;Não;1225861;Automóvel;GM/CORSA WIND;1995;Passageiro;Lesões Leves;16;Feminino;0;1;0;0;-24,058486;-52,558035;SPRF-PR;DEL09-PR;UOP03-DEL09-PR
690380;1536698;10/05/2025;sábado;19:00:00;PR;272;384,2;ARARUNA;Sim;Ultrapassagem Indevida;1;Colisão frontal;Com Vítimas Fatais;Anoitecer;Decrescente;Céu Claro;Simples;Reta;Não;1225861;Automóvel;GM/CORSA WIND;1995;Passageiro;Lesões Leves;16;Feminino;0;1;0;0;-24,058486;-52,558035;SPRF-PR;DEL09-PR;UOP03-DEL09-PR
690441;1534785;10/05/2025;sábado;22:45:00;PR;153;349;REBOUCAS;Sim;Acessar a via sem observar a presença dos outros veículos;3;Capotamento;Com Vítimas Feridas;Plena Noite;Decrescente;Nublado;Simples;Reta;Sim;1224314;Camioneta;JEEP/RENEGADE SPORT MT;2016;Passageiro;Ileso;15;Masculino;1;0;0;0;-25,60978659;-50,70018467;SPRF-PR;DEL08-PR;UOP02-DEL08-PR
690441;1534785;10/05/2025;sábado;22:45:00;PR;153;349;REBOUCAS;Sim;Acessar a via sem observar a presença dos outros veículos;2;Saída de leito carroçável;Com Vítimas Feridas;Plena Noite;Decrescente;Nublado;Simples;Reta;Sim;1224314;Camioneta;JEEP/RENEGADE SPORT MT;2016;Passageiro;Ileso;15;Masculino;1;0;0;0;-25,60978659;-50,70018467;SPRF-PR;DEL08-PR;UOP02-DEL08-PR
690441;1534785;10/05/2025;sábado;22:45:00;PR;153;349;REBOUCAS;Sim;Acessar a via sem observar a presença dos outros veículos;1;Colisão transversal;Com Vítimas Feridas;Plena Noite;Decrescente;Nublado;Simples;Reta;Sim;1224314;Camioneta;JEEP/RENEGADE SPORT MT;2016;Passageiro;Ileso;15;Masculino;1;0;0;0;-25,60978659;-50,70018467;SPRF-PR;DEL08-PR;UOP02-DEL08-PR
690501;1536786;10/05/2025;sábado;23:20:00;PR;163;101;CAPANEMA;Sim;Acessar a via sem observar a presença dos outros veículos;1;Colisão transversal;Com Vítimas Feridas;Plena Noite;Crescente;Céu Claro;Simples;Reta;Não;1224388;Caminhonete;FIAT/STRADA FREEDOM CD;2019;Passageiro;Ileso;11;Masculino;1;0;0;0;-25,60336325;-53,7513721;SPRF-PR;DEL02-PR;UOP02-DEL02-PR
690501;1536785;10/05/2025;sábado;23:20:00;PR;163;101;CAPANEMA;Sim;Acessar a via sem observar a presença dos outros veículos;1;Colisão transversal;Com Vítimas Feridas;Plena Noite;Crescente;Céu Claro;Simples;Reta;Não;1224388;Caminhonete;FIAT/STRADA FREEDOM CD;2019;Passageiro;Ileso;14;Masculino;1;0;0;0;-25,60336325;-53,7513721;SPRF-PR;DEL02-PR;UOP02-DEL02-PR
690555;1534988;11/05/2025;domingo;12:00:00;PR;116;119;CURITIBA;Não;Condutor deixou de manter distância do veículo da frente;1;Colisão traseira;Sem Vítimas;Pleno dia;Crescente;Céu Claro;Dupla;Reta;Sim;1224479;Automóvel;VW/GOL CLI;1995;Passageiro;Ileso;15;Masculino;1;0;0;0;-25,581567;-49,313383;SPRF-PR;DEL01-PR;UOP03-DEL01-PR
690555;1534988;11/05/2025;domingo;12:00:00;PR;116;119;CURITIBA;Sim;Reação tardia ou ineficiente do condutor;1;Colisão traseira;Sem Vítimas;Pleno dia;Crescente;Céu Claro;Dupla;Reta;Sim;1224479;Automóvel;VW/GOL CLI;1995;Passageiro;Ileso;15;Masculino;1;0;0;0;-25,581567;-49,313383;SPRF-PR;DEL01-PR;UOP03-DEL01-PR
690646;1537663;11/05/2025;domingo;17:10:00;PR;277;239,9;FERNANDES PINHEIRO;Sim;Acessar a via sem observar a presença dos outros veículos;1;Colisão transversal;Com Vítimas Feridas;Pleno dia;Decrescente;Céu Claro;Simples;"Reta;Declive";Não;1224624;Automóvel;FIAT/TEMPRA SX;1997;Passageiro;Lesões Leves;4;Feminino;0;1;0;0;-25,4643716;-50,56740992;SPRF-PR;DEL08-PR;UOP02-DEL08-PR
690646;1537657;11/05/2025;domingo;17:10:00;PR;277;239,9;FERNANDES PINHEIRO;Sim;Acessar a via sem observar a presença dos outros veículos;1;Colisão transversal;Com Vítimas Feridas;Pleno dia;Decrescente;Céu Claro;Simples;"Reta;Declive";Não;1224624;Automóvel;FIAT/TEMPRA SX;1997;Passageiro;Lesões Leves;6;Masculino;0;1;0;0;-25,4643716;-50,56740992;SPRF-PR;DEL08-PR;UOP02-DEL08-PR
690646;1537650;11/05/2025;domingo;17:10:00;PR;277;239,9;FERNANDES PINHEIRO;Sim;Acessar a via sem observar a presença dos outros veículos;1;Colisão transversal;Com Vítimas Feridas;Pleno dia;Decrescente;Céu Claro;Simples;"Reta;Declive";Não;1224624;Automóvel;FIAT/TEMPRA SX;1997;Passageiro;Lesões Leves;12;Feminino;0;1;0;0;-25,4643716;-50,56740992;SPRF-PR;DEL08-PR;UOP02-DEL08-PR
690715;1537483;12/05/2025;segunda-feira;02:10:00;PR;277;276,7;PRUDENTOPOLIS;Sim;Condutor Dormindo;1;Saída de leito carroçável;Com Vítimas Feridas;Plena Noite;Crescente;Nublado;Simples;Reta;Não;1224778;Automóvel;VW/VOYAGE 1.6L MB5;2020;Passageiro;Lesões Graves;7;Masculino;0;0;1;0;-25,371075;-50,899656;SPRF-PR;DEL08-PR;UOP02-DEL08-PR
690715;1537482;12/05/2025;segunda-feira;02:10:00;PR;277;276,7;PRUDENTOPOLIS;Sim;Condutor Dormindo;1;Saída de leito carroçável;Com Vítimas Feridas;Plena Noite;Crescente;Nublado;Simples;Reta;Não;1224778;Automóvel;VW/VOYAGE 1.6L MB5;2020;Passageiro;Lesões Leves;8;Masculino;0;1;0;0;-25,371075;-50,899656;SPRF-PR;DEL08-PR;UOP02-DEL08-PR
691156;1536479;14/05/2025;quarta-feira;07:15:00;PR;376;183,8;SARANDI;Sim;Condutor deixou de manter distância do veículo da frente;2;Colisão com objeto;Com Vítimas Feridas;Pleno dia;Decrescente;Céu Claro;Dupla;"Reta;Aclive";Não;1225702;Automóvel;GM/CORSA HATCH;2002;Passageiro;Ileso;9;Feminino;1;0;0;0;-23,440253;-51,872986;SPRF-PR;DEL09-PR;UOP01-DEL09-PR
691156;1536479;14/05/2025;quarta-feira;07:15:00;PR;376;183,8;SARANDI;Sim;Condutor deixou de manter distância do veículo da frente;1;Colisão traseira;Com Vítimas Feridas;Pleno dia;Decrescente;Céu Claro;Dupla;"Reta;Aclive";Não;1225702;Automóvel;GM/CORSA HATCH;2002;Passageiro;Ileso;9;Feminino;1;0;0;0;-23,440253;-51,872986;SPRF-PR;DEL09-PR;UOP01-DEL09-PR
691197;1536692;14/05/2025;quarta-feira;09:15:00;PR;116;42,2;CAMPINA GRANDE DO SUL;Não;Chuva;1;Colisão com objeto;Com Vítimas Feridas;Pleno dia;Crescente;Garoa/Chuvisco;Dupla;Curva;Não;1225863;Automóvel;FIAT/ARGO 1.0;2018;Passageiro;Lesões Leves;8;Masculino;0;1;0;0;-25,17804883;-48,87943983;SPRF-PR;DEL01-PR;UOP02-DEL01-PR
691197;1536691;14/05/2025;quarta-feira;09:15:00;PR;116;42,2;CAMPINA GRANDE DO SUL;Não;Chuva;1;Colisão com objeto;Com Vítimas Feridas;Pleno dia;Crescente;Garoa/Chuvisco;Dupla;Curva;Não;1225863;Automóvel;FIAT/ARGO 1.0;2018;Passageiro;Lesões Leves;6;Feminino;0;1;0;0;-25,17804883;-48,87943983;SPRF-PR;DEL01-PR;UOP02-DEL01-PR
691197;1536692;14/05/2025;quarta-feira;09:15:00;PR;116;42,2;CAMPINA GRANDE DO SUL;Sim;Velocidade Incompatível;1;Colisão com objeto;Com Vítimas Feridas;Pleno dia;Crescente;Garoa/Chuvisco;Dupla;Curva;Não;1225863;Automóvel;FIAT/ARGO 1.0;2018;Passageiro;Lesões Leves;8;Masculino;0;1;0;0;-25,17804883;-48,87943983;SPRF-PR;DEL01-PR;UOP02-DEL01-PR
691197;1536691;14/05/2025;quarta-feira;09:15:00;PR;116;42,2;CAMPINA GRANDE DO SUL;Sim;Velocidade Incompatível;1;Colisão com objeto;Com Vítimas Feridas;Pleno dia;Crescente;Garoa/Chuvisco;Dupla;Curva;Não;1225863;Automóvel;FIAT/ARGO 1.0;2018;Passageiro;Lesões Leves;6;Feminino;0;1;0;0;-25,17804883;-48,87943983;SPRF-PR;DEL01-PR;UOP02-DEL01-PR
691251;1536670;06/05/2025;terça-feira;23:00:00;PR;476;120,5;COLOMBO;Não;Condutor desrespeitou a iluminação vermelha do semáforo;2;Colisão com objeto;Com Vítimas Feridas;Plena Noite;Crescente;Nublado;Dupla;Interseção de Vias;Sim;1225854;Automóvel;FIAT/PALIO WK ATTRAC 1.4;2012;Passageiro;Ileso;6;Feminino;1;0;0;0;-25,3748834;-49,1939842;SPRF-PR;DEL01-PR;UOP01-DEL01-PR
691251;1536670;06/05/2025;terça-feira;23:00:00;PR;476;120,5;COLOMBO;Não;Condutor desrespeitou a iluminação vermelha do semáforo;1;Colisão transversal;Com Vítimas Feridas;Plena Noite;Crescente;Nublado;Dupla;Interseção de Vias;Sim;1225854;Automóvel;FIAT/PALIO WK ATTRAC 1.4;2012;Passageiro;Ileso;6;Feminino;1;0;0;0;-25,3748834;-49,1939842;SPRF-PR;DEL01-PR;UOP01-DEL01-PR
691251;1536670;06/05/2025;terça-feira;23:00:00;PR;476;120,5;COLOMBO;Sim;Ingestão de álcool pelo condutor;2;Colisão com objeto;Com Vítimas Feridas;Plena Noite;Crescente;Nublado;Dupla;Interseção de Vias;Sim;1225854;Automóvel;FIAT/PALIO WK ATTRAC 1.4;2012;Passageiro;Ileso;6;Feminino;1;0;0;0;-25,3748834;-49,1939842;SPRF-PR;DEL01-PR;UOP01-DEL01-PR
691251;1536670;06/05/2025;terça-feira;23:00:00;PR;476;120,5;COLOMBO;Sim;Ingestão de álcool pelo condutor;1;Colisão transversal;Com Vítimas Feridas;Plena Noite;Crescente;Nublado;Dupla;Interseção de Vias;Sim;1225854;Automóvel;FIAT/PALIO WK ATTRAC 1.4;2012;Passageiro;Ileso;6;Feminino;1;0;0;0;-25,3748834;-49,1939842;SPRF-PR;DEL01-PR;UOP01-DEL01-PR
691251;1536670;06/05/2025;terça-feira;23:00:00;PR;476;120,5;COLOMBO;Não;Velocidade Incompatível;2;Colisão com objeto;Com Vítimas Feridas;Plena Noite;Crescente;Nublado;Dupla;Interseção de Vias;Sim;1225854;Automóvel;FIAT/PALIO WK ATTRAC 1.4;2012;Passageiro;Ileso;6;Feminino;1;0;0;0;-25,3748834;-49,1939842;SPRF-PR;DEL01-PR;UOP01-DEL01-PR
691251;1536670;06/05/2025;terça-feira;23:00:00;PR;476;120,5;COLOMBO;Não;Velocidade Incompatível;1;Colisão transversal;Com Vítimas Feridas;Plena Noite;Crescente;Nublado;Dupla;Interseção de Vias;Sim;1225854;Automóvel;FIAT/PALIO WK ATTRAC 1.4;2012;Passageiro;Ileso;6;Feminino;1;0;0;0;-25,3748834;-49,1939842;SPRF-PR;DEL01-PR;UOP01-DEL01-PR
691289;1536845;14/05/2025;quarta-feira;19:30:00;PR;116;151;MANDIRITUBA;Sim;Transitar na contramão;1;Colisão frontal;Com Vítimas Feridas;Plena Noite;Crescente;Nublado;Simples;Declive;Não;1225975;Automóvel;RENAULT/LOGAN EXP 1016V;2010;Passageiro;Ileso;4;Feminino;1;0;0;0;-25,853095;-49,357763;SPRF-PR;DEL01-PR;UOP03-DEL01-PR
691289;1536845;14/05/2025;quarta-feira;19:30:00;PR;116;151;MANDIRITUBA;Não;Ultrapassagem Indevida;1;Colisão frontal;Com Vítimas Feridas;Plena Noite;Crescente;Nublado;Simples;Declive;Não;1225975;Automóvel;RENAULT/LOGAN EXP 1016V;2010;Passageiro;Ileso;4;Feminino;1;0;0;0;-25,853095;-49,357763;SPRF-PR;DEL01-PR;UOP03-DEL01-PR
691289;1536845;14/05/2025;quarta-feira;19:30:00;PR;116;151;MANDIRITUBA;Não;Reação tardia ou ineficiente do condutor;1;Colisão frontal;Com Vítimas Feridas;Plena Noite;Crescente;Nublado;Simples;Declive;Não;1225975;Automóvel;RENAULT/LOGAN EXP 1016V;2010;Passageiro;Ileso;4;Feminino;1;0;0;0;-25,853095;-49,357763;SPRF-PR;DEL01-PR;UOP03-DEL01-PR
691681;1537856;16/05/2025;sexta-feira;17:30:00;PR;158;535;PATO BRANCO;Sim;Acessar a via sem observar a presença dos outros veículos;1;Colisão transversal;Com Vítimas Feridas;Anoitecer;Decrescente;Céu Claro;Simples;"Reta;Interseção de Vias";Sim;1226809;Motocicleta;JTA/SUZUKI INTRUDER 125;2006;Passageiro;Lesões Leves;16;Feminino;0;1;0;0;-26,23543762;-52,69055843;SPRF-PR;DEL02-PR;UOP01-DEL02-PR
691910;1538267;17/05/2025;sábado;17:50:00;PR;277;256;IRATI;Não;Ausência de reação do condutor;4;Queda de ocupante de veículo;Com Vítimas Feridas;Anoitecer;Decrescente;Céu Claro;Simples;Reta;Não;1227124;Motocicleta;HONDA/CG 125 FAN KS;2010;Passageiro;Lesões Leves;15;Feminino;0;1;0;0;-25,434;-50,719;SPRF-PR;DEL08-PR;UOP02-DEL08-PR
691910;1538267;17/05/2025;sábado;17:50:00;PR;277;256;IRATI;Não;Ausência de reação do condutor;3;Tombamento;Com Vítimas Feridas;Anoitecer;Decrescente;Céu Claro;Simples;Reta;Não;1227124;Motocicleta;HONDA/CG 125 FAN KS;2010;Passageiro;Lesões Leves;15;Feminino;0;1;0;0;-25,434;-50,719;SPRF-PR;DEL08-PR;UOP02-DEL08-PR
691910;1538267;17/05/2025;sábado;17:50:00;PR;277;256;IRATI;Não;Ausência de reação do condutor;2;Saída de leito carroçável;Com Vítimas Feridas;Anoitecer;Decrescente;Céu Claro;Simples;Reta;Não;1227124;Motocicleta;HONDA/CG 125 FAN KS;2010;Passageiro;Lesões Leves;15;Feminino;0;1;0;0;-25,434;-50,719;SPRF-PR;DEL08-PR;UOP02-DEL08-PR
691910;1538267;17/05/2025;sábado;17:50:00;PR;277;256;IRATI;Não;Ausência de reação do condutor;1;Colisão transversal;Com Vítimas Feridas;Anoitecer;Decrescente;Céu Claro;Simples;Reta;Não;1227124;Motocicleta;HONDA/CG 125 FAN KS;2010;Passageiro;Lesões Leves;15;Feminino;0;1;0;0;-25,434;-50,719;SPRF-PR;DEL08-PR;UOP02-DEL08-PR
691910;1538267;17/05/2025;sábado;17:50:00;PR;277;256;IRATI;Não;Velocidade Incompatível;4;Queda de ocupante de veículo;Com Vítimas Feridas;Anoitecer;Decrescente;Céu Claro;Simples;Reta;Não;1227124;Motocicleta;HONDA/CG 125 FAN KS;2010;Passageiro;Lesões Leves;15;Feminino;0;1;0;0;-25,434;-50,719;SPRF-PR;DEL08-PR;UOP02-DEL08-PR
691910;1538267;17/05/2025;sábado;17:50:00;PR;277;256;IRATI;Não;Velocidade Incompatível;3;Tombamento;Com Vítimas Feridas;Anoitecer;Decrescente;Céu Claro;Simples;Reta;Não;1227124;Motocicleta;HONDA/CG 125 FAN KS;2010;Passageiro;Lesões Leves;15;Feminino;0;1;0;0;-25,434;-50,719;SPRF-PR;DEL08-PR;UOP02-DEL08-PR
691910;1538267;17/05/2025;sábado;17:50:00;PR;277;256;IRATI;Não;Velocidade Incompatível;2;Saída de leito carroçável;Com Vítimas Feridas;Anoitecer;Decrescente;Céu Claro;Simples;Reta;Não;1227124;Motocicleta;HONDA/CG 125 FAN KS;2010;Passageiro;Lesões Leves;15;Feminino;0;1;0;0;-25,434;-50,719;SPRF-PR;DEL08-PR;UOP02-DEL08-PR
691910;1538267;17/05/2025;sábado;17:50:00;PR;277;256;IRATI;Não;Velocidade Incompatível;1;Colisão transversal;Com Vítimas Feridas;Anoitecer;Decrescente;Céu Claro;Simples;Reta;Não;1227124;Motocicleta;HONDA/CG 125 FAN KS;2010;Passageiro;Lesões Leves;15;Feminino;0;1;0;0;-25,434;-50,719;SPRF-PR;DEL08-PR;UOP02-DEL08-PR
691910;1538267;17/05/2025;sábado;17:50:00;PR;277;256;IRATI;Sim;Acessar a via sem observar a presença dos outros veículos;4;Queda de ocupante de veículo;Com Vítimas Feridas;Anoitecer;Decrescente;Céu Claro;Simples;Reta;Não;1227124;Motocicleta;HONDA/CG 125 FAN KS;2010;Passageiro;Lesões Leves;15;Feminino;0;1;0;0;-25,434;-50,719;SPRF-PR;DEL08-PR;UOP02-DEL08-PR
691910;1538267;17/05/2025;sábado;17:50:00;PR;277;256;IRATI;Sim;Acessar a via sem observar a presença dos outros veículos;3;Tombamento;Com Vítimas Feridas;Anoitecer;Decrescente;Céu Claro;Simples;Reta;Não;1227124;Motocicleta;HONDA/CG 125 FAN KS;2010;Passageiro;Lesões Leves;15;Feminino;0;1;0;0;-25,434;-50,719;SPRF-PR;DEL08-PR;UOP02-DEL08-PR
691910;1538267;17/05/2025;sábado;17:50:00;PR;277;256;IRATI;Sim;Acessar a via sem observar a presença dos outros veículos;2;Saída de leito carroçável;Com Vítimas Feridas;Anoitecer;Decrescente;Céu Claro;Simples;Reta;Não;1227124;Motocicleta;HONDA/CG 125 FAN KS;2010;Passageiro;Lesões Leves;15;Feminino;0;1;0;0;-25,434;-50,719;SPRF-PR;DEL08-PR;UOP02-DEL08-PR
691910;1538267;17/05/2025;sábado;17:50:00;PR;277;256;IRATI;Sim;Acessar a via sem observar a presença dos outros veículos;1;Colisão transversal;Com Vítimas Feridas;Anoitecer;Decrescente;Céu Claro;Simples;Reta;Não;1227124;Motocicleta;HONDA/CG 125 FAN KS;2010;Passageiro;Lesões Leves;15;Feminino;0;1;0;0;-25,434;-50,719;SPRF-PR;DEL08-PR;UOP02-DEL08-PR
691911;1538348;17/05/2025;sábado;17:45:00;PR;277;599,4;CASCAVEL;Sim;Pedestre andava na pista;1;Atropelamento de Pedestre;Com Vítimas Fatais;Anoitecer;Decrescente;Nublado;Dupla;Reta;Não;1227174;Automóvel;CHEVROLET/ONIX 1.4AT LT;2017;Passageiro;Ileso;2;Feminino;1;0;0;0;-25,00922888;-53,53177037;SPRF-PR;DEL04-PR;UOP01-DEL04-PR