id;pesid;data_inversa;dia_semana;horario;uf;br;km;municipio;causa_principal;causa_acidente;ordem_tipo_acidente;tipo_acidente;classificacao_acidente;fase_dia;sentido_via;condicao_metereologica;tipo_pista;tracado_via;uso_solo;id_veiculo;tipo_veiculo;marca;ano_fabricacao_veiculo;tipo_envolvido;estado_fisico;idade;sexo;ilesos;feridos_leves;feridos_graves;mortos;latitude;longitude;regional;delegacia;uop
691946;1538359;17/05/2025;sábado;19:25:00;PR;277;624;CEU AZUL;Não;Ingestão de álcool pelo condutor;2;Saída de leito carroçável;Sem Vítimas;Plena Noite;Decrescente;Céu Claro;Simples;Reta;Não;1227206;Automóvel;VW/GOL GL;1989;Passageiro;Ileso;3;Feminino;1;0;0;0;-25,09920172;-53,7359333;SPRF-PR;DEL05-PR;UOP02-DEL05-PR
691946;1538359;17/05/2025;sábado;19:25:00;PR;277;624;CEU AZUL;Não;Ingestão de álcool pelo condutor;1;Colisão frontal;Sem Vítimas;Plena Noite;Decrescente;Céu Claro;Simples;Reta;Não;1227206;Automóvel;VW/GOL GL;1989;Passageiro;Ileso;3;Feminino;1;0;0;0;-25,09920172;-53,7359333;SPRF-PR;DEL05-PR;UOP02-DEL05-PR
691946;1538359;17/05/2025;sábado;19:25:00;PR;277;624;CEU AZUL;Não;Avarias e/ou desgaste excessivo no pneu;2;Saída de leito carroçável;Sem Vítimas;Plena Noite;Decrescente;Céu Claro;Simples;Reta;Não;1227206;Automóvel;VW/GOL GL;1989;Passageiro;Ileso;3;Feminino;1;0;0;0;-25,09920172;-53,7359333;SPRF-PR;DEL05-PR;UOP02-DEL05-PR
691946;1538359;17/05/2025;sábado;19:25:00;PR;277;624;CEU AZUL;Não;Avarias e/ou desgaste excessivo no pneu;1;Colisão frontal;Sem Vítimas;Plena Noite;Decrescente;Céu Claro;Simples;Reta;Não;1227206;Automóvel;VW/GOL GL;1989;Passageiro;Ileso;3;Feminino;1;0;0;0;-25,09920172;-53,7359333;SPRF-PR;DEL05-PR;UOP02-DEL05-PR
691946;1538359;17/05/2025;sábado;19:25:00;PR;277;624;CEU AZUL;Sim;Ultrapassagem Indevida;2;Saída de leito carroçável;Sem Vítimas;Plena Noite;Decrescente;Céu Claro;Simples;Reta;Não;1227206;Automóvel;VW/GOL GL;1989;Passageiro;Ileso;3;Feminino;1;0;0;0;-25,09920172;-53,7359333;SPRF-PR;DEL05-PR;UOP02-DEL05-PR
691946;1538359;17/05/2025;sábado;19:25:00;PR;277;624;CEU AZUL;Sim;Ultrapassagem Indevida;1;Colisão frontal;Sem Vítimas;Plena Noite;Decrescente;Céu Claro;Simples;Reta;Não;1227206;Automóvel;VW/GOL GL;1989;Passageiro;Ileso;3;Feminino;1;0;0;0;-25,09920172;-53,7359333;SPRF-PR;DEL05-PR;UOP02-DEL05-PR
691982;1538442;17/05/2025;sábado;22:40:00;PR;277;202;PALMEIRA;Sim;Ausência de reação do condutor;1;Colisão lateral sentido oposto;Com Vítimas Feridas;Plena Noite;Crescente;Céu Claro;Simples;Reta;Não;1227287;Automóvel;VW/GOL HIGHWAY;2001;Passageiro;Ileso;14;Masculino;1;0;0;0;-25,465;-50,231;SPRF-PR;DEL08-PR;UOP02-DEL08-PR
691982;1538441;17/05/2025;sábado;22:40:00;PR;277;202;PALMEIRA;Sim;Ausência de reação do condutor;1;Colisão lateral sentido oposto;Com Vítimas Feridas;Plena Noite;Crescente;Céu Claro;Simples;Reta;Não;1227287;Automóvel;VW/GOL HIGHWAY;2001;Passageiro;Ileso;8;Masculino;1;0;0;0;-25,465;-50,231;SPRF-PR;DEL08-PR;UOP02-DEL08-PR
692096;1538872;18/05/2025;domingo;14:50:00;PR;163;233,7;TOLEDO;Sim;Acumulo de água sobre o pavimento;1;Saída de leito carroçável;Com Vítimas Feridas;Pleno dia;Crescente;Chuva;Dupla;Curva;Não;1227633;Utilitário;I/KIA MOHAVE EX 3.8L V6;2010;Passageiro;Lesões Leves;16;Masculino;0;1;0;0;-24,7751441;-53,68266;SPRF-PR;DEL04-PR;UOP01-DEL04-PR
692124;1538757;18/05/2025;domingo;15:30:00;PR;369;26;CAMBARA;Sim;Condutor Dormindo;1;Saída de leito carroçável;Com Vítimas Feridas;Pleno dia;Decrescente;Céu Claro;Simples;Reta;Não;1227528;Automóvel;CHEVROLET/CLASSIC LS;2010;Passageiro;Lesões Leves;16;Feminino;0;1;0;0;-23,06364809;-50,09150997;SPRF-PR;DEL07-PR;UOP05-DEL07-PR
692226;1539178;18/05/2025;domingo;23:30:00;PR;376;157,8;MANDAGUACU;Sim;Acumulo de água sobre o pavimento;2;Colisão com objeto;Com Vítimas Feridas;Plena Noite;Decrescente;Chuva;Dupla;"Curva;Declive;Interseção de Vias";Não;1227867;Automóvel;NISSAN/VERSA 16SV CVT;2016;Passageiro;Lesões Leves;12;Feminino;0;1;0;0;-23,35251;-52,09324;SPRF-PR;DEL09-PR;UOP02-DEL09-PR
692226;1539178;18/05/2025;domingo;23:30:00;PR;376;157,8;MANDAGUACU;Sim;Acumulo de água sobre o pavimento;1;Saída de leito carroçável;Com Vítimas Feridas;Plena Noite;Decrescente;Chuva;Dupla;"Curva;Declive;Interseção de Vias";Não;1227867;Automóvel;NISSAN/VERSA 16SV CVT;2016;Passageiro;Lesões Leves;12;Feminino;0;1;0;0;-23,35251;-52,09324;SPRF-PR;DEL09-PR;UOP02-DEL09-PR
692662;1540027;21/05/2025;quarta-feira;03:40:00;PR;277;271,1;IRATI;Sim;Reação tardia ou ineficiente do condutor;1;Colisão traseira;Com Vítimas Feridas;Plena Noite;Decrescente;Nevoeiro/Neblina;Simples;Reta;Não;1228582;Micro-ônibus;RENAULT/MASTER V NIKS P;2024;Passageiro;Ileso;6;Masculino;1;0;0;0;-25,383783;-50,852479;SPRF-PR;DEL08-PR;UOP02-DEL08-PR
692662;1540030;21/05/2025;quarta-feira;03:40:00;PR;277;271,1;IRATI;Sim;Reação tardia ou ineficiente do condutor;1;Colisão traseira;Com Vítimas Feridas;Plena Noite;Decrescente;Nevoeiro/Neblina;Simples;Reta;Não;1228582;Micro-ônibus;RENAULT/MASTER V NIKS P;2024;Passageiro;Ileso;4;Feminino;1;0;0;0;-25,383783;-50,852479;SPRF-PR;DEL08-PR;UOP02-DEL08-PR
692784;1540373;21/05/2025;quarta-feira;17:19:00;PR;116;207,8;RIO NEGRO;Sim;Ultrapassagem Indevida;2;Colisão com objeto;Com Vítimas Feridas;Anoitecer;Crescente;Nublado;Simples;"Reta;Declive";Sim;1228813;Automóvel;FIAT/UNO MILLE FIRE FLEX;2005;Passageiro;Ileso;3;Feminino;1;0;0;0;-26,08162884;-49,77278316;SPRF-SC;DEL06-SC;UOP01-DEL06-SC
692784;1540373;21/05/2025;quarta-feira;17:19:00;PR;116;207,8;RIO NEGRO;Sim;Ultrapassagem Indevida;1;Colisão lateral mesmo sentido;Com Vítimas Feridas;Anoitecer;Crescente;Nublado;Simples;"Reta;Declive";Sim;1228813;Automóvel;FIAT/UNO MILLE FIRE FLEX;2005;Passageiro;Ileso;3;Feminino;1;0;0;0;-26,08162884;-49,77278316;SPRF-SC;DEL06-SC;UOP01-DEL06-SC
693492;1543737;24/05/2025;sábado;19:50:00;PR;277;36;MORRETES;Não;Ingestão de álcool pelo condutor;1;Colisão com objeto;Sem Vítimas;Plena Noite;Crescente;Garoa/Chuvisco;Múltipla;"Curva;Aclive";Não;1230159;Automóvel;FIAT/PUNTO SPORTING 1.8;2008;Passageiro;Ileso;8;Feminino;1;0;0;0;-25,57099924;-48,83951632;SPRF-PR;DEL01-PR;UOP05-DEL01-PR
693492;1543737;24/05/2025;sábado;19:50:00;PR;277;36;MORRETES;Sim;Velocidade Incompatível;1;Colisão com objeto;Sem Vítimas;Plena Noite;Crescente;Garoa/Chuvisco;Múltipla;"Curva;Aclive";Não;1230159;Automóvel;FIAT/PUNTO SPORTING 1.8;2008;Passageiro;Ileso;8;Feminino;1;0;0;0;-25,57099924;-48,83951632;SPRF-PR;DEL01-PR;UOP05-DEL01-PR
693728;1544229;25/05/2025;domingo;22:55:00;PR;277;717;SANTA TEREZINHA DE ITAIPU;Sim;Ausência de reação do condutor;2;Tombamento;Sem Vítimas;Plena Noite;Crescente;Céu Claro;Dupla;Reta;Não;1230593;Automóvel;RENAULT/LOGAN EXP 16;2010;Passageiro;Ileso;15;Feminino;1;0;0;0;-25,47621896;-54,47585519;SPRF-PR;DEL05-PR;UOP01-DEL05-PR
693728;1544229;25/05/2025;domingo;22:55:00;PR;277;717;SANTA TEREZINHA DE ITAIPU;Sim;Ausência de reação do condutor;1;Saída de leito carroçável;Sem Vítimas;Plena Noite;Crescente;Céu Claro;Dupla;Reta;Não;1230593;Automóvel;RENAULT/LOGAN EXP 16;2010;Passageiro;Ileso;15;Feminino;1;0;0;0;-25,47621896;-54,47585519;SPRF-PR;DEL05-PR;UOP01-DEL05-PR
694029;1543268;13/04/2025;domingo;18:00:00;PR;163;53;PEROLA DOESTE;Sim;Velocidade Incompatível;2;Saída de leito carroçável;Com Vítimas Fatais;Plena Noite;Crescente;Ignorado;Simples;Curva;Não;1231209;Caminhão-trator;VOLVO/FH 500 6X2T;2017;Passageiro;Lesões Leves;9;Feminino;0;1;0;0;-25,9250724;-53,7508464;SPRF-PR;DEL02-PR;UOP02-DEL02-PR
694029;1543268;13/04/2025;domingo;18:00:00;PR;163;53;PEROLA DOESTE;Sim;Velocidade Incompatível;1;Tombamento;Com Vítimas Fatais;Plena Noite;Crescente;Ignorado;Simples;Curva;Não;1231209;Caminhão-trator;VOLVO/FH 500 6X2T;2017;Passageiro;Lesões Leves;9;Feminino;0;1;0;0;-25,9250724;-53,7508464;SPRF-PR;DEL02-PR;UOP02-DEL02-PR
694192;1543671;28/05/2025;quarta-feira;07:10:00;PR;277;83;CURITIBA;Não;Trafegar com motocicleta (ou similar) entre as faixas;1;Colisão lateral mesmo sentido;Com Vítimas Feridas;Pleno dia;Crescente;Garoa/Chuvisco;Dupla;Reta;Sim;1231544;Motocicleta;HONDA/CG 160 TITAN;2025;Passageiro;Ileso;14;Masculino;1;0;0;0;-25,452348;-49,226458;SPRF-PR;DEL01-PR;UOP03-DEL01-PR
694192;1543671;28/05/2025;quarta-feira;07:10:00;PR;277;83;CURITIBA;Não;Trafegar com motocicleta (ou similar) entre as faixas;3;Queda de ocupante de veículo;Com Vítimas Feridas;Pleno dia;Crescente;Garoa/Chuvisco;Dupla;Reta;Sim;1231544;Motocicleta;HONDA/CG 160 TITAN;2025;Passageiro;Ileso;14;Masculino;1;0;0;0;-25,452348;-49,226458;SPRF-PR;DEL01-PR;UOP03-DEL01-PR
694192;1543671;28/05/2025;quarta-feira;07:10:00;PR;277;83;CURITIBA;Não;Trafegar com motocicleta (ou similar) entre as faixas;2;Tombamento;Com Vítimas Feridas;Pleno dia;Crescente;Garoa/Chuvisco;Dupla;Reta;Sim;1231544;Motocicleta;HONDA/CG 160 TITAN;2025;Passageiro;Ileso;14;Masculino;1;0;0;0;-25,452348;-49,226458;SPRF-PR;DEL01-PR;UOP03-DEL01-PR
694192;1543671;28/05/2025;quarta-feira;07:10:00;PR;277;83;CURITIBA;Sim;Manobra de mudança de faixa;1;Colisão lateral mesmo sentido;Com Vítimas Feridas;Pleno dia;Crescente;Garoa/Chuvisco;Dupla;Reta;Sim;1231544;Motocicleta;HONDA/CG 160 TITAN;2025;Passageiro;Ileso;14;Masculino;1;0;0;0;-25,452348;-49,226458;SPRF-PR;DEL01-PR;UOP03-DEL01-PR
694192;1543671;28/05/2025;quarta-feira;07:10:00;PR;277;83;CURITIBA;Sim;Manobra de mudança de faixa;3;Queda de ocupante de veículo;Com Vítimas Feridas;Pleno dia;Crescente;Garoa/Chuvisco;Dupla;Reta;Sim;1231544;Motocicleta;HONDA/CG 160 TITAN;2025;Passageiro;Ileso;14;Masculino;1;0;0;0;-25,452348;-49,226458;SPRF-PR;DEL01-PR;UOP03-DEL01-PR
694192;1543671;28/05/2025;quarta-feira;07:10:00;PR;277;83;CURITIBA;Sim;Manobra de mudança de faixa;2;Tombamento;Com Vítimas Feridas;Pleno dia;Crescente;Garoa/Chuvisco;Dupla;Reta;Sim;1231544;Motocicleta;HONDA/CG 160 TITAN;2025;Passageiro;Ileso;14;Masculino;1;0;0;0;-25,452348;-49,226458;SPRF-PR;DEL01-PR;UOP03-DEL01-PR
694409;1544108;17/05/2025;sábado;13:35:00;PR;369;414,4;JURANDA;Sim;Manobra de mudança de faixa;3;Saída de leito carroçável;Sem Vítimas;Pleno dia;Decrescente;Sol;Simples;Reta;Não;1231913;Caminhonete;CHEVROLET/S10 LT DD4A;2020;Passageiro;Ileso;13;Masculino;1;0;0;0;-24,4619343;-52,8603319;SPRF-PR;DEL04-PR;UOP03-DEL04-PR
694409;1544108;17/05/2025;sábado;13:35:00;PR;369;414,4;JURANDA;Sim;Manobra de mudança de faixa;2;Colisão traseira;Sem Vítimas;Pleno dia;Decrescente;Sol;Simples;Reta;Não;1231913;Caminhonete;CHEVROLET/S10 LT DD4A;2020;Passageiro;Ileso;13;Masculino;1;0;0;0;-24,4619343;-52,8603319;SPRF-PR;DEL04-PR;UOP03-DEL04-PR
694409;1544108;17/05/2025;sábado;13:35:00;PR;369;414,4;JURANDA;Sim;Manobra de mudança de faixa;1;Colisão lateral mesmo sentido;Sem Vítimas;Pleno dia;Decrescente;Sol;Simples;Reta;Não;1231913;Caminhonete;CHEVROLET/S10 LT DD4A;2020;Passageiro;Ileso;13;Masculino;1;0;0;0;-24,4619343;-52,8603319;SPRF-PR;DEL04-PR;UOP03-DEL04-PR
694770;1546013;30/05/2025;sexta-feira;21:27:00;PR;277;128;CAMPO LARGO;Não;Transtornos Mentais (exceto suicidio);2;Saída de leito carroçável;Com Vítimas Feridas;Plena Noite;Crescente;Céu Claro;Dupla;Reta;Não;1232662;Automóvel;HONDA/CIVIC EXL CVT;2019;Passageiro;Ileso;10;Feminino;1;0;0;0;-25,43618699;-49,54395745;SPRF-PR;DEL03-PR;UOP03-DEL03-PR
694770;1546013;30/05/2025;sexta-feira;21:27:00;PR;277;128;CAMPO LARGO;Não;Transtornos Mentais (exceto suicidio);1;Colisão traseira;Com Vítimas Feridas;Plena Noite;Crescente;Céu Claro;Dupla;Reta;Não;1232662;Automóvel;HONDA/CIVIC EXL CVT;2019;Passageiro;Ileso;10;Feminino;1;0;0;0;-25,43618699;-49,54395745;SPRF-PR;DEL03-PR;UOP03-DEL03-PR
694770;1546013;30/05/2025;sexta-feira;21:27:00;PR;277;128;CAMPO LARGO;Não;Reação tardia ou ineficiente do condutor;2;Saída de leito carroçável;Com Vítimas Feridas;Plena Noite;Crescente;Céu Claro;Dupla;Reta;Não;1232662;Automóvel;HONDA/CIVIC EXL CVT;2019;Passageiro;Ileso;10;Feminino;1;0;0;0;-25,43618699;-49,54395745;SPRF-PR;DEL03-PR;UOP03-DEL03-PR
694770;1546013;30/05/2025;sexta-feira;21:27:00;PR;277;128;CAMPO LARGO;Não;Reação tardia ou ineficiente do condutor;1;Colisão traseira;Com Vítimas Feridas;Plena Noite;Crescente;Céu Claro;Dupla;Reta;Não;1232662;Automóvel;HONDA/CIVIC EXL CVT;2019;Passageiro;Ileso;10;Feminino;1;0;0;0;-25,43618699;-49,54395745;SPRF-PR;DEL03-PR;UOP03-DEL03-PR
694770;1546013;30/05/2025;sexta-feira;21:27:00;PR;277;128;CAMPO LARGO;Sim;Velocidade Incompatível;2;Saída de leito carroçável;Com Vítimas Feridas;Plena Noite;Crescente;Céu Claro;Dupla;Reta;Não;1232662;Automóvel;HONDA/CIVIC EXL CVT;2019;Passageiro;Ileso;10;Feminino;1;0;0;0;-25,43618699;-49,54395745;SPRF-PR;DEL03-PR;UOP03-DEL03-PR
694770;1546013;30/05/2025;sexta-feira;21:27:00;PR;277;128;CAMPO LARGO;Sim;Velocidade Incompatível;1;Colisão traseira;Com Vítimas Feridas;Plena Noite;Crescente;Céu Claro;Dupla;Reta;Não;1232662;Automóvel;HONDA/CIVIC EXL CVT;2019;Passageiro;Ileso;10;Feminino;1;0;0;0;-25,43618699;-49,54395745;SPRF-PR;DEL03-PR;UOP03-DEL03-PR
694966;1545524;31/05/2025;sábado;19:13:00;PR;376;631,6;SAO JOSE DOS PINHAIS;Não;Iluminação deficiente;1;Atropelamento de Pedestre;Com Vítimas Feridas;Plena Noite;Decrescente;Nublado;Dupla;Reta;Sim;1233025;Automóvel;VW/VOYAGE CL MA;2015;Passageiro;Ileso;1;Feminino;1;0;0;0;-25,71587;-49,138362;SPRF-PR;DEL01-PR;UOP04-DEL01-PR
694966;1545524;31/05/2025;sábado;19:13:00;PR;376;631,6;SAO JOSE DOS PINHAIS;Não;Entrada inopinada do pedestre;1;Atropelamento de Pedestre;Com Vítimas Feridas;Plena Noite;Decrescente;Nublado;Dupla;Reta;Sim;1233025;Automóvel;VW/VOYAGE CL MA;2015;Passageiro;Ileso;1;Feminino;1;0;0;0;-25,71587;-49,138362;SPRF-PR;DEL01-PR;UOP04-DEL01-PR
694966;1545524;31/05/2025;sábado;19:13:00;PR;376;631,6;SAO JOSE DOS PINHAIS;Não;Área urbana sem a presença de local apropriado para a travessia de pedestres;1;Atropelamento de Pedestre;Com Vítimas Feridas;Plena Noite;Decrescente;Nublado;Dupla;Reta;Sim;1233025;Automóvel;VW/VOYAGE CL MA;2015;Passageiro;Ileso;1;Feminino;1;0;0;0;-25,71587;-49,138362;SPRF-PR;DEL01-PR;UOP04-DEL01-PR
694966;1545524;31/05/2025;sábado;19:13:00;PR;376;631,6;SAO JOSE DOS PINHAIS;Não;Acesso irregular;1;Atropelamento de Pedestre;Com Vítimas Feridas;Plena Noite;Decrescente;Nublado;Dupla;Reta;Sim;1233025;Automóvel;VW/VOYAGE CL MA;2015;Passageiro;Ileso;1;Feminino;1;0;0;0;-25,71587;-49,138362;SPRF-PR;DEL01-PR;UOP04-DEL01-PR
694966;1545524;31/05/2025;sábado;19:13:00;PR;376;631,6;SAO JOSE DOS PINHAIS;Sim;Pedestre cruzava a pista fora da faixa;1;Atropelamento de Pedestre;Com Vítimas Feridas;Plena Noite;Decrescente;Nublado;Dupla;Reta;Sim;1233025;Automóvel;VW/VOYAGE CL MA;2015;Passageiro;Ileso;1;Feminino;1;0;0;0;-25,71587;-49,138362;SPRF-PR;DEL01-PR;UOP04-DEL01-PR
695162;1546026;01/06/2025;domingo;15:45:00;PR;277;527,1;GUARANIACU;Não;Transitar na contramão;3;Colisão lateral sentido oposto;Com Vítimas Feridas;Pleno dia;Decrescente;Sol;Simples;"Curva;Declive";Não;1233327;Automóvel;FORD/FIESTA 1.0F TRAIL 5;2007;Passageiro;Lesões Graves;14;Feminino;0;0;1;0;-25,0953627;-52,9365075;SPRF-PR;DEL04-PR;UOP04-DEL04-PR
695162;1546026;01/06/2025;domingo;15:45:00;PR;277;527,1;GUARANIACU;Não;Transitar na contramão;2;Saída de leito carroçável;Com Vítimas Feridas;Pleno dia;Decrescente;Sol;Simples;"Curva;Declive";Não;1233327;Automóvel;FORD/FIESTA 1.0F TRAIL 5;2007;Passageiro;Lesões Graves;14;Feminino;0;0;1;0;-25,0953627;-52,9365075;SPRF-PR;DEL04-PR;UOP04-DEL04-PR
695162;1546026;01/06/2025;domingo;15:45:00;PR;277;527,1;GUARANIACU;Não;Transitar na contramão;1;Colisão frontal;Com Vítimas Feridas;Pleno dia;Decrescente;Sol;Simples;"Curva;Declive";Não;1233327;Automóvel;FORD/FIESTA 1.0F TRAIL 5;2007;Passageiro;Lesões Graves;14;Feminino;0;0;1;0;-25,0953627;-52,9365075;SPRF-PR;DEL04-PR;UOP04-DEL04-PR
695162;1546026;01/06/2025;domingo;15:45:00;PR;277;527,1;GUARANIACU;Sim;Manobra de mudança de faixa;3;Colisão lateral sentido oposto;Com Vítimas Feridas;Pleno dia;Decrescente;Sol;Simples;"Curva;Declive";Não;1233327;Automóvel;FORD/FIESTA 1.0F TRAIL 5;2007;Passageiro;Lesões Graves;14;Feminino;0;0;1;0;-25,0953627;-52,9365075;SPRF-PR;DEL04-PR;UOP04-DEL04-PR
695162;1546026;01/06/2025;domingo;15:45:00;PR;277;527,1;GUARANIACU;Sim;Manobra de mudança de faixa;2;Saída de leito carroçável;Com Vítimas Feridas;Pleno dia;Decrescente;Sol;Simples;"Curva;Declive";Não;1233327;Automóvel;FORD/FIESTA 1.0F TRAIL 5;2007;Passageiro;Lesões Graves;14;Feminino;0;0;1;0;-25,0953627;-52,9365075;SPRF-PR;DEL04-PR;UOP04-DEL04-PR
695162;1546026;01/06/2025;domingo;15:45:00;PR;277;527,1;GUARANIACU;Sim;Manobra de mudança de faixa;1;Colisão frontal;Com Vítimas Feridas;Pleno dia;Decrescente;Sol;Simples;"Curva;Declive";Não;1233327;Automóvel;FORD/FIESTA 1.0F TRAIL 5;2007;Passageiro;Lesões Graves;14;Feminino;0;0;1;0;-25,0953627;-52,9365075;SPRF-PR;DEL04-PR;UOP04-DEL04-PR
695202;1548135;01/06/2025;domingo;19:20:00;PR;116;76;QUATRO BARRAS;Não;Chuva;3;Capotamento;Com Vítimas Feridas;Plena Noite;Decrescente;Chuva;Dupla;Reta;Sim;1233456;Automóvel;CHEVROLET/ONIX 1.4MT ACT;2018;Passageiro;Lesões Leves;3;Masculino;0;1;0;0;-25,38280472;-49,05292511;SPRF-PR;DEL01-PR;UOP02-DEL01-PR
695202;1548135;01/06/2025;domingo;19:20:00;PR;116;76;QUATRO BARRAS;Não;Chuva;2;Saída de leito carroçável;Com Vítimas Feridas;Plena Noite;Decrescente;Chuva;Dupla;Reta;Sim;1233456;Automóvel;CHEVROLET/ONIX 1.4MT ACT;2018;Passageiro;Lesões Leves;3;Masculino;0;1;0;0;-25,38280472;-49,05292511;SPRF-PR;DEL01-PR;UOP02-DEL01-PR
695202;1548135;01/06/2025;domingo;19:20:00;PR;116;76;QUATRO BARRAS;Não;Chuva;1;Colisão com objeto;Com Vítimas Feridas;Plena Noite;Decrescente;Chuva;Dupla;Reta;Sim;1233456;Automóvel;CHEVROLET/ONIX 1.4MT ACT;2018;Passageiro;Lesões Leves;3;Masculino;0;1;0;0;-25,38280472;-49,05292511;SPRF-PR;DEL01-PR;UOP02-DEL01-PR
695202;1548135;01/06/2025;domingo;19:20:00;PR;116;76;QUATRO BARRAS;Sim;Objeto estático sobre o leito carroçável;3;Capotamento;Com Vítimas Feridas;Plena Noite;Decrescente;Chuva;Dupla;Reta;Sim;1233456;Automóvel;CHEVROLET/ONIX 1.4MT ACT;2018;Passageiro;Lesões Leves;3;Masculino;0;1;0;0;-25,38280472;-49,05292511;SPRF-PR;DEL01-PR;UOP02-DEL01-PR
695202;1548135;01/06/2025;domingo;19:20:00;PR;116;76;QUATRO BARRAS;Sim;Objeto estático sobre o leito carroçável;2;Saída de leito carroçável;Com Vítimas Feridas;Plena Noite;Decrescente;Chuva;Dupla;Reta;Sim;1233456;Automóvel;CHEVROLET/ONIX 1.4MT ACT;2018;Passageiro;Lesões Leves;3;Masculino;0;1;0;0;-25,38280472;-49,05292511;SPRF-PR;DEL01-PR;UOP02-DEL01-PR
695202;1548135;01/06/2025;domingo;19:20:00;PR;116;76;QUATRO BARRAS;Sim;Objeto estático sobre o leito carroçável;1;Colisão com objeto;Com Vítimas Feridas;Plena Noite;Decrescente;Chuva;Dupla;Reta;Sim;1233456;Automóvel;CHEVROLET/ONIX 1.4MT ACT;2018;Passageiro;Lesões Leves;3;Masculino;0;1;0;0;-25,38280472;-49,05292511;SPRF-PR;DEL01-PR;UOP02-DEL01-PR
695239;1546069;01/06/2025;domingo;20:50:00;PR;163;176;LINDOESTE;Sim;Reação tardia ou ineficiente do condutor;2;Saída de leito carroçável;Com Vítimas Feridas;Plena Noite;Crescente;Céu Claro;Dupla;Curva;Não;1233437;Automóvel;CHEV/PRISMA 1.4MT LT;2016;Passageiro;Lesões Leves;8;Feminino;0;1;0;0;-25,23175077;-53,5882177;SPRF-PR;DEL05-PR;UOP05-DEL05-PR
695239;1546069;01/06/2025;domingo;20:50:00;PR;163;176;LINDOESTE;Sim;Reação tardia ou ineficiente do condutor;1;Colisão com objeto;Com Vítimas Feridas;Plena Noite;Crescente;Céu Claro;Dupla;Curva;Não;1233437;Automóvel;CHEV/PRISMA 1.4MT LT;2016;Passageiro;Lesões Leves;8;Feminino;0;1;0;0;-25,23175077;-53,5882177;SPRF-PR;DEL05-PR;UOP05-DEL05-PR
695522;1546997;03/06/2025;terça-feira;08:50:00;PR;369;152;LONDRINA;Sim;Manobra de mudança de faixa;2;Colisão com objeto;Com Vítimas Feridas;Pleno dia;Decrescente;Céu Claro;Dupla;Reta;Sim;1234206;Automóvel;CHEVROLET/CELTA 1.0L LS;2013;Passageiro;Lesões Leves;13;Feminino;0;1;0;0;-23,2927981;-51,1849879;SPRF-PR;DEL07-PR;UOP01-DEL07-PR
695522;1546997;03/06/2025;terça-feira;08:50:00;PR;369;152;LONDRINA;Sim;Manobra de mudança de faixa;1;Colisão lateral mesmo sentido;Com Vítimas Feridas;Pleno dia;Decrescente;Céu Claro;Dupla;Reta;Sim;1234206;Automóvel;CHEVROLET/CELTA 1.0L LS;2013;Passageiro;Lesões Leves;13;Feminino;0;1;0;0;-23,2927981;-51,1849879;SPRF-PR;DEL07-PR;UOP01-DEL07-PR
695546;1546845;03/06/2025;terça-feira;11:00:00;PR;376;658;TIJUCAS DO SUL;Não;Pista Escorregadia;2;Colisão com objeto;Com Vítimas Feridas;Pleno dia;Decrescente;Chuva;Dupla;Curva;Não;1234083;Automóvel;CHEV/PRISMA 10MT JOYE;2019;Passageiro;Ileso;4;Feminino;1;0;0;0;-25,85431895;-48,98361683;SPRF-PR;DEL01-PR;UOP04-DEL01-PR
695546;1546845;03/06/2025;terça-feira;11:00:00;PR;376;658;TIJUCAS DO SUL;Não;Pista Escorregadia;1;Saída de leito carroçável;Com Vítimas Feridas;Pleno dia;Decrescente;Chuva;Dupla;Curva;Não;1234083;Automóvel;CHEV/PRISMA 10MT JOYE;2019;Passageiro;Ileso;4;Feminino;1;0;0;0;-25,85431895;-48,98361683;SPRF-PR;DEL01-PR;UOP04-DEL01-PR
695546;1546845;03/06/2025;terça-feira;11:00:00;PR;376;658;TIJUCAS DO SUL;Sim;Reação tardia ou ineficiente do condutor;2;Colisão com objeto;Com Vítimas Feridas;Pleno dia;Decrescente;Chuva;Dupla;Curva;Não;1234083;Automóvel;CHEV/PRISMA 10MT JOYE;2019;Passageiro;Ileso;4;Feminino;1;0;0;0;-25,85431895;-48,98361683;SPRF-PR;DEL01-PR;UOP04-DEL01-PR
695546;1546845;03/06/2025;terça-feira;11:00:00;PR;376;658;TIJUCAS DO SUL;Sim;Reação tardia ou ineficiente do condutor;1;Saída de leito carroçável;Com Vítimas Feridas;Pleno dia;Decrescente;Chuva;Dupla;Curva;Não;1234083;Automóvel;CHEV/PRISMA 10MT JOYE;2019;Passageiro;Ileso;4;Feminino;1;0;0;0;-25,85431895;-48,98361683;SPRF-PR;DEL01-PR;UOP04-DEL01-PR
696107;1552291;05/06/2025;quinta-feira;19:50:00;PR;277;109;CURITIBA;Sim;Manobra de mudança de faixa;1;Colisão lateral mesmo sentido;Com Vítimas Feridas;Plena Noite;Crescente;Céu Claro;Dupla;Curva;Não;1235298;Automóvel;FIAT/PALIO FIRE;2014;Passageiro;Ileso;5;Masculino;1;0;0;0;-25,42737226;-49,38104359;SPRF-PR;DEL01-PR;UOP06-DEL01-PR
696165;1548656;06/06/2025;sexta-feira;07:00:00;PR;277;299;PRUDENTOPOLIS;Não;Ausência de sinalização;3;Tombamento;Com Vítimas Feridas;Amanhecer;Crescente;Nevoeiro/Neblina;Simples;"Reta;Aclive";Não;NA;NA;NA/NA;NA;Pedestre;Lesões Graves;15;Feminino;0;0;1;0;-25,295036;-51,135097;SPRF-PR;DEL08-PR;UOP01-DEL08-PR