id;pesid;data_inversa;dia_semana;horario;uf;br;km;municipio;causa_principal;causa_acidente;ordem_tipo_acidente;tipo_acidente;classificacao_acidente;fase_dia;sentido_via;condicao_metereologica;tipo_pista;tracado_via;uso_solo;id_veiculo;tipo_veiculo;marca;ano_fabricacao_veiculo;tipo_envolvido;estado_fisico;idade;sexo;ilesos;feridos_leves;feridos_graves;mortos;latitude;longitude;regional;delegacia;uop
696165;1548656;06/06/2025;sexta-feira;07:00:00;PR;277;299;PRUDENTOPOLIS;Não;Ausência de sinalização;2;Saída de leito carroçável;Com Vítimas Feridas;Amanhecer;Crescente;Nevoeiro/Neblina;Simples;"Reta;Aclive";Não;NA;NA;NA/NA;NA;Pedestre;Lesões Graves;15;Feminino;0;0;1;0;-25,295036;-51,135097;SPRF-PR;DEL08-PR;UOP01-DEL08-PR
696165;1548656;06/06/2025;sexta-feira;07:00:00;PR;277;299;PRUDENTOPOLIS;Não;Ausência de sinalização;1;Atropelamento de Pedestre;Com Vítimas Feridas;Amanhecer;Crescente;Nevoeiro/Neblina;Simples;"Reta;Aclive";Não;NA;NA;NA/NA;NA;Pedestre;Lesões Graves;15;Feminino;0;0;1;0;-25,295036;-51,135097;SPRF-PR;DEL08-PR;UOP01-DEL08-PR
696165;1548656;06/06/2025;sexta-feira;07:00:00;PR;277;299;PRUDENTOPOLIS;Não;Área urbana sem a presença de local apropriado para a travessia de pedestres;3;Tombamento;Com Vítimas Feridas;Amanhecer;Crescente;Nevoeiro/Neblina;Simples;"Reta;Aclive";Não;NA;NA;NA/NA;NA;Pedestre;Lesões Graves;15;Feminino;0;0;1;0;-25,295036;-51,135097;SPRF-PR;DEL08-PR;UOP01-DEL08-PR
696165;1548656;06/06/2025;sexta-feira;07:00:00;PR;277;299;PRUDENTOPOLIS;Não;Área urbana sem a presença de local apropriado para a travessia de pedestres;2;Saída de leito carroçável;Com Vítimas Feridas;Amanhecer;Crescente;Nevoeiro/Neblina;Simples;"Reta;Aclive";Não;NA;NA;NA/NA;NA;Pedestre;Lesões Graves;15;Feminino;0;0;1;0;-25,295036;-51,135097;SPRF-PR;DEL08-PR;UOP01-DEL08-PR
696165;1548656;06/06/2025;sexta-feira;07:00:00;PR;277;299;PRUDENTOPOLIS;Não;Área urbana sem a presença de local apropriado para a travessia de pedestres;1;Atropelamento de Pedestre;Com Vítimas Feridas;Amanhecer;Crescente;Nevoeiro/Neblina;Simples;"Reta;Aclive";Não;NA;NA;NA/NA;NA;Pedestre;Lesões Graves;15;Feminino;0;0;1;0;-25,295036;-51,135097;SPRF-PR;DEL08-PR;UOP01-DEL08-PR
696165;1548656;06/06/2025;sexta-feira;07:00:00;PR;277;299;PRUDENTOPOLIS;Não;Velocidade Incompatível;3;Tombamento;Com Vítimas Feridas;Amanhecer;Crescente;Nevoeiro/Neblina;Simples;"Reta;Aclive";Não;NA;NA;NA/NA;NA;Pedestre;Lesões Graves;15;Feminino;0;0;1;0;-25,295036;-51,135097;SPRF-PR;DEL08-PR;UOP01-DEL08-PR
696165;1548656;06/06/2025;sexta-feira;07:00:00;PR;277;299;PRUDENTOPOLIS;Não;Velocidade Incompatível;2;Saída de leito carroçável;Com Vítimas Feridas;Amanhecer;Crescente;Nevoeiro/Neblina;Simples;"Reta;Aclive";Não;NA;NA;NA/NA;NA;Pedestre;Lesões Graves;15;Feminino;0;0;1;0;-25,295036;-51,135097;SPRF-PR;DEL08-PR;UOP01-DEL08-PR
696165;1548656;06/06/2025;sexta-feira;07:00:00;PR;277;299;PRUDENTOPOLIS;Não;Velocidade Incompatível;1;Atropelamento de Pedestre;Com Vítimas Feridas;Amanhecer;Crescente;Nevoeiro/Neblina;Simples;"Reta;Aclive";Não;NA;NA;NA/NA;NA;Pedestre;Lesões Graves;15;Feminino;0;0;1;0;-25,295036;-51,135097;SPRF-PR;DEL08-PR;UOP01-DEL08-PR
696165;1548656;06/06/2025;sexta-feira;07:00:00;PR;277;299;PRUDENTOPOLIS;Sim;Acessar a via sem observar a presença dos outros veículos;3;Tombamento;Com Vítimas Feridas;Amanhecer;Crescente;Nevoeiro/Neblina;Simples;"Reta;Aclive";Não;NA;NA;NA/NA;NA;Pedestre;Lesões Graves;15;Feminino;0;0;1;0;-25,295036;-51,135097;SPRF-PR;DEL08-PR;UOP01-DEL08-PR
696165;1548656;06/06/2025;sexta-feira;07:00:00;PR;277;299;PRUDENTOPOLIS;Sim;Acessar a via sem observar a presença dos outros veículos;2;Saída de leito carroçável;Com Vítimas Feridas;Amanhecer;Crescente;Nevoeiro/Neblina;Simples;"Reta;Aclive";Não;NA;NA;NA/NA;NA;Pedestre;Lesões Graves;15;Feminino;0;0;1;0;-25,295036;-51,135097;SPRF-PR;DEL08-PR;UOP01-DEL08-PR
696165;1548656;06/06/2025;sexta-feira;07:00:00;PR;277;299;PRUDENTOPOLIS;Sim;Acessar a via sem observar a presença dos outros veículos;1;Atropelamento de Pedestre;Com Vítimas Feridas;Amanhecer;Crescente;Nevoeiro/Neblina;Simples;"Reta;Aclive";Não;NA;NA;NA/NA;NA;Pedestre;Lesões Graves;15;Feminino;0;0;1;0;-25,295036;-51,135097;SPRF-PR;DEL08-PR;UOP01-DEL08-PR
696242;1548647;06/06/2025;sexta-feira;13:45:00;PR;277;522,5;GUARANIACU;Não;Ausência de reação do condutor;2;Colisão traseira;Com Vítimas Feridas;Pleno dia;Decrescente;Nublado;Simples;Reta;Não;1235539;Automóvel;CHEVROLET/CRUZE LT NB;2016;Passageiro;Ileso;13;Feminino;1;0;0;0;-25,1;-52,895;SPRF-PR;DEL04-PR;UOP04-DEL04-PR
696242;1548647;06/06/2025;sexta-feira;13:45:00;PR;277;522,5;GUARANIACU;Não;Ausência de reação do condutor;1;Colisão transversal;Com Vítimas Feridas;Pleno dia;Decrescente;Nublado;Simples;Reta;Não;1235539;Automóvel;CHEVROLET/CRUZE LT NB;2016;Passageiro;Ileso;13;Feminino;1;0;0;0;-25,1;-52,895;SPRF-PR;DEL04-PR;UOP04-DEL04-PR
696242;1548647;06/06/2025;sexta-feira;13:45:00;PR;277;522,5;GUARANIACU;Não;Acessar a via sem observar a presença dos outros veículos;2;Colisão traseira;Com Vítimas Feridas;Pleno dia;Decrescente;Nublado;Simples;Reta;Não;1235539;Automóvel;CHEVROLET/CRUZE LT NB;2016;Passageiro;Ileso;13;Feminino;1;0;0;0;-25,1;-52,895;SPRF-PR;DEL04-PR;UOP04-DEL04-PR
696242;1548647;06/06/2025;sexta-feira;13:45:00;PR;277;522,5;GUARANIACU;Não;Acessar a via sem observar a presença dos outros veículos;1;Colisão transversal;Com Vítimas Feridas;Pleno dia;Decrescente;Nublado;Simples;Reta;Não;1235539;Automóvel;CHEVROLET/CRUZE LT NB;2016;Passageiro;Ileso;13;Feminino;1;0;0;0;-25,1;-52,895;SPRF-PR;DEL04-PR;UOP04-DEL04-PR
696242;1548647;06/06/2025;sexta-feira;13:45:00;PR;277;522,5;GUARANIACU;Sim;Desrespeitar a preferência no cruzamento;2;Colisão traseira;Com Vítimas Feridas;Pleno dia;Decrescente;Nublado;Simples;Reta;Não;1235539;Automóvel;CHEVROLET/CRUZE LT NB;2016;Passageiro;Ileso;13;Feminino;1;0;0;0;-25,1;-52,895;SPRF-PR;DEL04-PR;UOP04-DEL04-PR
696242;1548647;06/06/2025;sexta-feira;13:45:00;PR;277;522,5;GUARANIACU;Sim;Desrespeitar a preferência no cruzamento;1;Colisão transversal;Com Vítimas Feridas;Pleno dia;Decrescente;Nublado;Simples;Reta;Não;1235539;Automóvel;CHEVROLET/CRUZE LT NB;2016;Passageiro;Ileso;13;Feminino;1;0;0;0;-25,1;-52,895;SPRF-PR;DEL04-PR;UOP04-DEL04-PR
696316;1548867;06/06/2025;sexta-feira;19:00:00;PR;153;349;REBOUCAS;Não;Condutor deixou de manter distância do veículo da frente;1;Colisão traseira;Sem Vítimas;Plena Noite;Crescente;Céu Claro;Simples;Reta;Não;1235714;Automóvel;VW/GOLF 1.6 SPORTLINE;2010;Passageiro;Ileso;5;Masculino;1;0;0;0;-25,595;-50,688;SPRF-PR;DEL08-PR;UOP02-DEL08-PR
696316;1548872;06/06/2025;sexta-feira;19:00:00;PR;153;349;REBOUCAS;Não;Condutor deixou de manter distância do veículo da frente;1;Colisão traseira;Sem Vítimas;Plena Noite;Crescente;Céu Claro;Simples;Reta;Não;1235713;Automóvel;PEUGEOT/206 SOLEIL;2002;Passageiro;Ileso;0;Masculino;1;0;0;0;-25,595;-50,688;SPRF-PR;DEL08-PR;UOP02-DEL08-PR
696316;1548867;06/06/2025;sexta-feira;19:00:00;PR;153;349;REBOUCAS;Não;Reação tardia ou ineficiente do condutor;1;Colisão traseira;Sem Vítimas;Plena Noite;Crescente;Céu Claro;Simples;Reta;Não;1235714;Automóvel;VW/GOLF 1.6 SPORTLINE;2010;Passageiro;Ileso;5;Masculino;1;0;0;0;-25,595;-50,688;SPRF-PR;DEL08-PR;UOP02-DEL08-PR
696316;1548872;06/06/2025;sexta-feira;19:00:00;PR;153;349;REBOUCAS;Não;Reação tardia ou ineficiente do condutor;1;Colisão traseira;Sem Vítimas;Plena Noite;Crescente;Céu Claro;Simples;Reta;Não;1235713;Automóvel;PEUGEOT/206 SOLEIL;2002;Passageiro;Ileso;0;Masculino;1;0;0;0;-25,595;-50,688;SPRF-PR;DEL08-PR;UOP02-DEL08-PR
696316;1548867;06/06/2025;sexta-feira;19:00:00;PR;153;349;REBOUCAS;Não;Iluminação deficiente;1;Colisão traseira;Sem Vítimas;Plena Noite;Crescente;Céu Claro;Simples;Reta;Não;1235714;Automóvel;VW/GOLF 1.6 SPORTLINE;2010;Passageiro;Ileso;5;Masculino;1;0;0;0;-25,595;-50,688;SPRF-PR;DEL08-PR;UOP02-DEL08-PR
696316;1548872;06/06/2025;sexta-feira;19:00:00;PR;153;349;REBOUCAS;Não;Iluminação deficiente;1;Colisão traseira;Sem Vítimas;Plena Noite;Crescente;Céu Claro;Simples;Reta;Não;1235713;Automóvel;PEUGEOT/206 SOLEIL;2002;Passageiro;Ileso;0;Masculino;1;0;0;0;-25,595;-50,688;SPRF-PR;DEL08-PR;UOP02-DEL08-PR
696316;1548867;06/06/2025;sexta-feira;19:00:00;PR;153;349;REBOUCAS;Sim;Deficiência do Sistema de Iluminação/Sinalização;1;Colisão traseira;Sem Vítimas;Plena Noite;Crescente;Céu Claro;Simples;Reta;Não;1235714;Automóvel;VW/GOLF 1.6 SPORTLINE;2010;Passageiro;Ileso;5;Masculino;1;0;0;0;-25,595;-50,688;SPRF-PR;DEL08-PR;UOP02-DEL08-PR
696316;1548872;06/06/2025;sexta-feira;19:00:00;PR;153;349;REBOUCAS;Sim;Deficiência do Sistema de Iluminação/Sinalização;1;Colisão traseira;Sem Vítimas;Plena Noite;Crescente;Céu Claro;Simples;Reta;Não;1235713;Automóvel;PEUGEOT/206 SOLEIL;2002;Passageiro;Ileso;0;Masculino;1;0;0;0;-25,595;-50,688;SPRF-PR;DEL08-PR;UOP02-DEL08-PR
696662;1551245;08/06/2025;domingo;01:30:00;PR;116;90;CAMPINA GRANDE DO SUL;Sim;Ingestão de álcool pelo condutor;1;Colisão traseira;Sem Vítimas;Plena Noite;Crescente;Chuva;Dupla;Reta;Não;1236321;Automóvel;FORD/FIESTA FLEX;2008;Passageiro;Ileso;1;Masculino;1;0;0;0;-25,29393;-49,06546;SPRF-PR;DEL01-PR;UOP07-DEL01-PR
696747;1549713;08/06/2025;domingo;09:45:00;PR;277;84;CURITIBA;Não;Reação tardia ou ineficiente do condutor;3;Capotamento;Com Vítimas Feridas;Pleno dia;Decrescente;Nublado;Dupla;"Declive;Curva";Sim;1236458;Automóvel;CITROEN/C3 90M TENDANCE;2013;Passageiro;Lesões Leves;10;Masculino;0;1;0;0;-25,4438796;-49,23356879;SPRF-PR;DEL01-PR;UOP03-DEL01-PR
696747;1549713;08/06/2025;domingo;09:45:00;PR;277;84;CURITIBA;Não;Reação tardia ou ineficiente do condutor;2;Colisão com objeto;Com Vítimas Feridas;Pleno dia;Decrescente;Nublado;Dupla;"Declive;Curva";Sim;1236458;Automóvel;CITROEN/C3 90M TENDANCE;2013;Passageiro;Lesões Leves;10;Masculino;0;1;0;0;-25,4438796;-49,23356879;SPRF-PR;DEL01-PR;UOP03-DEL01-PR
696747;1549713;08/06/2025;domingo;09:45:00;PR;277;84;CURITIBA;Não;Reação tardia ou ineficiente do condutor;1;Colisão com objeto;Com Vítimas Feridas;Pleno dia;Decrescente;Nublado;Dupla;"Declive;Curva";Sim;1236458;Automóvel;CITROEN/C3 90M TENDANCE;2013;Passageiro;Lesões Leves;10;Masculino;0;1;0;0;-25,4438796;-49,23356879;SPRF-PR;DEL01-PR;UOP03-DEL01-PR
696747;1549713;08/06/2025;domingo;09:45:00;PR;277;84;CURITIBA;Não;Ausência de reação do condutor;3;Capotamento;Com Vítimas Feridas;Pleno dia;Decrescente;Nublado;Dupla;"Declive;Curva";Sim;1236458;Automóvel;CITROEN/C3 90M TENDANCE;2013;Passageiro;Lesões Leves;10;Masculino;0;1;0;0;-25,4438796;-49,23356879;SPRF-PR;DEL01-PR;UOP03-DEL01-PR
696747;1549713;08/06/2025;domingo;09:45:00;PR;277;84;CURITIBA;Não;Ausência de reação do condutor;2;Colisão com objeto;Com Vítimas Feridas;Pleno dia;Decrescente;Nublado;Dupla;"Declive;Curva";Sim;1236458;Automóvel;CITROEN/C3 90M TENDANCE;2013;Passageiro;Lesões Leves;10;Masculino;0;1;0;0;-25,4438796;-49,23356879;SPRF-PR;DEL01-PR;UOP03-DEL01-PR
696747;1549713;08/06/2025;domingo;09:45:00;PR;277;84;CURITIBA;Não;Ausência de reação do condutor;1;Colisão com objeto;Com Vítimas Feridas;Pleno dia;Decrescente;Nublado;Dupla;"Declive;Curva";Sim;1236458;Automóvel;CITROEN/C3 90M TENDANCE;2013;Passageiro;Lesões Leves;10;Masculino;0;1;0;0;-25,4438796;-49,23356879;SPRF-PR;DEL01-PR;UOP03-DEL01-PR
696747;1549713;08/06/2025;domingo;09:45:00;PR;277;84;CURITIBA;Não;Condutor usando celular;3;Capotamento;Com Vítimas Feridas;Pleno dia;Decrescente;Nublado;Dupla;"Declive;Curva";Sim;1236458;Automóvel;CITROEN/C3 90M TENDANCE;2013;Passageiro;Lesões Leves;10;Masculino;0;1;0;0;-25,4438796;-49,23356879;SPRF-PR;DEL01-PR;UOP03-DEL01-PR
696747;1549713;08/06/2025;domingo;09:45:00;PR;277;84;CURITIBA;Não;Condutor usando celular;2;Colisão com objeto;Com Vítimas Feridas;Pleno dia;Decrescente;Nublado;Dupla;"Declive;Curva";Sim;1236458;Automóvel;CITROEN/C3 90M TENDANCE;2013;Passageiro;Lesões Leves;10;Masculino;0;1;0;0;-25,4438796;-49,23356879;SPRF-PR;DEL01-PR;UOP03-DEL01-PR
696747;1549713;08/06/2025;domingo;09:45:00;PR;277;84;CURITIBA;Não;Condutor usando celular;1;Colisão com objeto;Com Vítimas Feridas;Pleno dia;Decrescente;Nublado;Dupla;"Declive;Curva";Sim;1236458;Automóvel;CITROEN/C3 90M TENDANCE;2013;Passageiro;Lesões Leves;10;Masculino;0;1;0;0;-25,4438796;-49,23356879;SPRF-PR;DEL01-PR;UOP03-DEL01-PR
696747;1549713;08/06/2025;domingo;09:45:00;PR;277;84;CURITIBA;Sim;Velocidade Incompatível;3;Capotamento;Com Vítimas Feridas;Pleno dia;Decrescente;Nublado;Dupla;"Declive;Curva";Sim;1236458;Automóvel;CITROEN/C3 90M TENDANCE;2013;Passageiro;Lesões Leves;10;Masculino;0;1;0;0;-25,4438796;-49,23356879;SPRF-PR;DEL01-PR;UOP03-DEL01-PR
696747;1549713;08/06/2025;domingo;09:45:00;PR;277;84;CURITIBA;Sim;Velocidade Incompatível;2;Colisão com objeto;Com Vítimas Feridas;Pleno dia;Decrescente;Nublado;Dupla;"Declive;Curva";Sim;1236458;Automóvel;CITROEN/C3 90M TENDANCE;2013;Passageiro;Lesões Leves;10;Masculino;0;1;0;0;-25,4438796;-49,23356879;SPRF-PR;DEL01-PR;UOP03-DEL01-PR
696747;1549713;08/06/2025;domingo;09:45:00;PR;277;84;CURITIBA;Sim;Velocidade Incompatível;1;Colisão com objeto;Com Vítimas Feridas;Pleno dia;Decrescente;Nublado;Dupla;"Declive;Curva";Sim;1236458;Automóvel;CITROEN/C3 90M TENDANCE;2013;Passageiro;Lesões Leves;10;Masculino;0;1;0;0;-25,4438796;-49,23356879;SPRF-PR;DEL01-PR;UOP03-DEL01-PR
696865;1550052;08/06/2025;domingo;19:50:00;PR;277;395;CANDOI;Não;Conversão proibida;2;Saída de leito carroçável;Com Vítimas Feridas;Plena Noite;Decrescente;Céu Claro;Simples;"Reta;Interseção de Vias;Retorno Regulamentado";Não;1236719;Caminhonete;I/TOYOTA HILUX CDSRXA4RD;2024;Passageiro;Ileso;12;Masculino;1;0;0;0;-25,4518;-51,93298;SPRF-PR;DEL08-PR;UOP01-DEL08-PR
696865;1550052;08/06/2025;domingo;19:50:00;PR;277;395;CANDOI;Não;Conversão proibida;1;Colisão transversal;Com Vítimas Feridas;Plena Noite;Decrescente;Céu Claro;Simples;"Reta;Interseção de Vias;Retorno Regulamentado";Não;1236719;Caminhonete;I/TOYOTA HILUX CDSRXA4RD;2024;Passageiro;Ileso;12;Masculino;1;0;0;0;-25,4518;-51,93298;SPRF-PR;DEL08-PR;UOP01-DEL08-PR
696865;1550052;08/06/2025;domingo;19:50:00;PR;277;395;CANDOI;Não;Condutor usando celular;2;Saída de leito carroçável;Com Vítimas Feridas;Plena Noite;Decrescente;Céu Claro;Simples;"Reta;Interseção de Vias;Retorno Regulamentado";Não;1236719;Caminhonete;I/TOYOTA HILUX CDSRXA4RD;2024;Passageiro;Ileso;12;Masculino;1;0;0;0;-25,4518;-51,93298;SPRF-PR;DEL08-PR;UOP01-DEL08-PR
696865;1550052;08/06/2025;domingo;19:50:00;PR;277;395;CANDOI;Não;Condutor usando celular;1;Colisão transversal;Com Vítimas Feridas;Plena Noite;Decrescente;Céu Claro;Simples;"Reta;Interseção de Vias;Retorno Regulamentado";Não;1236719;Caminhonete;I/TOYOTA HILUX CDSRXA4RD;2024;Passageiro;Ileso;12;Masculino;1;0;0;0;-25,4518;-51,93298;SPRF-PR;DEL08-PR;UOP01-DEL08-PR
696865;1550052;08/06/2025;domingo;19:50:00;PR;277;395;CANDOI;Não;Acesso irregular;2;Saída de leito carroçável;Com Vítimas Feridas;Plena Noite;Decrescente;Céu Claro;Simples;"Reta;Interseção de Vias;Retorno Regulamentado";Não;1236719;Caminhonete;I/TOYOTA HILUX CDSRXA4RD;2024;Passageiro;Ileso;12;Masculino;1;0;0;0;-25,4518;-51,93298;SPRF-PR;DEL08-PR;UOP01-DEL08-PR
696865;1550052;08/06/2025;domingo;19:50:00;PR;277;395;CANDOI;Não;Acesso irregular;1;Colisão transversal;Com Vítimas Feridas;Plena Noite;Decrescente;Céu Claro;Simples;"Reta;Interseção de Vias;Retorno Regulamentado";Não;1236719;Caminhonete;I/TOYOTA HILUX CDSRXA4RD;2024;Passageiro;Ileso;12;Masculino;1;0;0;0;-25,4518;-51,93298;SPRF-PR;DEL08-PR;UOP01-DEL08-PR
696865;1550052;08/06/2025;domingo;19:50:00;PR;277;395;CANDOI;Não;Ingestão de álcool pelo condutor;2;Saída de leito carroçável;Com Vítimas Feridas;Plena Noite;Decrescente;Céu Claro;Simples;"Reta;Interseção de Vias;Retorno Regulamentado";Não;1236719;Caminhonete;I/TOYOTA HILUX CDSRXA4RD;2024;Passageiro;Ileso;12;Masculino;1;0;0;0;-25,4518;-51,93298;SPRF-PR;DEL08-PR;UOP01-DEL08-PR
696865;1550052;08/06/2025;domingo;19:50:00;PR;277;395;CANDOI;Não;Ingestão de álcool pelo condutor;1;Colisão transversal;Com Vítimas Feridas;Plena Noite;Decrescente;Céu Claro;Simples;"Reta;Interseção de Vias;Retorno Regulamentado";Não;1236719;Caminhonete;I/TOYOTA HILUX CDSRXA4RD;2024;Passageiro;Ileso;12;Masculino;1;0;0;0;-25,4518;-51,93298;SPRF-PR;DEL08-PR;UOP01-DEL08-PR
696865;1550052;08/06/2025;domingo;19:50:00;PR;277;395;CANDOI;Sim;Acessar a via sem observar a presença dos outros veículos;2;Saída de leito carroçável;Com Vítimas Feridas;Plena Noite;Decrescente;Céu Claro;Simples;"Reta;Interseção de Vias;Retorno Regulamentado";Não;1236719;Caminhonete;I/TOYOTA HILUX CDSRXA4RD;2024;Passageiro;Ileso;12;Masculino;1;0;0;0;-25,4518;-51,93298;SPRF-PR;DEL08-PR;UOP01-DEL08-PR
696865;1550052;08/06/2025;domingo;19:50:00;PR;277;395;CANDOI;Sim;Acessar a via sem observar a presença dos outros veículos;1;Colisão transversal;Com Vítimas Feridas;Plena Noite;Decrescente;Céu Claro;Simples;"Reta;Interseção de Vias;Retorno Regulamentado";Não;1236719;Caminhonete;I/TOYOTA HILUX CDSRXA4RD;2024;Passageiro;Ileso;12;Masculino;1;0;0;0;-25,4518;-51,93298;SPRF-PR;DEL08-PR;UOP01-DEL08-PR
696894;1550043;08/06/2025;domingo;23:00:00;PR;376;666,1;GUARATUBA;Não;Chuva;2;Tombamento;Com Vítimas Feridas;Plena Noite;Crescente;Chuva;Simples;"Declive;Curva";Não;1236705;Automóvel;VW/UP MOVE MDV;2017;Passageiro;Lesões Leves;2;Feminino;0;1;0;0;-25,86519474;-48,94924164;SPRF-PR;DEL01-PR;UOP04-DEL01-PR
696894;1550043;08/06/2025;domingo;23:00:00;PR;376;666,1;GUARATUBA;Não;Chuva;1;Colisão com objeto;Com Vítimas Feridas;Plena Noite;Crescente;Chuva;Simples;"Declive;Curva";Não;1236705;Automóvel;VW/UP MOVE MDV;2017;Passageiro;Lesões Leves;2;Feminino;0;1;0;0;-25,86519474;-48,94924164;SPRF-PR;DEL01-PR;UOP04-DEL01-PR
696894;1550043;08/06/2025;domingo;23:00:00;PR;376;666,1;GUARATUBA;Sim;Ausência de reação do condutor;2;Tombamento;Com Vítimas Feridas;Plena Noite;Crescente;Chuva;Simples;"Declive;Curva";Não;1236705;Automóvel;VW/UP MOVE MDV;2017;Passageiro;Lesões Leves;2;Feminino;0;1;0;0;-25,86519474;-48,94924164;SPRF-PR;DEL01-PR;UOP04-DEL01-PR
696894;1550043;08/06/2025;domingo;23:00:00;PR;376;666,1;GUARATUBA;Sim;Ausência de reação do condutor;1;Colisão com objeto;Com Vítimas Feridas;Plena Noite;Crescente;Chuva;Simples;"Declive;Curva";Não;1236705;Automóvel;VW/UP MOVE MDV;2017;Passageiro;Lesões Leves;2;Feminino;0;1;0;0;-25,86519474;-48,94924164;SPRF-PR;DEL01-PR;UOP04-DEL01-PR
697015;1550291;09/06/2025;segunda-feira;13:30:00;PR;376;650;TIJUCAS DO SUL;Não;Pista Escorregadia;1;Colisão com objeto;Com Vítimas Feridas;Pleno dia;Crescente;Nublado;Dupla;"Curva;Declive";Não;1236914;Automóvel;FIAT/UNO ATTRACTIVE 1.0;2021;Passageiro;Lesões Leves;14;Feminino;0;1;0;0;-25,8452517;-49,0806454;SPRF-PR;DEL01-PR;UOP04-DEL01-PR
697015;1550293;09/06/2025;segunda-feira;13:30:00;PR;376;650;TIJUCAS DO SUL;Não;Pista Escorregadia;1;Colisão com objeto;Com Vítimas Feridas;Pleno dia;Crescente;Nublado;Dupla;"Curva;Declive";Não;1236914;Automóvel;FIAT/UNO ATTRACTIVE 1.0;2021;Passageiro;Lesões Leves;6;Feminino;0;1;0;0;-25,8452517;-49,0806454;SPRF-PR;DEL01-PR;UOP04-DEL01-PR
697015;1550291;09/06/2025;segunda-feira;13:30:00;PR;376;650;TIJUCAS DO SUL;Não;Reação tardia ou ineficiente do condutor;1;Colisão com objeto;Com Vítimas Feridas;Pleno dia;Crescente;Nublado;Dupla;"Curva;Declive";Não;1236914;Automóvel;FIAT/UNO ATTRACTIVE 1.0;2021;Passageiro;Lesões Leves;14;Feminino;0;1;0;0;-25,8452517;-49,0806454;SPRF-PR;DEL01-PR;UOP04-DEL01-PR
697015;1550293;09/06/2025;segunda-feira;13:30:00;PR;376;650;TIJUCAS DO SUL;Não;Reação tardia ou ineficiente do condutor;1;Colisão com objeto;Com Vítimas Feridas;Pleno dia;Crescente;Nublado;Dupla;"Curva;Declive";Não;1236914;Automóvel;FIAT/UNO ATTRACTIVE 1.0;2021;Passageiro;Lesões Leves;6;Feminino;0;1;0;0;-25,8452517;-49,0806454;SPRF-PR;DEL01-PR;UOP04-DEL01-PR
697015;1550291;09/06/2025;segunda-feira;13:30:00;PR;376;650;TIJUCAS DO SUL;Sim;Acessar a via sem observar a presença dos outros veículos;1;Colisão com objeto;Com Vítimas Feridas;Pleno dia;Crescente;Nublado;Dupla;"Curva;Declive";Não;1236914;Automóvel;FIAT/UNO ATTRACTIVE 1.0;2021;Passageiro;Lesões Leves;14;Feminino;0;1;0;0;-25,8452517;-49,0806454;SPRF-PR;DEL01-PR;UOP04-DEL01-PR
697015;1550293;09/06/2025;segunda-feira;13:30:00;PR;376;650;TIJUCAS DO SUL;Sim;Acessar a via sem observar a presença dos outros veículos;1;Colisão com objeto;Com Vítimas Feridas;Pleno dia;Crescente;Nublado;Dupla;"Curva;Declive";Não;1236914;Automóvel;FIAT/UNO ATTRACTIVE 1.0;2021;Passageiro;Lesões Leves;6;Feminino;0;1;0;0;-25,8452517;-49,0806454;SPRF-PR;DEL01-PR;UOP04-DEL01-PR
697100;1554257;09/06/2025;segunda-feira;19:40:00;PR;487;123;TUNEIRAS DO OESTE;Sim;Animais na Pista;1;Atropelamento de Animal;Com Vítimas Feridas;Plena Noite;Decrescente;Céu Claro;Simples;"Declive;Reta";Não;1237153;Automóvel;VW/T CROSS HL TSI;2025;Passageiro;Lesões Leves;13;Masculino;0;1;0;0;-23,860946;-52,893531;SPRF-PR;DEL09-PR;UOP03-DEL09-PR
697124;1554393;09/06/2025;segunda-feira;18:20:00;PR;467;100,9;CASCAVEL;Não;Reação tardia ou ineficiente do condutor;2;Tombamento;Com Vítimas Feridas;Anoitecer;Decrescente;Céu Claro;Dupla;Curva;Não;1237166;Automóvel;RENAULT/KWID ZEN 10MT;2021;Passageiro;Lesões Leves;8;Masculino;0;1;0;0;-24,89792042;-53,53294373;SPRF-PR;DEL04-PR;UOP01-DEL04-PR
697124;1554393;09/06/2025;segunda-feira;18:20:00;PR;467;100,9;CASCAVEL;Não;Reação tardia ou ineficiente do condutor;1;Colisão lateral mesmo sentido;Com Vítimas Feridas;Anoitecer;Decrescente;Céu Claro;Dupla;Curva;Não;1237166;Automóvel;RENAULT/KWID ZEN 10MT;2021;Passageiro;Lesões Leves;8;Masculino;0;1;0;0;-24,89792042;-53,53294373;SPRF-PR;DEL04-PR;UOP01-DEL04-PR
697124;1554393;09/06/2025;segunda-feira;18:20:00;PR;467;100,9;CASCAVEL;Sim;Manobra de mudança de faixa;2;Tombamento;Com Vítimas Feridas;Anoitecer;Decrescente;Céu Claro;Dupla;Curva;Não;1237166;Automóvel;RENAULT/KWID ZEN 10MT;2021;Passageiro;Lesões Leves;8;Masculino;0;1;0;0;-24,89792042;-53,53294373;SPRF-PR;DEL04-PR;UOP01-DEL04-PR