id;pesid;data_inversa;dia_semana;horario;uf;br;km;municipio;causa_principal;causa_acidente;ordem_tipo_acidente;tipo_acidente;classificacao_acidente;fase_dia;sentido_via;condicao_metereologica;tipo_pista;tracado_via;uso_solo;id_veiculo;tipo_veiculo;marca;ano_fabricacao_veiculo;tipo_envolvido;estado_fisico;idade;sexo;ilesos;feridos_leves;feridos_graves;mortos;latitude;longitude;regional;delegacia;uop
704050;1567788;11/07/2025;sexta-feira;14:45:00;PR;376;552;BALSA NOVA;Não;Velocidade Incompatível;1;Colisão traseira;Com Vítimas Feridas;Pleno dia;Crescente;Céu Claro;Dupla;Reta;Não;1251163;Camioneta;JEEP/COMPASS LONG TF;2022;Passageiro;Ileso;5;Feminino;1;0;0;0;-25,45784487;-49,73373413;SPRF-PR;DEL03-PR;UOP03-DEL03-PR
704050;1567788;11/07/2025;sexta-feira;14:45:00;PR;376;552;BALSA NOVA;Sim;Manobra de mudança de faixa;1;Colisão traseira;Com Vítimas Feridas;Pleno dia;Crescente;Céu Claro;Dupla;Reta;Não;1251163;Camioneta;JEEP/COMPASS LONG TF;2022;Passageiro;Ileso;5;Feminino;1;0;0;0;-25,45784487;-49,73373413;SPRF-PR;DEL03-PR;UOP03-DEL03-PR
704104;1567626;08/06/2025;domingo;20:30:00;PR;277;73;SAO JOSE DOS PINHAIS;Não;Transitar na contramão;1;Colisão lateral sentido oposto;Com Vítimas Feridas;Plena Noite;Decrescente;Chuva;Dupla;Reta;Sim;1251020;Automóvel;I/FORD FOCUS SE AT 2.0HC;2016;Passageiro;Lesões Leves;1;Feminino;0;1;0;0;-25,49012222;-49,17625534;SPRF-PR;DEL01-PR;UOP07-DEL01-PR
704104;1567625;08/06/2025;domingo;20:30:00;PR;277;73;SAO JOSE DOS PINHAIS;Não;Transitar na contramão;1;Colisão lateral sentido oposto;Com Vítimas Feridas;Plena Noite;Decrescente;Chuva;Dupla;Reta;Sim;1251020;Automóvel;I/FORD FOCUS SE AT 2.0HC;2016;Passageiro;Lesões Leves;2;Feminino;0;1;0;0;-25,49012222;-49,17625534;SPRF-PR;DEL01-PR;UOP07-DEL01-PR
704104;1567626;08/06/2025;domingo;20:30:00;PR;277;73;SAO JOSE DOS PINHAIS;Não;Chuva;1;Colisão lateral sentido oposto;Com Vítimas Feridas;Plena Noite;Decrescente;Chuva;Dupla;Reta;Sim;1251020;Automóvel;I/FORD FOCUS SE AT 2.0HC;2016;Passageiro;Lesões Leves;1;Feminino;0;1;0;0;-25,49012222;-49,17625534;SPRF-PR;DEL01-PR;UOP07-DEL01-PR
704104;1567625;08/06/2025;domingo;20:30:00;PR;277;73;SAO JOSE DOS PINHAIS;Não;Chuva;1;Colisão lateral sentido oposto;Com Vítimas Feridas;Plena Noite;Decrescente;Chuva;Dupla;Reta;Sim;1251020;Automóvel;I/FORD FOCUS SE AT 2.0HC;2016;Passageiro;Lesões Leves;2;Feminino;0;1;0;0;-25,49012222;-49,17625534;SPRF-PR;DEL01-PR;UOP07-DEL01-PR
704104;1567626;08/06/2025;domingo;20:30:00;PR;277;73;SAO JOSE DOS PINHAIS;Não;Ausência de reação do condutor;1;Colisão lateral sentido oposto;Com Vítimas Feridas;Plena Noite;Decrescente;Chuva;Dupla;Reta;Sim;1251020;Automóvel;I/FORD FOCUS SE AT 2.0HC;2016;Passageiro;Lesões Leves;1;Feminino;0;1;0;0;-25,49012222;-49,17625534;SPRF-PR;DEL01-PR;UOP07-DEL01-PR
704104;1567625;08/06/2025;domingo;20:30:00;PR;277;73;SAO JOSE DOS PINHAIS;Não;Ausência de reação do condutor;1;Colisão lateral sentido oposto;Com Vítimas Feridas;Plena Noite;Decrescente;Chuva;Dupla;Reta;Sim;1251020;Automóvel;I/FORD FOCUS SE AT 2.0HC;2016;Passageiro;Lesões Leves;2;Feminino;0;1;0;0;-25,49012222;-49,17625534;SPRF-PR;DEL01-PR;UOP07-DEL01-PR
704104;1567626;08/06/2025;domingo;20:30:00;PR;277;73;SAO JOSE DOS PINHAIS;Sim;Ingestão de álcool pelo condutor;1;Colisão lateral sentido oposto;Com Vítimas Feridas;Plena Noite;Decrescente;Chuva;Dupla;Reta;Sim;1251020;Automóvel;I/FORD FOCUS SE AT 2.0HC;2016;Passageiro;Lesões Leves;1;Feminino;0;1;0;0;-25,49012222;-49,17625534;SPRF-PR;DEL01-PR;UOP07-DEL01-PR
704104;1567625;08/06/2025;domingo;20:30:00;PR;277;73;SAO JOSE DOS PINHAIS;Sim;Ingestão de álcool pelo condutor;1;Colisão lateral sentido oposto;Com Vítimas Feridas;Plena Noite;Decrescente;Chuva;Dupla;Reta;Sim;1251020;Automóvel;I/FORD FOCUS SE AT 2.0HC;2016;Passageiro;Lesões Leves;2;Feminino;0;1;0;0;-25,49012222;-49,17625534;SPRF-PR;DEL01-PR;UOP07-DEL01-PR
704104;1567626;08/06/2025;domingo;20:30:00;PR;277;73;SAO JOSE DOS PINHAIS;Não;Condutor Dormindo;1;Colisão lateral sentido oposto;Com Vítimas Feridas;Plena Noite;Decrescente;Chuva;Dupla;Reta;Sim;1251020;Automóvel;I/FORD FOCUS SE AT 2.0HC;2016;Passageiro;Lesões Leves;1;Feminino;0;1;0;0;-25,49012222;-49,17625534;SPRF-PR;DEL01-PR;UOP07-DEL01-PR
704104;1567625;08/06/2025;domingo;20:30:00;PR;277;73;SAO JOSE DOS PINHAIS;Não;Condutor Dormindo;1;Colisão lateral sentido oposto;Com Vítimas Feridas;Plena Noite;Decrescente;Chuva;Dupla;Reta;Sim;1251020;Automóvel;I/FORD FOCUS SE AT 2.0HC;2016;Passageiro;Lesões Leves;2;Feminino;0;1;0;0;-25,49012222;-49,17625534;SPRF-PR;DEL01-PR;UOP07-DEL01-PR
704230;1567894;12/07/2025;sábado;07:50:00;PR;163;145;CAPITAO LEONIDAS MARQUES;Não;Avarias e/ou desgaste excessivo no pneu;2;Capotamento;Com Vítimas Feridas;Amanhecer;Decrescente;Céu Claro;Dupla;Curva;Não;1251256;Automóvel;FIAT/STILO FLEX DUALOGIC;2010;Passageiro;Lesões Leves;15;Masculino;0;1;0;0;-25,45946502;-53,58355969;SPRF-PR;DEL05-PR;UOP05-DEL05-PR
704230;1567894;12/07/2025;sábado;07:50:00;PR;163;145;CAPITAO LEONIDAS MARQUES;Não;Avarias e/ou desgaste excessivo no pneu;1;Saída de leito carroçável;Com Vítimas Feridas;Amanhecer;Decrescente;Céu Claro;Dupla;Curva;Não;1251256;Automóvel;FIAT/STILO FLEX DUALOGIC;2010;Passageiro;Lesões Leves;15;Masculino;0;1;0;0;-25,45946502;-53,58355969;SPRF-PR;DEL05-PR;UOP05-DEL05-PR
704230;1567894;12/07/2025;sábado;07:50:00;PR;163;145;CAPITAO LEONIDAS MARQUES;Sim;Ingestão de álcool pelo condutor;2;Capotamento;Com Vítimas Feridas;Amanhecer;Decrescente;Céu Claro;Dupla;Curva;Não;1251256;Automóvel;FIAT/STILO FLEX DUALOGIC;2010;Passageiro;Lesões Leves;15;Masculino;0;1;0;0;-25,45946502;-53,58355969;SPRF-PR;DEL05-PR;UOP05-DEL05-PR
704230;1567894;12/07/2025;sábado;07:50:00;PR;163;145;CAPITAO LEONIDAS MARQUES;Sim;Ingestão de álcool pelo condutor;1;Saída de leito carroçável;Com Vítimas Feridas;Amanhecer;Decrescente;Céu Claro;Dupla;Curva;Não;1251256;Automóvel;FIAT/STILO FLEX DUALOGIC;2010;Passageiro;Lesões Leves;15;Masculino;0;1;0;0;-25,45946502;-53,58355969;SPRF-PR;DEL05-PR;UOP05-DEL05-PR
704280;1568065;12/07/2025;sábado;15:24:00;PR;469;15;FOZ DO IGUACU;Não;Reação tardia ou ineficiente do condutor;1;Engavetamento;Com Vítimas Feridas;Pleno dia;Crescente;Céu Claro;Simples;"Reta;Em Obras";Sim;1251393;Automóvel;I/M.BENZ E 350;2009;Passageiro;Ileso;2;Feminino;1;0;0;0;-25,57949618;-54,53685014;SPRF-PR;DEL05-PR;UOP04-DEL05-PR
704280;1568055;12/07/2025;sábado;15:24:00;PR;469;15;FOZ DO IGUACU;Não;Reação tardia ou ineficiente do condutor;1;Engavetamento;Com Vítimas Feridas;Pleno dia;Crescente;Céu Claro;Simples;"Reta;Em Obras";Sim;1251387;Automóvel;VW/POLO SEDAN 1.6;2007;Passageiro;Ileso;0;Masculino;1;0;0;0;-25,57949618;-54,53685014;SPRF-PR;DEL05-PR;UOP04-DEL05-PR
704280;1568053;12/07/2025;sábado;15:24:00;PR;469;15;FOZ DO IGUACU;Não;Reação tardia ou ineficiente do condutor;1;Engavetamento;Com Vítimas Feridas;Pleno dia;Crescente;Céu Claro;Simples;"Reta;Em Obras";Sim;1251387;Automóvel;VW/POLO SEDAN 1.6;2007;Passageiro;Ileso;8;Feminino;1;0;0;0;-25,57949618;-54,53685014;SPRF-PR;DEL05-PR;UOP04-DEL05-PR
704280;1568065;12/07/2025;sábado;15:24:00;PR;469;15;FOZ DO IGUACU;Não;Frear bruscamente;1;Engavetamento;Com Vítimas Feridas;Pleno dia;Crescente;Céu Claro;Simples;"Reta;Em Obras";Sim;1251393;Automóvel;I/M.BENZ E 350;2009;Passageiro;Ileso;2;Feminino;1;0;0;0;-25,57949618;-54,53685014;SPRF-PR;DEL05-PR;UOP04-DEL05-PR
704280;1568055;12/07/2025;sábado;15:24:00;PR;469;15;FOZ DO IGUACU;Não;Frear bruscamente;1;Engavetamento;Com Vítimas Feridas;Pleno dia;Crescente;Céu Claro;Simples;"Reta;Em Obras";Sim;1251387;Automóvel;VW/POLO SEDAN 1.6;2007;Passageiro;Ileso;0;Masculino;1;0;0;0;-25,57949618;-54,53685014;SPRF-PR;DEL05-PR;UOP04-DEL05-PR
704280;1568053;12/07/2025;sábado;15:24:00;PR;469;15;FOZ DO IGUACU;Não;Frear bruscamente;1;Engavetamento;Com Vítimas Feridas;Pleno dia;Crescente;Céu Claro;Simples;"Reta;Em Obras";Sim;1251387;Automóvel;VW/POLO SEDAN 1.6;2007;Passageiro;Ileso;8;Feminino;1;0;0;0;-25,57949618;-54,53685014;SPRF-PR;DEL05-PR;UOP04-DEL05-PR
704280;1568065;12/07/2025;sábado;15:24:00;PR;469;15;FOZ DO IGUACU;Não;Demais falhas na via;1;Engavetamento;Com Vítimas Feridas;Pleno dia;Crescente;Céu Claro;Simples;"Reta;Em Obras";Sim;1251393;Automóvel;I/M.BENZ E 350;2009;Passageiro;Ileso;2;Feminino;1;0;0;0;-25,57949618;-54,53685014;SPRF-PR;DEL05-PR;UOP04-DEL05-PR
704280;1568055;12/07/2025;sábado;15:24:00;PR;469;15;FOZ DO IGUACU;Não;Demais falhas na via;1;Engavetamento;Com Vítimas Feridas;Pleno dia;Crescente;Céu Claro;Simples;"Reta;Em Obras";Sim;1251387;Automóvel;VW/POLO SEDAN 1.6;2007;Passageiro;Ileso;0;Masculino;1;0;0;0;-25,57949618;-54,53685014;SPRF-PR;DEL05-PR;UOP04-DEL05-PR
704280;1568053;12/07/2025;sábado;15:24:00;PR;469;15;FOZ DO IGUACU;Não;Demais falhas na via;1;Engavetamento;Com Vítimas Feridas;Pleno dia;Crescente;Céu Claro;Simples;"Reta;Em Obras";Sim;1251387;Automóvel;VW/POLO SEDAN 1.6;2007;Passageiro;Ileso;8;Feminino;1;0;0;0;-25,57949618;-54,53685014;SPRF-PR;DEL05-PR;UOP04-DEL05-PR
704280;1568065;12/07/2025;sábado;15:24:00;PR;469;15;FOZ DO IGUACU;Não;Acessar a via sem observar a presença dos outros veículos;1;Engavetamento;Com Vítimas Feridas;Pleno dia;Crescente;Céu Claro;Simples;"Reta;Em Obras";Sim;1251393;Automóvel;I/M.BENZ E 350;2009;Passageiro;Ileso;2;Feminino;1;0;0;0;-25,57949618;-54,53685014;SPRF-PR;DEL05-PR;UOP04-DEL05-PR
704280;1568055;12/07/2025;sábado;15:24:00;PR;469;15;FOZ DO IGUACU;Não;Acessar a via sem observar a presença dos outros veículos;1;Engavetamento;Com Vítimas Feridas;Pleno dia;Crescente;Céu Claro;Simples;"Reta;Em Obras";Sim;1251387;Automóvel;VW/POLO SEDAN 1.6;2007;Passageiro;Ileso;0;Masculino;1;0;0;0;-25,57949618;-54,53685014;SPRF-PR;DEL05-PR;UOP04-DEL05-PR
704280;1568053;12/07/2025;sábado;15:24:00;PR;469;15;FOZ DO IGUACU;Não;Acessar a via sem observar a presença dos outros veículos;1;Engavetamento;Com Vítimas Feridas;Pleno dia;Crescente;Céu Claro;Simples;"Reta;Em Obras";Sim;1251387;Automóvel;VW/POLO SEDAN 1.6;2007;Passageiro;Ileso;8;Feminino;1;0;0;0;-25,57949618;-54,53685014;SPRF-PR;DEL05-PR;UOP04-DEL05-PR
704280;1568065;12/07/2025;sábado;15:24:00;PR;469;15;FOZ DO IGUACU;Sim;Condutor deixou de manter distância do veículo da frente;1;Engavetamento;Com Vítimas Feridas;Pleno dia;Crescente;Céu Claro;Simples;"Reta;Em Obras";Sim;1251393;Automóvel;I/M.BENZ E 350;2009;Passageiro;Ileso;2;Feminino;1;0;0;0;-25,57949618;-54,53685014;SPRF-PR;DEL05-PR;UOP04-DEL05-PR
704280;1568055;12/07/2025;sábado;15:24:00;PR;469;15;FOZ DO IGUACU;Sim;Condutor deixou de manter distância do veículo da frente;1;Engavetamento;Com Vítimas Feridas;Pleno dia;Crescente;Céu Claro;Simples;"Reta;Em Obras";Sim;1251387;Automóvel;VW/POLO SEDAN 1.6;2007;Passageiro;Ileso;0;Masculino;1;0;0;0;-25,57949618;-54,53685014;SPRF-PR;DEL05-PR;UOP04-DEL05-PR
704280;1568053;12/07/2025;sábado;15:24:00;PR;469;15;FOZ DO IGUACU;Sim;Condutor deixou de manter distância do veículo da frente;1;Engavetamento;Com Vítimas Feridas;Pleno dia;Crescente;Céu Claro;Simples;"Reta;Em Obras";Sim;1251387;Automóvel;VW/POLO SEDAN 1.6;2007;Passageiro;Ileso;8;Feminino;1;0;0;0;-25,57949618;-54,53685014;SPRF-PR;DEL05-PR;UOP04-DEL05-PR
704318;1568095;12/07/2025;sábado;17:30:00;PR;116;141;MANDIRITUBA;Sim;Reação tardia ou ineficiente do condutor;2;Capotamento;Com Vítimas Feridas;Anoitecer;Decrescente;Céu Claro;Dupla;Aclive;Sim;1251423;Automóvel;PEUGEOT/208 GRIFFE;2013;Passageiro;Lesões Leves;7;Feminino;0;1;0;0;-25,77283655;-49,32316152;SPRF-PR;DEL01-PR;UOP03-DEL01-PR
704318;1568095;12/07/2025;sábado;17:30:00;PR;116;141;MANDIRITUBA;Sim;Reação tardia ou ineficiente do condutor;1;Saída de leito carroçável;Com Vítimas Feridas;Anoitecer;Decrescente;Céu Claro;Dupla;Aclive;Sim;1251423;Automóvel;PEUGEOT/208 GRIFFE;2013;Passageiro;Lesões Leves;7;Feminino;0;1;0;0;-25,77283655;-49,32316152;SPRF-PR;DEL01-PR;UOP03-DEL01-PR
704338;1568227;12/07/2025;sábado;19:10:00;PR;158;515,4;PATO BRANCO;Sim;Reação tardia ou ineficiente do condutor;2;Capotamento;Com Vítimas Feridas;Plena Noite;Decrescente;Céu Claro;Simples;Curva;Não;1251516;Automóvel;GM/VECTRA SEDAN ELITE;2011;Passageiro;Lesões Leves;7;Masculino;0;1;0;0;-26,08238827;-52,63925012;SPRF-PR;DEL02-PR;UOP01-DEL02-PR
704338;1568227;12/07/2025;sábado;19:10:00;PR;158;515,4;PATO BRANCO;Sim;Reação tardia ou ineficiente do condutor;1;Saída de leito carroçável;Com Vítimas Feridas;Plena Noite;Decrescente;Céu Claro;Simples;Curva;Não;1251516;Automóvel;GM/VECTRA SEDAN ELITE;2011;Passageiro;Lesões Leves;7;Masculino;0;1;0;0;-26,08238827;-52,63925012;SPRF-PR;DEL02-PR;UOP01-DEL02-PR
704344;1568232;12/07/2025;sábado;19:00:00;PR;376;594;CURITIBA;Não;Condutor deixou de manter distância do veículo da frente;4;Colisão com objeto;Sem Vítimas;Plena Noite;Crescente;Céu Claro;Dupla;Reta;Sim;1251517;Automóvel;FIAT/ARGO DRIVE 1.0;2023;Passageiro;Ileso;15;Masculino;1;0;0;0;-25,45571369;-49,36104655;SPRF-PR;DEL01-PR;UOP06-DEL01-PR
704344;1568232;12/07/2025;sábado;19:00:00;PR;376;594;CURITIBA;Não;Condutor deixou de manter distância do veículo da frente;3;Capotamento;Sem Vítimas;Plena Noite;Crescente;Céu Claro;Dupla;Reta;Sim;1251517;Automóvel;FIAT/ARGO DRIVE 1.0;2023;Passageiro;Ileso;15;Masculino;1;0;0;0;-25,45571369;-49,36104655;SPRF-PR;DEL01-PR;UOP06-DEL01-PR
704344;1568232;12/07/2025;sábado;19:00:00;PR;376;594;CURITIBA;Não;Condutor deixou de manter distância do veículo da frente;2;Saída de leito carroçável;Sem Vítimas;Plena Noite;Crescente;Céu Claro;Dupla;Reta;Sim;1251517;Automóvel;FIAT/ARGO DRIVE 1.0;2023;Passageiro;Ileso;15;Masculino;1;0;0;0;-25,45571369;-49,36104655;SPRF-PR;DEL01-PR;UOP06-DEL01-PR
704344;1568232;12/07/2025;sábado;19:00:00;PR;376;594;CURITIBA;Não;Condutor deixou de manter distância do veículo da frente;1;Colisão traseira;Sem Vítimas;Plena Noite;Crescente;Céu Claro;Dupla;Reta;Sim;1251517;Automóvel;FIAT/ARGO DRIVE 1.0;2023;Passageiro;Ileso;15;Masculino;1;0;0;0;-25,45571369;-49,36104655;SPRF-PR;DEL01-PR;UOP06-DEL01-PR
704344;1568232;12/07/2025;sábado;19:00:00;PR;376;594;CURITIBA;Não;Manobra de mudança de faixa;4;Colisão com objeto;Sem Vítimas;Plena Noite;Crescente;Céu Claro;Dupla;Reta;Sim;1251517;Automóvel;FIAT/ARGO DRIVE 1.0;2023;Passageiro;Ileso;15;Masculino;1;0;0;0;-25,45571369;-49,36104655;SPRF-PR;DEL01-PR;UOP06-DEL01-PR
704344;1568232;12/07/2025;sábado;19:00:00;PR;376;594;CURITIBA;Não;Manobra de mudança de faixa;3;Capotamento;Sem Vítimas;Plena Noite;Crescente;Céu Claro;Dupla;Reta;Sim;1251517;Automóvel;FIAT/ARGO DRIVE 1.0;2023;Passageiro;Ileso;15;Masculino;1;0;0;0;-25,45571369;-49,36104655;SPRF-PR;DEL01-PR;UOP06-DEL01-PR
704344;1568232;12/07/2025;sábado;19:00:00;PR;376;594;CURITIBA;Não;Manobra de mudança de faixa;2;Saída de leito carroçável;Sem Vítimas;Plena Noite;Crescente;Céu Claro;Dupla;Reta;Sim;1251517;Automóvel;FIAT/ARGO DRIVE 1.0;2023;Passageiro;Ileso;15;Masculino;1;0;0;0;-25,45571369;-49,36104655;SPRF-PR;DEL01-PR;UOP06-DEL01-PR
704344;1568232;12/07/2025;sábado;19:00:00;PR;376;594;CURITIBA;Não;Manobra de mudança de faixa;1;Colisão traseira;Sem Vítimas;Plena Noite;Crescente;Céu Claro;Dupla;Reta;Sim;1251517;Automóvel;FIAT/ARGO DRIVE 1.0;2023;Passageiro;Ileso;15;Masculino;1;0;0;0;-25,45571369;-49,36104655;SPRF-PR;DEL01-PR;UOP06-DEL01-PR
704344;1568232;12/07/2025;sábado;19:00:00;PR;376;594;CURITIBA;Sim;Velocidade Incompatível;4;Colisão com objeto;Sem Vítimas;Plena Noite;Crescente;Céu Claro;Dupla;Reta;Sim;1251517;Automóvel;FIAT/ARGO DRIVE 1.0;2023;Passageiro;Ileso;15;Masculino;1;0;0;0;-25,45571369;-49,36104655;SPRF-PR;DEL01-PR;UOP06-DEL01-PR
704344;1568232;12/07/2025;sábado;19:00:00;PR;376;594;CURITIBA;Sim;Velocidade Incompatível;3;Capotamento;Sem Vítimas;Plena Noite;Crescente;Céu Claro;Dupla;Reta;Sim;1251517;Automóvel;FIAT/ARGO DRIVE 1.0;2023;Passageiro;Ileso;15;Masculino;1;0;0;0;-25,45571369;-49,36104655;SPRF-PR;DEL01-PR;UOP06-DEL01-PR
704344;1568232;12/07/2025;sábado;19:00:00;PR;376;594;CURITIBA;Sim;Velocidade Incompatível;2;Saída de leito carroçável;Sem Vítimas;Plena Noite;Crescente;Céu Claro;Dupla;Reta;Sim;1251517;Automóvel;FIAT/ARGO DRIVE 1.0;2023;Passageiro;Ileso;15;Masculino;1;0;0;0;-25,45571369;-49,36104655;SPRF-PR;DEL01-PR;UOP06-DEL01-PR
704344;1568232;12/07/2025;sábado;19:00:00;PR;376;594;CURITIBA;Sim;Velocidade Incompatível;1;Colisão traseira;Sem Vítimas;Plena Noite;Crescente;Céu Claro;Dupla;Reta;Sim;1251517;Automóvel;FIAT/ARGO DRIVE 1.0;2023;Passageiro;Ileso;15;Masculino;1;0;0;0;-25,45571369;-49,36104655;SPRF-PR;DEL01-PR;UOP06-DEL01-PR
704519;1573068;13/07/2025;domingo;16:15:00;PR;376;352;ORTIGUEIRA;Sim;Pedestre andava na pista;1;Atropelamento de Pedestre;Com Vítimas Feridas;Anoitecer;Decrescente;Céu Claro;Dupla;Reta;Não;NA;NA;NA/NA;NA;Pedestre;Lesões Leves;11;Masculino;0;1;0;0;-24,20446281;-50,94624711;SPRF-PR;DEL07-PR;UOP02-DEL07-PR
704573;1570591;13/07/2025;domingo;19:15:00;PR;277;590;CASCAVEL;Sim;Ausência de reação do condutor;1;Colisão traseira;Com Vítimas Feridas;Plena Noite;Crescente;Céu Claro;Simples;Reta;Sim;1251921;Camioneta;JEEP/COMPASS LONGITUDE F;2017;Passageiro;Ileso;8;Feminino;1;0;0;0;-24,98315819;-53,46048251;SPRF-PR;DEL04-PR;UOP01-DEL04-PR
704573;1570590;13/07/2025;domingo;19:15:00;PR;277;590;CASCAVEL;Sim;Ausência de reação do condutor;1;Colisão traseira;Com Vítimas Feridas;Plena Noite;Crescente;Céu Claro;Simples;Reta;Sim;1251921;Camioneta;JEEP/COMPASS LONGITUDE F;2017;Passageiro;Ileso;6;Feminino;1;0;0;0;-24,98315819;-53,46048251;SPRF-PR;DEL04-PR;UOP01-DEL04-PR
705148;1570091;13/07/2025;domingo;03:10:00;PR;376;257;CALIFORNIA;Sim;Ultrapassagem Indevida;1;Colisão frontal;Com Vítimas Feridas;Plena Noite;Decrescente;Céu Claro;Simples;Reta;Sim;1253018;Automóvel;CHEVROLET/COBALT 1.4 LTZ;2012;Passageiro;Ileso;1;Masculino;1;0;0;0;-23,67206427;-51,35581462;SPRF-PR;DEL07-PR;UOP03-DEL07-PR
705148;1570089;13/07/2025;domingo;03:10:00;PR;376;257;CALIFORNIA;Sim;Ultrapassagem Indevida;1;Colisão frontal;Com Vítimas Feridas;Plena Noite;Decrescente;Céu Claro;Simples;Reta;Sim;1253018;Automóvel;CHEVROLET/COBALT 1.4 LTZ;2012;Passageiro;Lesões Leves;5;Masculino;0;1;0;0;-23,67206427;-51,35581462;SPRF-PR;DEL07-PR;UOP03-DEL07-PR
705162;1570180;16/07/2025;quarta-feira;13:45:00;PR;277;443,4;LARANJEIRAS DO SUL;Sim;Ausência de reação do condutor;2;Saída de leito carroçável;Com Vítimas Feridas;Pleno dia;Decrescente;Céu Claro;Simples;Reta;Não;1253070;Automóvel;HONDA/FIT EX FLEX;2009;Passageiro;Lesões Leves;15;Masculino;0;1;0;0;-25,37170642;-52,31421916;SPRF-PR;DEL04-PR;UOP02-DEL04-PR
705162;1570180;16/07/2025;quarta-feira;13:45:00;PR;277;443,4;LARANJEIRAS DO SUL;Sim;Ausência de reação do condutor;1;Colisão traseira;Com Vítimas Feridas;Pleno dia;Decrescente;Céu Claro;Simples;Reta;Não;1253070;Automóvel;HONDA/FIT EX FLEX;2009;Passageiro;Lesões Leves;15;Masculino;0;1;0;0;-25,37170642;-52,31421916;SPRF-PR;DEL04-PR;UOP02-DEL04-PR
705294;1570471;17/07/2025;quinta-feira;08:40:00;PR;376;551;PALMEIRA;Sim;Manobra de mudança de faixa;2;Saída de leito carroçável;Com Vítimas Feridas;Pleno dia;Decrescente;Céu Claro;Dupla;"Declive;Curva";Não;1253335;Automóvel;VW/NOVO GOL TL MCV;2017;Passageiro;Ileso;13;Feminino;1;0;0;0;-25,43792128;-49,75005118;SPRF-PR;DEL03-PR;UOP03-DEL03-PR
705294;1570471;17/07/2025;quinta-feira;08:40:00;PR;376;551;PALMEIRA;Sim;Manobra de mudança de faixa;1;Colisão lateral mesmo sentido;Com Vítimas Feridas;Pleno dia;Decrescente;Céu Claro;Dupla;"Declive;Curva";Não;1253335;Automóvel;VW/NOVO GOL TL MCV;2017;Passageiro;Ileso;13;Feminino;1;0;0;0;-25,43792128;-49,75005118;SPRF-PR;DEL03-PR;UOP03-DEL03-PR
705366;1570868;17/07/2025;quinta-feira;13:30:00;PR;376;498;PONTA GROSSA;Sim;Velocidade Incompatível;1;Colisão traseira;Com Vítimas Feridas;Pleno dia;Decrescente;Céu Claro;Dupla;Reta;Não;1253650;Automóvel;FIAT/UNO MILLE ECONOMY;2011;Passageiro;Lesões Leves;11;Masculino;0;1;0;0;-25,152;-50,141;SPRF-PR;DEL03-PR;UOP04-DEL03-PR
705366;1570866;17/07/2025;quinta-feira;13:30:00;PR;376;498;PONTA GROSSA;Sim;Velocidade Incompatível;1;Colisão traseira;Com Vítimas Feridas;Pleno dia;Decrescente;Céu Claro;Dupla;Reta;Não;1253650;Automóvel;FIAT/UNO MILLE ECONOMY;2011;Passageiro;Lesões Leves;8;Masculino;0;1;0;0;-25,152;-50,141;SPRF-PR;DEL03-PR;UOP04-DEL03-PR
705393;1574061;17/07/2025;quinta-feira;17:00:00;PR;376;488;PONTA GROSSA;Sim;Problema com o freio;1;Eventos atípicos;Com Vítimas Feridas;Pleno dia;Crescente;Sol;Dupla;"Reta;Aclive";Sim;1256085;Automóvel;CHEVROLET/CRUZE LT HB;2012;Passageiro;Ileso;11;Masculino;1;0;0;0;-25,0866658;-50,193196;SPRF-PR;DEL03-PR;UOP04-DEL03-PR
705533;1571166;18/07/2025;sexta-feira;13:15:00;PR;277;385;CANDOI;Não;Velocidade Incompatível;1;Colisão traseira;Sem Vítimas;Pleno dia;Crescente;Céu Claro;Simples;Reta;Não;1253881;Automóvel;I/NISSAN VERSA 16S FLEX;2012;Passageiro;Ileso;10;Masculino;1;0;0;0;-25,438;-51,827;SPRF-PR;DEL08-PR;UOP01-DEL08-PR
705533;1571166;18/07/2025;sexta-feira;13:15:00;PR;277;385;CANDOI;Não;Ausência de reação do condutor;1;Colisão traseira;Sem Vítimas;Pleno dia;Crescente;Céu Claro;Simples;Reta;Não;1253881;Automóvel;I/NISSAN VERSA 16S FLEX;2012;Passageiro;Ileso;10;Masculino;1;0;0;0;-25,438;-51,827;SPRF-PR;DEL08-PR;UOP01-DEL08-PR
705533;1571166;18/07/2025;sexta-feira;13:15:00;PR;277;385;CANDOI;Sim;Condutor deixou de manter distância do veículo da frente;1;Colisão traseira;Sem Vítimas;Pleno dia;Crescente;Céu Claro;Simples;Reta;Não;1253881;Automóvel;I/NISSAN VERSA 16S FLEX;2012;Passageiro;Ileso;10;Masculino;1;0;0;0;-25,438;-51,827;SPRF-PR;DEL08-PR;UOP01-DEL08-PR
705731;1571630;19/07/2025;sábado;07:30:00;PR;277;217,5;PALMEIRA;Não;Frear bruscamente;1;Colisão traseira;Com Vítimas Feridas;Pleno dia;Decrescente;Céu Claro;Simples;Reta;Não;1254223;Automóvel;FIAT/PALIO EX;2001;Passageiro;Lesões Leves;2;Feminino;0;1;0;0;-25,42126088;-50,08872986;SPRF-PR;DEL08-PR;UOP02-DEL08-PR
705731;1571630;19/07/2025;sábado;07:30:00;PR;277;217,5;PALMEIRA;Sim;Ausência de reação do condutor;1;Colisão traseira;Com Vítimas Feridas;Pleno dia;Decrescente;Céu Claro;Simples;Reta;Não;1254223;Automóvel;FIAT/PALIO EX;2001;Passageiro;Lesões Leves;2;Feminino;0;1;0;0;-25,42126088;-50,08872986;SPRF-PR;DEL08-PR;UOP02-DEL08-PR