id;pesid;data_inversa;dia_semana;horario;uf;br;km;municipio;causa_principal;causa_acidente;ordem_tipo_acidente;tipo_acidente;classificacao_acidente;fase_dia;sentido_via;condicao_metereologica;tipo_pista;tracado_via;uso_solo;id_veiculo;tipo_veiculo;marca;ano_fabricacao_veiculo;tipo_envolvido;estado_fisico;idade;sexo;ilesos;feridos_leves;feridos_graves;mortos;latitude;longitude;regional;delegacia;uop
705807;1571790;19/07/2025;sábado;12:35:00;PR;369;473,7;CORBELIA;Sim;Condutor deixou de manter distância do veículo da frente;1;Colisão traseira;Com Vítimas Feridas;Pleno dia;Decrescente;Céu Claro;Simples;Reta;Sim;1254307;Automóvel;CHEVROLET/CELTA 1.0L LS;2011;Passageiro;Lesões Leves;10;Feminino;0;1;0;0;-24,721;-53,246;SPRF-PR;DEL04-PR;UOP03-DEL04-PR
706007;1572573;20/07/2025;domingo;10:25:00;PR;376;75,7;GUAIRACA;Sim;Acessar a via sem observar a presença dos outros veículos;1;Colisão transversal;Com Vítimas Feridas;Pleno dia;Decrescente;Céu Claro;Simples;Interseção de Vias;Não;1254692;Automóvel;HYUNDAI/HB20S 10M COMFOR;2024;Passageiro;Ileso;14;Feminino;1;0;0;0;-22,95412553;-52,7013731;SPRF-PR;DEL09-PR;UOP02-DEL09-PR
706007;1572577;20/07/2025;domingo;10:25:00;PR;376;75,7;GUAIRACA;Sim;Acessar a via sem observar a presença dos outros veículos;1;Colisão transversal;Com Vítimas Feridas;Pleno dia;Decrescente;Céu Claro;Simples;Interseção de Vias;Não;1254692;Automóvel;HYUNDAI/HB20S 10M COMFOR;2024;Passageiro;Ileso;12;Feminino;1;0;0;0;-22,95412553;-52,7013731;SPRF-PR;DEL09-PR;UOP02-DEL09-PR
706045;1572386;20/07/2025;domingo;14:45:00;PR;277;334;GUARAPUAVA;Não;Demais falhas mecânicas ou elétricas;2;Capotamento;Com Vítimas Feridas;Pleno dia;Crescente;Céu Claro;Dupla;"Curva;Aclive";Não;1254767;Automóvel;FIAT/PALIO EDX;1997;Passageiro;Lesões Leves;12;Feminino;0;1;0;0;-25,34842;-51,3897;SPRF-PR;DEL08-PR;UOP01-DEL08-PR
706045;1572386;20/07/2025;domingo;14:45:00;PR;277;334;GUARAPUAVA;Não;Demais falhas mecânicas ou elétricas;1;Saída de leito carroçável;Com Vítimas Feridas;Pleno dia;Crescente;Céu Claro;Dupla;"Curva;Aclive";Não;1254767;Automóvel;FIAT/PALIO EDX;1997;Passageiro;Lesões Leves;12;Feminino;0;1;0;0;-25,34842;-51,3897;SPRF-PR;DEL08-PR;UOP01-DEL08-PR
706045;1572386;20/07/2025;domingo;14:45:00;PR;277;334;GUARAPUAVA;Não;Velocidade Incompatível;2;Capotamento;Com Vítimas Feridas;Pleno dia;Crescente;Céu Claro;Dupla;"Curva;Aclive";Não;1254767;Automóvel;FIAT/PALIO EDX;1997;Passageiro;Lesões Leves;12;Feminino;0;1;0;0;-25,34842;-51,3897;SPRF-PR;DEL08-PR;UOP01-DEL08-PR
706045;1572386;20/07/2025;domingo;14:45:00;PR;277;334;GUARAPUAVA;Não;Velocidade Incompatível;1;Saída de leito carroçável;Com Vítimas Feridas;Pleno dia;Crescente;Céu Claro;Dupla;"Curva;Aclive";Não;1254767;Automóvel;FIAT/PALIO EDX;1997;Passageiro;Lesões Leves;12;Feminino;0;1;0;0;-25,34842;-51,3897;SPRF-PR;DEL08-PR;UOP01-DEL08-PR
706045;1572386;20/07/2025;domingo;14:45:00;PR;277;334;GUARAPUAVA;Sim;Reação tardia ou ineficiente do condutor;2;Capotamento;Com Vítimas Feridas;Pleno dia;Crescente;Céu Claro;Dupla;"Curva;Aclive";Não;1254767;Automóvel;FIAT/PALIO EDX;1997;Passageiro;Lesões Leves;12;Feminino;0;1;0;0;-25,34842;-51,3897;SPRF-PR;DEL08-PR;UOP01-DEL08-PR
706045;1572386;20/07/2025;domingo;14:45:00;PR;277;334;GUARAPUAVA;Sim;Reação tardia ou ineficiente do condutor;1;Saída de leito carroçável;Com Vítimas Feridas;Pleno dia;Crescente;Céu Claro;Dupla;"Curva;Aclive";Não;1254767;Automóvel;FIAT/PALIO EDX;1997;Passageiro;Lesões Leves;12;Feminino;0;1;0;0;-25,34842;-51,3897;SPRF-PR;DEL08-PR;UOP01-DEL08-PR
706062;1572487;20/07/2025;domingo;16:40:00;PR;277;509,3;GUARANIACU;Sim;Conversão proibida;2;Saída de leito carroçável;Com Vítimas Feridas;Pleno dia;Decrescente;Céu Claro;Simples;Reta;Não;1254808;Automóvel;VW/VIRTUS MF;2021;Passageiro;Lesões Leves;16;Feminino;0;1;0;0;-25,1223548;-52,7718269;SPRF-PR;DEL04-PR;UOP04-DEL04-PR
706062;1572487;20/07/2025;domingo;16:40:00;PR;277;509,3;GUARANIACU;Sim;Conversão proibida;1;Colisão transversal;Com Vítimas Feridas;Pleno dia;Decrescente;Céu Claro;Simples;Reta;Não;1254808;Automóvel;VW/VIRTUS MF;2021;Passageiro;Lesões Leves;16;Feminino;0;1;0;0;-25,1223548;-52,7718269;SPRF-PR;DEL04-PR;UOP04-DEL04-PR
706791;1574587;24/07/2025;quinta-feira;01:10:00;PR;277;77,8;CURITIBA;Sim;Animais na Pista;1;Atropelamento de Animal;Com Vítimas Feridas;Plena Noite;Decrescente;Nublado;Dupla;Reta;Não;1256354;Automóvel;VW/GOL 1.0 ECOMOTION GIV;2011;Passageiro;Lesões Leves;7;Feminino;0;1;0;0;-25,47928536;-49,20063218;SPRF-PR;DEL01-PR;UOP07-DEL01-PR
706906;1574631;24/07/2025;quinta-feira;15:00:00;PR;376;226;APUCARANA;Sim;Velocidade Incompatível;2;Colisão com objeto;Com Vítimas Feridas;Pleno dia;Decrescente;Nublado;Dupla;Curva;Não;1256549;Automóvel;I/FORD FOCUS TI AT 2.0SC;2016;Passageiro;Lesões Leves;13;Feminino;0;1;0;0;-23,5854;-51,569975;SPRF-PR;DEL07-PR;UOP03-DEL07-PR
706906;1574631;24/07/2025;quinta-feira;15:00:00;PR;376;226;APUCARANA;Sim;Velocidade Incompatível;1;Colisão lateral mesmo sentido;Com Vítimas Feridas;Pleno dia;Decrescente;Nublado;Dupla;Curva;Não;1256549;Automóvel;I/FORD FOCUS TI AT 2.0SC;2016;Passageiro;Lesões Leves;13;Feminino;0;1;0;0;-23,5854;-51,569975;SPRF-PR;DEL07-PR;UOP03-DEL07-PR
706974;1577451;24/07/2025;quinta-feira;20:05:00;PR;277;292;PRUDENTOPOLIS;Não;Reação tardia ou ineficiente do condutor;1;Saída de leito carroçável;Com Vítimas Feridas;Plena Noite;Crescente;Garoa/Chuvisco;Simples;Reta;Não;1256718;Ônibus;VW/MASCA ROMA 350R O;2014;Passageiro;Ileso;13;Masculino;1;0;0;0;-25,318052;-51,026983;SPRF-PR;DEL08-PR;UOP02-DEL08-PR
706974;1574837;24/07/2025;quinta-feira;20:05:00;PR;277;292;PRUDENTOPOLIS;Não;Reação tardia ou ineficiente do condutor;1;Saída de leito carroçável;Com Vítimas Feridas;Plena Noite;Crescente;Garoa/Chuvisco;Simples;Reta;Não;1256718;Ônibus;VW/MASCA ROMA 350R O;2014;Passageiro;Ileso;3;Feminino;1;0;0;0;-25,318052;-51,026983;SPRF-PR;DEL08-PR;UOP02-DEL08-PR
706974;1577451;24/07/2025;quinta-feira;20:05:00;PR;277;292;PRUDENTOPOLIS;Sim;Acessar a via sem observar a presença dos outros veículos;1;Saída de leito carroçável;Com Vítimas Feridas;Plena Noite;Crescente;Garoa/Chuvisco;Simples;Reta;Não;1256718;Ônibus;VW/MASCA ROMA 350R O;2014;Passageiro;Ileso;13;Masculino;1;0;0;0;-25,318052;-51,026983;SPRF-PR;DEL08-PR;UOP02-DEL08-PR
706974;1574837;24/07/2025;quinta-feira;20:05:00;PR;277;292;PRUDENTOPOLIS;Sim;Acessar a via sem observar a presença dos outros veículos;1;Saída de leito carroçável;Com Vítimas Feridas;Plena Noite;Crescente;Garoa/Chuvisco;Simples;Reta;Não;1256718;Ônibus;VW/MASCA ROMA 350R O;2014;Passageiro;Ileso;3;Feminino;1;0;0;0;-25,318052;-51,026983;SPRF-PR;DEL08-PR;UOP02-DEL08-PR
707036;1575441;25/07/2025;sexta-feira;07:15:00;PR;369;198;APUCARANA;Não;Velocidade Incompatível;2;Queda de ocupante de veículo;Com Vítimas Feridas;Pleno dia;Crescente;Céu Claro;Dupla;"Declive;Reta";Sim;1256830;Automóvel;VW/GOL PLUS MI;1996;Passageiro;Ileso;15;Masculino;1;0;0;0;-23,52234252;-51,44053102;SPRF-PR;DEL07-PR;UOP03-DEL07-PR
707036;1575441;25/07/2025;sexta-feira;07:15:00;PR;369;198;APUCARANA;Não;Velocidade Incompatível;1;Colisão traseira;Com Vítimas Feridas;Pleno dia;Crescente;Céu Claro;Dupla;"Declive;Reta";Sim;1256830;Automóvel;VW/GOL PLUS MI;1996;Passageiro;Ileso;15;Masculino;1;0;0;0;-23,52234252;-51,44053102;SPRF-PR;DEL07-PR;UOP03-DEL07-PR
707036;1575441;25/07/2025;sexta-feira;07:15:00;PR;369;198;APUCARANA;Sim;Reação tardia ou ineficiente do condutor;2;Queda de ocupante de veículo;Com Vítimas Feridas;Pleno dia;Crescente;Céu Claro;Dupla;"Declive;Reta";Sim;1256830;Automóvel;VW/GOL PLUS MI;1996;Passageiro;Ileso;15;Masculino;1;0;0;0;-23,52234252;-51,44053102;SPRF-PR;DEL07-PR;UOP03-DEL07-PR
707036;1575441;25/07/2025;sexta-feira;07:15:00;PR;369;198;APUCARANA;Sim;Reação tardia ou ineficiente do condutor;1;Colisão traseira;Com Vítimas Feridas;Pleno dia;Crescente;Céu Claro;Dupla;"Declive;Reta";Sim;1256830;Automóvel;VW/GOL PLUS MI;1996;Passageiro;Ileso;15;Masculino;1;0;0;0;-23,52234252;-51,44053102;SPRF-PR;DEL07-PR;UOP03-DEL07-PR
707052;1574990;25/07/2025;sexta-feira;09:20:00;PR;277;724;FOZ DO IGUACU;Não;Ausência de reação do condutor;1;Colisão lateral mesmo sentido;Com Vítimas Feridas;Pleno dia;Crescente;Céu Claro;Dupla;"Reta;Interseção de Vias";Sim;1256835;Automóvel;FORD/FIESTA SEDAN1.6FLEX;2011;Passageiro;Ileso;12;Feminino;1;0;0;0;-25,5050442;-54,54318593;SPRF-PR;DEL05-PR;UOP03-DEL05-PR
707052;1574990;25/07/2025;sexta-feira;09:20:00;PR;277;724;FOZ DO IGUACU;Sim;Acessar a via sem observar a presença dos outros veículos;1;Colisão lateral mesmo sentido;Com Vítimas Feridas;Pleno dia;Crescente;Céu Claro;Dupla;"Reta;Interseção de Vias";Sim;1256835;Automóvel;FORD/FIESTA SEDAN1.6FLEX;2011;Passageiro;Ileso;12;Feminino;1;0;0;0;-25,5050442;-54,54318593;SPRF-PR;DEL05-PR;UOP03-DEL05-PR
707455;1577990;26/07/2025;sábado;20:40:00;PR;163;13,7;BARRACAO;Não;Reação tardia ou ineficiente do condutor;2;Saída de leito carroçável;Com Vítimas Feridas;Plena Noite;Decrescente;Céu Claro;Simples;"Declive;Curva";Não;1257704;Automóvel;VW/VIRTUS CL AD;2019;Passageiro;Lesões Leves;3;Masculino;0;1;0;0;-26,2194667;-53,63907191;SPRF-PR;DEL02-PR;UOP02-DEL02-PR
707455;1577990;26/07/2025;sábado;20:40:00;PR;163;13,7;BARRACAO;Não;Reação tardia ou ineficiente do condutor;1;Colisão frontal;Com Vítimas Feridas;Plena Noite;Decrescente;Céu Claro;Simples;"Declive;Curva";Não;1257704;Automóvel;VW/VIRTUS CL AD;2019;Passageiro;Lesões Leves;3;Masculino;0;1;0;0;-26,2194667;-53,63907191;SPRF-PR;DEL02-PR;UOP02-DEL02-PR
707455;1577990;26/07/2025;sábado;20:40:00;PR;163;13,7;BARRACAO;Sim;Ausência de reação do condutor;2;Saída de leito carroçável;Com Vítimas Feridas;Plena Noite;Decrescente;Céu Claro;Simples;"Declive;Curva";Não;1257704;Automóvel;VW/VIRTUS CL AD;2019;Passageiro;Lesões Leves;3;Masculino;0;1;0;0;-26,2194667;-53,63907191;SPRF-PR;DEL02-PR;UOP02-DEL02-PR
707455;1577990;26/07/2025;sábado;20:40:00;PR;163;13,7;BARRACAO;Sim;Ausência de reação do condutor;1;Colisão frontal;Com Vítimas Feridas;Plena Noite;Decrescente;Céu Claro;Simples;"Declive;Curva";Não;1257704;Automóvel;VW/VIRTUS CL AD;2019;Passageiro;Lesões Leves;3;Masculino;0;1;0;0;-26,2194667;-53,63907191;SPRF-PR;DEL02-PR;UOP02-DEL02-PR
707463;1576038;26/07/2025;sábado;21:40:00;PR;369;505,7;CASCAVEL;Não;Reação tardia ou ineficiente do condutor;2;Saída de leito carroçável;Com Vítimas Feridas;Plena Noite;Decrescente;Céu Claro;Simples;Reta;Sim;1257595;Automóvel;HONDA/FIT EX FLEX;2009;Passageiro;Lesões Leves;6;Masculino;0;1;0;0;-24,94606348;-53,39821097;SPRF-PR;DEL04-PR;UOP01-DEL04-PR
707463;1576038;26/07/2025;sábado;21:40:00;PR;369;505,7;CASCAVEL;Não;Reação tardia ou ineficiente do condutor;1;Colisão transversal;Com Vítimas Feridas;Plena Noite;Decrescente;Céu Claro;Simples;Reta;Sim;1257595;Automóvel;HONDA/FIT EX FLEX;2009;Passageiro;Lesões Leves;6;Masculino;0;1;0;0;-24,94606348;-53,39821097;SPRF-PR;DEL04-PR;UOP01-DEL04-PR
707463;1576038;26/07/2025;sábado;21:40:00;PR;369;505,7;CASCAVEL;Não;Ausência de reação do condutor;2;Saída de leito carroçável;Com Vítimas Feridas;Plena Noite;Decrescente;Céu Claro;Simples;Reta;Sim;1257595;Automóvel;HONDA/FIT EX FLEX;2009;Passageiro;Lesões Leves;6;Masculino;0;1;0;0;-24,94606348;-53,39821097;SPRF-PR;DEL04-PR;UOP01-DEL04-PR
707463;1576038;26/07/2025;sábado;21:40:00;PR;369;505,7;CASCAVEL;Não;Ausência de reação do condutor;1;Colisão transversal;Com Vítimas Feridas;Plena Noite;Decrescente;Céu Claro;Simples;Reta;Sim;1257595;Automóvel;HONDA/FIT EX FLEX;2009;Passageiro;Lesões Leves;6;Masculino;0;1;0;0;-24,94606348;-53,39821097;SPRF-PR;DEL04-PR;UOP01-DEL04-PR
707463;1576038;26/07/2025;sábado;21:40:00;PR;369;505,7;CASCAVEL;Não;Acessar a via sem observar a presença dos outros veículos;2;Saída de leito carroçável;Com Vítimas Feridas;Plena Noite;Decrescente;Céu Claro;Simples;Reta;Sim;1257595;Automóvel;HONDA/FIT EX FLEX;2009;Passageiro;Lesões Leves;6;Masculino;0;1;0;0;-24,94606348;-53,39821097;SPRF-PR;DEL04-PR;UOP01-DEL04-PR
707463;1576038;26/07/2025;sábado;21:40:00;PR;369;505,7;CASCAVEL;Não;Acessar a via sem observar a presença dos outros veículos;1;Colisão transversal;Com Vítimas Feridas;Plena Noite;Decrescente;Céu Claro;Simples;Reta;Sim;1257595;Automóvel;HONDA/FIT EX FLEX;2009;Passageiro;Lesões Leves;6;Masculino;0;1;0;0;-24,94606348;-53,39821097;SPRF-PR;DEL04-PR;UOP01-DEL04-PR
707463;1576038;26/07/2025;sábado;21:40:00;PR;369;505,7;CASCAVEL;Sim;Ingestão de álcool pelo condutor;2;Saída de leito carroçável;Com Vítimas Feridas;Plena Noite;Decrescente;Céu Claro;Simples;Reta;Sim;1257595;Automóvel;HONDA/FIT EX FLEX;2009;Passageiro;Lesões Leves;6;Masculino;0;1;0;0;-24,94606348;-53,39821097;SPRF-PR;DEL04-PR;UOP01-DEL04-PR
707463;1576038;26/07/2025;sábado;21:40:00;PR;369;505,7;CASCAVEL;Sim;Ingestão de álcool pelo condutor;1;Colisão transversal;Com Vítimas Feridas;Plena Noite;Decrescente;Céu Claro;Simples;Reta;Sim;1257595;Automóvel;HONDA/FIT EX FLEX;2009;Passageiro;Lesões Leves;6;Masculino;0;1;0;0;-24,94606348;-53,39821097;SPRF-PR;DEL04-PR;UOP01-DEL04-PR
707601;1576363;27/07/2025;domingo;15:30:00;PR;277;144;BALSA NOVA;Sim;Reação tardia ou ineficiente do condutor;1;Colisão traseira;Sem Vítimas;Pleno dia;Decrescente;Céu Claro;Dupla;Reta;Não;1257849;Automóvel;RENAULT/KWID INTENS 10MT;2019;Passageiro;Ileso;7;Feminino;1;0;0;0;-25,47153104;-49,69227187;SPRF-PR;DEL03-PR;UOP03-DEL03-PR
707623;1576451;27/07/2025;domingo;16:30:00;PR;277;288,7;PRUDENTOPOLIS;Não;Reação tardia ou ineficiente do condutor;1;Colisão traseira;Sem Vítimas;Pleno dia;Decrescente;Céu Claro;Simples;Reta;Não;1257913;Utilitário;TOYOTA/CCROSS XR 20;2025;Passageiro;Ileso;12;Feminino;1;0;0;0;-25,317857;-50,995319;SPRF-PR;DEL08-PR;UOP02-DEL08-PR
707623;1576451;27/07/2025;domingo;16:30:00;PR;277;288,7;PRUDENTOPOLIS;Sim;Condutor deixou de manter distância do veículo da frente;1;Colisão traseira;Sem Vítimas;Pleno dia;Decrescente;Céu Claro;Simples;Reta;Não;1257913;Utilitário;TOYOTA/CCROSS XR 20;2025;Passageiro;Ileso;12;Feminino;1;0;0;0;-25,317857;-50,995319;SPRF-PR;DEL08-PR;UOP02-DEL08-PR
707634;1576420;27/07/2025;domingo;16:35:00;PR;163;219;CASCAVEL;Não;Chuva;2;Colisão com objeto;Com Vítimas Feridas;Pleno dia;Decrescente;Chuva;Dupla;Curva;Não;1257890;Automóvel;VW/PARATI FUN;2001;Passageiro;Lesões Leves;12;Feminino;0;1;0;0;-24,8620357;-53,5846839;SPRF-PR;DEL04-PR;UOP01-DEL04-PR
707634;1576420;27/07/2025;domingo;16:35:00;PR;163;219;CASCAVEL;Não;Chuva;1;Saída de leito carroçável;Com Vítimas Feridas;Pleno dia;Decrescente;Chuva;Dupla;Curva;Não;1257890;Automóvel;VW/PARATI FUN;2001;Passageiro;Lesões Leves;12;Feminino;0;1;0;0;-24,8620357;-53,5846839;SPRF-PR;DEL04-PR;UOP01-DEL04-PR
707634;1576420;27/07/2025;domingo;16:35:00;PR;163;219;CASCAVEL;Sim;Ingestão de álcool pelo condutor;2;Colisão com objeto;Com Vítimas Feridas;Pleno dia;Decrescente;Chuva;Dupla;Curva;Não;1257890;Automóvel;VW/PARATI FUN;2001;Passageiro;Lesões Leves;12;Feminino;0;1;0;0;-24,8620357;-53,5846839;SPRF-PR;DEL04-PR;UOP01-DEL04-PR
707634;1576420;27/07/2025;domingo;16:35:00;PR;163;219;CASCAVEL;Sim;Ingestão de álcool pelo condutor;1;Saída de leito carroçável;Com Vítimas Feridas;Pleno dia;Decrescente;Chuva;Dupla;Curva;Não;1257890;Automóvel;VW/PARATI FUN;2001;Passageiro;Lesões Leves;12;Feminino;0;1;0;0;-24,8620357;-53,5846839;SPRF-PR;DEL04-PR;UOP01-DEL04-PR
707652;1576495;27/07/2025;domingo;18:10:00;PR;369;188;ARAPONGAS;Sim;Reação tardia ou ineficiente do condutor;1;Colisão traseira;Com Vítimas Feridas;Anoitecer;Crescente;Céu Claro;Simples;"Reta;Interseção de Vias";Sim;1257918;Caminhonete;FIAT/FIORINO IE;1996;Passageiro;Lesões Leves;10;Feminino;0;1;0;0;-23,433329;-51,4227312;SPRF-PR;DEL07-PR;UOP03-DEL07-PR
707652;1576494;27/07/2025;domingo;18:10:00;PR;369;188;ARAPONGAS;Sim;Reação tardia ou ineficiente do condutor;1;Colisão traseira;Com Vítimas Feridas;Anoitecer;Crescente;Céu Claro;Simples;"Reta;Interseção de Vias";Sim;1257918;Caminhonete;FIAT/FIORINO IE;1996;Passageiro;Lesões Leves;6;Feminino;0;1;0;0;-23,433329;-51,4227312;SPRF-PR;DEL07-PR;UOP03-DEL07-PR
707652;1576493;27/07/2025;domingo;18:10:00;PR;369;188;ARAPONGAS;Sim;Reação tardia ou ineficiente do condutor;1;Colisão traseira;Com Vítimas Feridas;Anoitecer;Crescente;Céu Claro;Simples;"Reta;Interseção de Vias";Sim;1257918;Caminhonete;FIAT/FIORINO IE;1996;Passageiro;Lesões Leves;7;Feminino;0;1;0;0;-23,433329;-51,4227312;SPRF-PR;DEL07-PR;UOP03-DEL07-PR
707714;1576651;27/07/2025;domingo;21:15:00;PR;369;57;BANDEIRANTES;Não;Transitar na contramão;1;Colisão frontal;Com Vítimas Feridas;Plena Noite;Crescente;Nublado;Simples;Reta;Sim;1258014;Automóvel;FIAT/PALIO ELX;2001;Passageiro;Lesões Leves;16;Feminino;0;1;0;0;-23,121309;-50,379375;SPRF-PR;DEL07-PR;UOP05-DEL07-PR
707714;1576651;27/07/2025;domingo;21:15:00;PR;369;57;BANDEIRANTES;Sim;Ingestão de álcool pelo condutor;1;Colisão frontal;Com Vítimas Feridas;Plena Noite;Crescente;Nublado;Simples;Reta;Sim;1258014;Automóvel;FIAT/PALIO ELX;2001;Passageiro;Lesões Leves;16;Feminino;0;1;0;0;-23,121309;-50,379375;SPRF-PR;DEL07-PR;UOP05-DEL07-PR
707746;1576855;28/07/2025;segunda-feira;05:40:00;PR;369;481;CORBELIA;Não;Iluminação deficiente;3;Colisão com objeto;Com Vítimas Fatais;Plena Noite;Decrescente;Nublado;Simples;"Reta;Aclive";Não;1258151;Automóvel;I/CITROEN C4 16GLX5P F;2011;Passageiro;Óbito;7;Masculino;0;0;0;1;-24,76323549;-53,29366419;SPRF-PR;DEL04-PR;UOP03-DEL04-PR
707746;1576856;28/07/2025;segunda-feira;05:40:00;PR;369;481;CORBELIA;Não;Iluminação deficiente;3;Colisão com objeto;Com Vítimas Fatais;Plena Noite;Decrescente;Nublado;Simples;"Reta;Aclive";Não;1258151;Automóvel;I/CITROEN C4 16GLX5P F;2011;Passageiro;Óbito;2;Feminino;0;0;0;1;-24,76323549;-53,29366419;SPRF-PR;DEL04-PR;UOP03-DEL04-PR
707746;1576857;28/07/2025;segunda-feira;05:40:00;PR;369;481;CORBELIA;Não;Iluminação deficiente;3;Colisão com objeto;Com Vítimas Fatais;Plena Noite;Decrescente;Nublado;Simples;"Reta;Aclive";Não;1258151;Automóvel;I/CITROEN C4 16GLX5P F;2011;Passageiro;Lesões Graves;5;Masculino;0;0;1;0;-24,76323549;-53,29366419;SPRF-PR;DEL04-PR;UOP03-DEL04-PR
707746;1576855;28/07/2025;segunda-feira;05:40:00;PR;369;481;CORBELIA;Não;Iluminação deficiente;2;Colisão com objeto;Com Vítimas Fatais;Plena Noite;Decrescente;Nublado;Simples;"Reta;Aclive";Não;1258151;Automóvel;I/CITROEN C4 16GLX5P F;2011;Passageiro;Óbito;7;Masculino;0;0;0;1;-24,76323549;-53,29366419;SPRF-PR;DEL04-PR;UOP03-DEL04-PR
707746;1576856;28/07/2025;segunda-feira;05:40:00;PR;369;481;CORBELIA;Não;Iluminação deficiente;2;Colisão com objeto;Com Vítimas Fatais;Plena Noite;Decrescente;Nublado;Simples;"Reta;Aclive";Não;1258151;Automóvel;I/CITROEN C4 16GLX5P F;2011;Passageiro;Óbito;2;Feminino;0;0;0;1;-24,76323549;-53,29366419;SPRF-PR;DEL04-PR;UOP03-DEL04-PR
707746;1576857;28/07/2025;segunda-feira;05:40:00;PR;369;481;CORBELIA;Não;Iluminação deficiente;2;Colisão com objeto;Com Vítimas Fatais;Plena Noite;Decrescente;Nublado;Simples;"Reta;Aclive";Não;1258151;Automóvel;I/CITROEN C4 16GLX5P F;2011;Passageiro;Lesões Graves;5;Masculino;0;0;1;0;-24,76323549;-53,29366419;SPRF-PR;DEL04-PR;UOP03-DEL04-PR
707746;1576855;28/07/2025;segunda-feira;05:40:00;PR;369;481;CORBELIA;Não;Iluminação deficiente;1;Colisão frontal;Com Vítimas Fatais;Plena Noite;Decrescente;Nublado;Simples;"Reta;Aclive";Não;1258151;Automóvel;I/CITROEN C4 16GLX5P F;2011;Passageiro;Óbito;7;Masculino;0;0;0;1;-24,76323549;-53,29366419;SPRF-PR;DEL04-PR;UOP03-DEL04-PR
707746;1576856;28/07/2025;segunda-feira;05:40:00;PR;369;481;CORBELIA;Não;Iluminação deficiente;1;Colisão frontal;Com Vítimas Fatais;Plena Noite;Decrescente;Nublado;Simples;"Reta;Aclive";Não;1258151;Automóvel;I/CITROEN C4 16GLX5P F;2011;Passageiro;Óbito;2;Feminino;0;0;0;1;-24,76323549;-53,29366419;SPRF-PR;DEL04-PR;UOP03-DEL04-PR
707746;1576857;28/07/2025;segunda-feira;05:40:00;PR;369;481;CORBELIA;Não;Iluminação deficiente;1;Colisão frontal;Com Vítimas Fatais;Plena Noite;Decrescente;Nublado;Simples;"Reta;Aclive";Não;1258151;Automóvel;I/CITROEN C4 16GLX5P F;2011;Passageiro;Lesões Graves;5;Masculino;0;0;1;0;-24,76323549;-53,29366419;SPRF-PR;DEL04-PR;UOP03-DEL04-PR
707746;1576855;28/07/2025;segunda-feira;05:40:00;PR;369;481;CORBELIA;Não;Manobra de mudança de faixa;3;Colisão com objeto;Com Vítimas Fatais;Plena Noite;Decrescente;Nublado;Simples;"Reta;Aclive";Não;1258151;Automóvel;I/CITROEN C4 16GLX5P F;2011;Passageiro;Óbito;7;Masculino;0;0;0;1;-24,76323549;-53,29366419;SPRF-PR;DEL04-PR;UOP03-DEL04-PR
707746;1576856;28/07/2025;segunda-feira;05:40:00;PR;369;481;CORBELIA;Não;Manobra de mudança de faixa;3;Colisão com objeto;Com Vítimas Fatais;Plena Noite;Decrescente;Nublado;Simples;"Reta;Aclive";Não;1258151;Automóvel;I/CITROEN C4 16GLX5P F;2011;Passageiro;Óbito;2;Feminino;0;0;0;1;-24,76323549;-53,29366419;SPRF-PR;DEL04-PR;UOP03-DEL04-PR
707746;1576857;28/07/2025;segunda-feira;05:40:00;PR;369;481;CORBELIA;Não;Manobra de mudança de faixa;3;Colisão com objeto;Com Vítimas Fatais;Plena Noite;Decrescente;Nublado;Simples;"Reta;Aclive";Não;1258151;Automóvel;I/CITROEN C4 16GLX5P F;2011;Passageiro;Lesões Graves;5;Masculino;0;0;1;0;-24,76323549;-53,29366419;SPRF-PR;DEL04-PR;UOP03-DEL04-PR
707746;1576855;28/07/2025;segunda-feira;05:40:00;PR;369;481;CORBELIA;Não;Manobra de mudança de faixa;2;Colisão com objeto;Com Vítimas Fatais;Plena Noite;Decrescente;Nublado;Simples;"Reta;Aclive";Não;1258151;Automóvel;I/CITROEN C4 16GLX5P F;2011;Passageiro;Óbito;7;Masculino;0;0;0;1;-24,76323549;-53,29366419;SPRF-PR;DEL04-PR;UOP03-DEL04-PR
707746;1576856;28/07/2025;segunda-feira;05:40:00;PR;369;481;CORBELIA;Não;Manobra de mudança de faixa;2;Colisão com objeto;Com Vítimas Fatais;Plena Noite;Decrescente;Nublado;Simples;"Reta;Aclive";Não;1258151;Automóvel;I/CITROEN C4 16GLX5P F;2011;Passageiro;Óbito;2;Feminino;0;0;0;1;-24,76323549;-53,29366419;SPRF-PR;DEL04-PR;UOP03-DEL04-PR