id;pesid;data_inversa;dia_semana;horario;uf;br;km;municipio;causa_principal;causa_acidente;ordem_tipo_acidente;tipo_acidente;classificacao_acidente;fase_dia;sentido_via;condicao_metereologica;tipo_pista;tracado_via;uso_solo;id_veiculo;tipo_veiculo;marca;ano_fabricacao_veiculo;tipo_envolvido;estado_fisico;idade;sexo;ilesos;feridos_leves;feridos_graves;mortos;latitude;longitude;regional;delegacia;uop
707746;1576857;28/07/2025;segunda-feira;05:40:00;PR;369;481;CORBELIA;Não;Manobra de mudança de faixa;2;Colisão com objeto;Com Vítimas Fatais;Plena Noite;Decrescente;Nublado;Simples;"Reta;Aclive";Não;1258151;Automóvel;I/CITROEN C4 16GLX5P F;2011;Passageiro;Lesões Graves;5;Masculino;0;0;1;0;-24,76323549;-53,29366419;SPRF-PR;DEL04-PR;UOP03-DEL04-PR
707746;1576855;28/07/2025;segunda-feira;05:40:00;PR;369;481;CORBELIA;Não;Manobra de mudança de faixa;1;Colisão frontal;Com Vítimas Fatais;Plena Noite;Decrescente;Nublado;Simples;"Reta;Aclive";Não;1258151;Automóvel;I/CITROEN C4 16GLX5P F;2011;Passageiro;Óbito;7;Masculino;0;0;0;1;-24,76323549;-53,29366419;SPRF-PR;DEL04-PR;UOP03-DEL04-PR
707746;1576856;28/07/2025;segunda-feira;05:40:00;PR;369;481;CORBELIA;Não;Manobra de mudança de faixa;1;Colisão frontal;Com Vítimas Fatais;Plena Noite;Decrescente;Nublado;Simples;"Reta;Aclive";Não;1258151;Automóvel;I/CITROEN C4 16GLX5P F;2011;Passageiro;Óbito;2;Feminino;0;0;0;1;-24,76323549;-53,29366419;SPRF-PR;DEL04-PR;UOP03-DEL04-PR
707746;1576857;28/07/2025;segunda-feira;05:40:00;PR;369;481;CORBELIA;Não;Manobra de mudança de faixa;1;Colisão frontal;Com Vítimas Fatais;Plena Noite;Decrescente;Nublado;Simples;"Reta;Aclive";Não;1258151;Automóvel;I/CITROEN C4 16GLX5P F;2011;Passageiro;Lesões Graves;5;Masculino;0;0;1;0;-24,76323549;-53,29366419;SPRF-PR;DEL04-PR;UOP03-DEL04-PR
707746;1576855;28/07/2025;segunda-feira;05:40:00;PR;369;481;CORBELIA;Sim;Transitar na contramão;3;Colisão com objeto;Com Vítimas Fatais;Plena Noite;Decrescente;Nublado;Simples;"Reta;Aclive";Não;1258151;Automóvel;I/CITROEN C4 16GLX5P F;2011;Passageiro;Óbito;7;Masculino;0;0;0;1;-24,76323549;-53,29366419;SPRF-PR;DEL04-PR;UOP03-DEL04-PR
707746;1576856;28/07/2025;segunda-feira;05:40:00;PR;369;481;CORBELIA;Sim;Transitar na contramão;3;Colisão com objeto;Com Vítimas Fatais;Plena Noite;Decrescente;Nublado;Simples;"Reta;Aclive";Não;1258151;Automóvel;I/CITROEN C4 16GLX5P F;2011;Passageiro;Óbito;2;Feminino;0;0;0;1;-24,76323549;-53,29366419;SPRF-PR;DEL04-PR;UOP03-DEL04-PR
707746;1576857;28/07/2025;segunda-feira;05:40:00;PR;369;481;CORBELIA;Sim;Transitar na contramão;3;Colisão com objeto;Com Vítimas Fatais;Plena Noite;Decrescente;Nublado;Simples;"Reta;Aclive";Não;1258151;Automóvel;I/CITROEN C4 16GLX5P F;2011;Passageiro;Lesões Graves;5;Masculino;0;0;1;0;-24,76323549;-53,29366419;SPRF-PR;DEL04-PR;UOP03-DEL04-PR
707746;1576855;28/07/2025;segunda-feira;05:40:00;PR;369;481;CORBELIA;Sim;Transitar na contramão;2;Colisão com objeto;Com Vítimas Fatais;Plena Noite;Decrescente;Nublado;Simples;"Reta;Aclive";Não;1258151;Automóvel;I/CITROEN C4 16GLX5P F;2011;Passageiro;Óbito;7;Masculino;0;0;0;1;-24,76323549;-53,29366419;SPRF-PR;DEL04-PR;UOP03-DEL04-PR
707746;1576856;28/07/2025;segunda-feira;05:40:00;PR;369;481;CORBELIA;Sim;Transitar na contramão;2;Colisão com objeto;Com Vítimas Fatais;Plena Noite;Decrescente;Nublado;Simples;"Reta;Aclive";Não;1258151;Automóvel;I/CITROEN C4 16GLX5P F;2011;Passageiro;Óbito;2;Feminino;0;0;0;1;-24,76323549;-53,29366419;SPRF-PR;DEL04-PR;UOP03-DEL04-PR
707746;1576857;28/07/2025;segunda-feira;05:40:00;PR;369;481;CORBELIA;Sim;Transitar na contramão;2;Colisão com objeto;Com Vítimas Fatais;Plena Noite;Decrescente;Nublado;Simples;"Reta;Aclive";Não;1258151;Automóvel;I/CITROEN C4 16GLX5P F;2011;Passageiro;Lesões Graves;5;Masculino;0;0;1;0;-24,76323549;-53,29366419;SPRF-PR;DEL04-PR;UOP03-DEL04-PR
707746;1576855;28/07/2025;segunda-feira;05:40:00;PR;369;481;CORBELIA;Sim;Transitar na contramão;1;Colisão frontal;Com Vítimas Fatais;Plena Noite;Decrescente;Nublado;Simples;"Reta;Aclive";Não;1258151;Automóvel;I/CITROEN C4 16GLX5P F;2011;Passageiro;Óbito;7;Masculino;0;0;0;1;-24,76323549;-53,29366419;SPRF-PR;DEL04-PR;UOP03-DEL04-PR
707746;1576856;28/07/2025;segunda-feira;05:40:00;PR;369;481;CORBELIA;Sim;Transitar na contramão;1;Colisão frontal;Com Vítimas Fatais;Plena Noite;Decrescente;Nublado;Simples;"Reta;Aclive";Não;1258151;Automóvel;I/CITROEN C4 16GLX5P F;2011;Passageiro;Óbito;2;Feminino;0;0;0;1;-24,76323549;-53,29366419;SPRF-PR;DEL04-PR;UOP03-DEL04-PR
707746;1576857;28/07/2025;segunda-feira;05:40:00;PR;369;481;CORBELIA;Sim;Transitar na contramão;1;Colisão frontal;Com Vítimas Fatais;Plena Noite;Decrescente;Nublado;Simples;"Reta;Aclive";Não;1258151;Automóvel;I/CITROEN C4 16GLX5P F;2011;Passageiro;Lesões Graves;5;Masculino;0;0;1;0;-24,76323549;-53,29366419;SPRF-PR;DEL04-PR;UOP03-DEL04-PR
708081;1577776;29/07/2025;terça-feira;16:50:00;PR;369;163;CAMBE;Sim;Manobra de mudança de faixa;1;Colisão lateral mesmo sentido;Com Vítimas Feridas;Pleno dia;Crescente;Céu Claro;Dupla;"Declive;Reta";Sim;1258906;Automóvel;FIAT/PALIO EX;1999;Passageiro;Ileso;0;Masculino;1;0;0;0;-23,29743639;-51,31975349;SPRF-PR;DEL07-PR;UOP01-DEL07-PR
708158;1577944;30/07/2025;quarta-feira;07:30:00;PR;369;183;ARAPONGAS;Sim;Acessar a via sem observar a presença dos outros veículos;1;Colisão transversal;Com Vítimas Feridas;Pleno dia;Decrescente;Sol;Simples;"Reta;Interseção de Vias";Sim;1259002;Automóvel;GM/CORSA HATCH PREMIUM;2008;Passageiro;Ileso;0;Feminino;1;0;0;0;-23,39259744;-51,42290827;SPRF-PR;DEL07-PR;UOP03-DEL07-PR
708255;1578076;30/07/2025;quarta-feira;17:00:00;PR;277;145;BALSA NOVA;Não;Reação tardia ou ineficiente do condutor;1;Colisão traseira;Sem Vítimas;Pleno dia;Crescente;Céu Claro;Dupla;"Curva;Declive";Não;1259257;Ônibus;MARCOPOLO/VOLARE W-L ON;2021;Passageiro;Ileso;0;Feminino;1;0;0;0;-25,4721809;-49,69639778;SPRF-PR;DEL03-PR;UOP03-DEL03-PR
708255;1578069;30/07/2025;quarta-feira;17:00:00;PR;277;145;BALSA NOVA;Não;Reação tardia ou ineficiente do condutor;1;Colisão traseira;Sem Vítimas;Pleno dia;Crescente;Céu Claro;Dupla;"Curva;Declive";Não;1259257;Ônibus;MARCOPOLO/VOLARE W-L ON;2021;Passageiro;Ileso;15;Feminino;1;0;0;0;-25,4721809;-49,69639778;SPRF-PR;DEL03-PR;UOP03-DEL03-PR
708255;1578078;30/07/2025;quarta-feira;17:00:00;PR;277;145;BALSA NOVA;Não;Reação tardia ou ineficiente do condutor;1;Colisão traseira;Sem Vítimas;Pleno dia;Crescente;Céu Claro;Dupla;"Curva;Declive";Não;1259257;Ônibus;MARCOPOLO/VOLARE W-L ON;2021;Passageiro;Ileso;0;Masculino;1;0;0;0;-25,4721809;-49,69639778;SPRF-PR;DEL03-PR;UOP03-DEL03-PR
708255;1578077;30/07/2025;quarta-feira;17:00:00;PR;277;145;BALSA NOVA;Não;Reação tardia ou ineficiente do condutor;1;Colisão traseira;Sem Vítimas;Pleno dia;Crescente;Céu Claro;Dupla;"Curva;Declive";Não;1259257;Ônibus;MARCOPOLO/VOLARE W-L ON;2021;Passageiro;Ileso;0;Feminino;1;0;0;0;-25,4721809;-49,69639778;SPRF-PR;DEL03-PR;UOP03-DEL03-PR
708255;1578076;30/07/2025;quarta-feira;17:00:00;PR;277;145;BALSA NOVA;Sim;Ausência de reação do condutor;1;Colisão traseira;Sem Vítimas;Pleno dia;Crescente;Céu Claro;Dupla;"Curva;Declive";Não;1259257;Ônibus;MARCOPOLO/VOLARE W-L ON;2021;Passageiro;Ileso;0;Feminino;1;0;0;0;-25,4721809;-49,69639778;SPRF-PR;DEL03-PR;UOP03-DEL03-PR
708255;1578069;30/07/2025;quarta-feira;17:00:00;PR;277;145;BALSA NOVA;Sim;Ausência de reação do condutor;1;Colisão traseira;Sem Vítimas;Pleno dia;Crescente;Céu Claro;Dupla;"Curva;Declive";Não;1259257;Ônibus;MARCOPOLO/VOLARE W-L ON;2021;Passageiro;Ileso;15;Feminino;1;0;0;0;-25,4721809;-49,69639778;SPRF-PR;DEL03-PR;UOP03-DEL03-PR
708255;1578078;30/07/2025;quarta-feira;17:00:00;PR;277;145;BALSA NOVA;Sim;Ausência de reação do condutor;1;Colisão traseira;Sem Vítimas;Pleno dia;Crescente;Céu Claro;Dupla;"Curva;Declive";Não;1259257;Ônibus;MARCOPOLO/VOLARE W-L ON;2021;Passageiro;Ileso;0;Masculino;1;0;0;0;-25,4721809;-49,69639778;SPRF-PR;DEL03-PR;UOP03-DEL03-PR
708255;1578077;30/07/2025;quarta-feira;17:00:00;PR;277;145;BALSA NOVA;Sim;Ausência de reação do condutor;1;Colisão traseira;Sem Vítimas;Pleno dia;Crescente;Céu Claro;Dupla;"Curva;Declive";Não;1259257;Ônibus;MARCOPOLO/VOLARE W-L ON;2021;Passageiro;Ileso;0;Feminino;1;0;0;0;-25,4721809;-49,69639778;SPRF-PR;DEL03-PR;UOP03-DEL03-PR
708556;1580842;01/08/2025;sexta-feira;06:00:00;PR;476;110;COLOMBO;Não;Ingestão de substâncias psicoativas pelo condutor;1;Colisão frontal;Com Vítimas Fatais;Amanhecer;Crescente;Céu Claro;Simples;"Reta;Interseção de Vias";Sim;1261339;Automóvel;I/GM CLASSIC LIFE;2007;Passageiro;Lesões Graves;9;Masculino;0;0;1;0;-25,3117789;-49,14537398;SPRF-PR;DEL01-PR;UOP01-DEL01-PR
708556;1580842;01/08/2025;sexta-feira;06:00:00;PR;476;110;COLOMBO;Não;Ingestão de álcool pelo condutor;1;Colisão frontal;Com Vítimas Fatais;Amanhecer;Crescente;Céu Claro;Simples;"Reta;Interseção de Vias";Sim;1261339;Automóvel;I/GM CLASSIC LIFE;2007;Passageiro;Lesões Graves;9;Masculino;0;0;1;0;-25,3117789;-49,14537398;SPRF-PR;DEL01-PR;UOP01-DEL01-PR
708556;1580842;01/08/2025;sexta-feira;06:00:00;PR;476;110;COLOMBO;Sim;Transitar na contramão;1;Colisão frontal;Com Vítimas Fatais;Amanhecer;Crescente;Céu Claro;Simples;"Reta;Interseção de Vias";Sim;1261339;Automóvel;I/GM CLASSIC LIFE;2007;Passageiro;Lesões Graves;9;Masculino;0;0;1;0;-25,3117789;-49,14537398;SPRF-PR;DEL01-PR;UOP01-DEL01-PR
708962;1579842;02/08/2025;sábado;21:20:00;PR;369;132,5;IBIPORA;Não;Ingestão de álcool pelo condutor;2;Colisão com objeto;Com Vítimas Feridas;Plena Noite;Crescente;Céu Claro;Dupla;Aclive;Sim;1260680;Automóvel;FIAT/PALIO FIRE ECONOMY;2010;Passageiro;Lesões Leves;9;Feminino;0;1;0;0;-23,260158;-51,006953;SPRF-PR;DEL07-PR;UOP01-DEL07-PR
708962;1579842;02/08/2025;sábado;21:20:00;PR;369;132,5;IBIPORA;Não;Ingestão de álcool pelo condutor;1;Saída de leito carroçável;Com Vítimas Feridas;Plena Noite;Crescente;Céu Claro;Dupla;Aclive;Sim;1260680;Automóvel;FIAT/PALIO FIRE ECONOMY;2010;Passageiro;Lesões Leves;9;Feminino;0;1;0;0;-23,260158;-51,006953;SPRF-PR;DEL07-PR;UOP01-DEL07-PR
708962;1579842;02/08/2025;sábado;21:20:00;PR;369;132,5;IBIPORA;Não;Velocidade Incompatível;2;Colisão com objeto;Com Vítimas Feridas;Plena Noite;Crescente;Céu Claro;Dupla;Aclive;Sim;1260680;Automóvel;FIAT/PALIO FIRE ECONOMY;2010;Passageiro;Lesões Leves;9;Feminino;0;1;0;0;-23,260158;-51,006953;SPRF-PR;DEL07-PR;UOP01-DEL07-PR
708962;1579842;02/08/2025;sábado;21:20:00;PR;369;132,5;IBIPORA;Não;Velocidade Incompatível;1;Saída de leito carroçável;Com Vítimas Feridas;Plena Noite;Crescente;Céu Claro;Dupla;Aclive;Sim;1260680;Automóvel;FIAT/PALIO FIRE ECONOMY;2010;Passageiro;Lesões Leves;9;Feminino;0;1;0;0;-23,260158;-51,006953;SPRF-PR;DEL07-PR;UOP01-DEL07-PR
708962;1579842;02/08/2025;sábado;21:20:00;PR;369;132,5;IBIPORA;Sim;Reação tardia ou ineficiente do condutor;2;Colisão com objeto;Com Vítimas Feridas;Plena Noite;Crescente;Céu Claro;Dupla;Aclive;Sim;1260680;Automóvel;FIAT/PALIO FIRE ECONOMY;2010;Passageiro;Lesões Leves;9;Feminino;0;1;0;0;-23,260158;-51,006953;SPRF-PR;DEL07-PR;UOP01-DEL07-PR
708962;1579842;02/08/2025;sábado;21:20:00;PR;369;132,5;IBIPORA;Sim;Reação tardia ou ineficiente do condutor;1;Saída de leito carroçável;Com Vítimas Feridas;Plena Noite;Crescente;Céu Claro;Dupla;Aclive;Sim;1260680;Automóvel;FIAT/PALIO FIRE ECONOMY;2010;Passageiro;Lesões Leves;9;Feminino;0;1;0;0;-23,260158;-51,006953;SPRF-PR;DEL07-PR;UOP01-DEL07-PR
709008;1579895;02/08/2025;sábado;23:10:00;PR;153;335;IRATI;Não;Velocidade Incompatível;3;Tombamento;Com Vítimas Feridas;Plena Noite;Decrescente;Nublado;Simples;Reta;Não;1260716;Automóvel;FIAT/UNO 1.5 R;1989;Passageiro;Ileso;3;Feminino;1;0;0;0;-25,49347838;-50,64664006;SPRF-PR;DEL08-PR;UOP02-DEL08-PR
709008;1579895;02/08/2025;sábado;23:10:00;PR;153;335;IRATI;Não;Velocidade Incompatível;2;Queda de ocupante de veículo;Com Vítimas Feridas;Plena Noite;Decrescente;Nublado;Simples;Reta;Não;1260716;Automóvel;FIAT/UNO 1.5 R;1989;Passageiro;Ileso;3;Feminino;1;0;0;0;-25,49347838;-50,64664006;SPRF-PR;DEL08-PR;UOP02-DEL08-PR
709008;1579895;02/08/2025;sábado;23:10:00;PR;153;335;IRATI;Não;Velocidade Incompatível;1;Colisão lateral mesmo sentido;Com Vítimas Feridas;Plena Noite;Decrescente;Nublado;Simples;Reta;Não;1260716;Automóvel;FIAT/UNO 1.5 R;1989;Passageiro;Ileso;3;Feminino;1;0;0;0;-25,49347838;-50,64664006;SPRF-PR;DEL08-PR;UOP02-DEL08-PR
709008;1579895;02/08/2025;sábado;23:10:00;PR;153;335;IRATI;Não;Ingestão de álcool pelo condutor;3;Tombamento;Com Vítimas Feridas;Plena Noite;Decrescente;Nublado;Simples;Reta;Não;1260716;Automóvel;FIAT/UNO 1.5 R;1989;Passageiro;Ileso;3;Feminino;1;0;0;0;-25,49347838;-50,64664006;SPRF-PR;DEL08-PR;UOP02-DEL08-PR
709008;1579895;02/08/2025;sábado;23:10:00;PR;153;335;IRATI;Não;Ingestão de álcool pelo condutor;2;Queda de ocupante de veículo;Com Vítimas Feridas;Plena Noite;Decrescente;Nublado;Simples;Reta;Não;1260716;Automóvel;FIAT/UNO 1.5 R;1989;Passageiro;Ileso;3;Feminino;1;0;0;0;-25,49347838;-50,64664006;SPRF-PR;DEL08-PR;UOP02-DEL08-PR
709008;1579895;02/08/2025;sábado;23:10:00;PR;153;335;IRATI;Não;Ingestão de álcool pelo condutor;1;Colisão lateral mesmo sentido;Com Vítimas Feridas;Plena Noite;Decrescente;Nublado;Simples;Reta;Não;1260716;Automóvel;FIAT/UNO 1.5 R;1989;Passageiro;Ileso;3;Feminino;1;0;0;0;-25,49347838;-50,64664006;SPRF-PR;DEL08-PR;UOP02-DEL08-PR
709008;1579895;02/08/2025;sábado;23:10:00;PR;153;335;IRATI;Não;Ausência de reação do condutor;3;Tombamento;Com Vítimas Feridas;Plena Noite;Decrescente;Nublado;Simples;Reta;Não;1260716;Automóvel;FIAT/UNO 1.5 R;1989;Passageiro;Ileso;3;Feminino;1;0;0;0;-25,49347838;-50,64664006;SPRF-PR;DEL08-PR;UOP02-DEL08-PR
709008;1579895;02/08/2025;sábado;23:10:00;PR;153;335;IRATI;Não;Ausência de reação do condutor;2;Queda de ocupante de veículo;Com Vítimas Feridas;Plena Noite;Decrescente;Nublado;Simples;Reta;Não;1260716;Automóvel;FIAT/UNO 1.5 R;1989;Passageiro;Ileso;3;Feminino;1;0;0;0;-25,49347838;-50,64664006;SPRF-PR;DEL08-PR;UOP02-DEL08-PR
709008;1579895;02/08/2025;sábado;23:10:00;PR;153;335;IRATI;Não;Ausência de reação do condutor;1;Colisão lateral mesmo sentido;Com Vítimas Feridas;Plena Noite;Decrescente;Nublado;Simples;Reta;Não;1260716;Automóvel;FIAT/UNO 1.5 R;1989;Passageiro;Ileso;3;Feminino;1;0;0;0;-25,49347838;-50,64664006;SPRF-PR;DEL08-PR;UOP02-DEL08-PR
709008;1579895;02/08/2025;sábado;23:10:00;PR;153;335;IRATI;Sim;Ultrapassagem Indevida;3;Tombamento;Com Vítimas Feridas;Plena Noite;Decrescente;Nublado;Simples;Reta;Não;1260716;Automóvel;FIAT/UNO 1.5 R;1989;Passageiro;Ileso;3;Feminino;1;0;0;0;-25,49347838;-50,64664006;SPRF-PR;DEL08-PR;UOP02-DEL08-PR
709008;1579895;02/08/2025;sábado;23:10:00;PR;153;335;IRATI;Sim;Ultrapassagem Indevida;2;Queda de ocupante de veículo;Com Vítimas Feridas;Plena Noite;Decrescente;Nublado;Simples;Reta;Não;1260716;Automóvel;FIAT/UNO 1.5 R;1989;Passageiro;Ileso;3;Feminino;1;0;0;0;-25,49347838;-50,64664006;SPRF-PR;DEL08-PR;UOP02-DEL08-PR
709008;1579895;02/08/2025;sábado;23:10:00;PR;153;335;IRATI;Sim;Ultrapassagem Indevida;1;Colisão lateral mesmo sentido;Com Vítimas Feridas;Plena Noite;Decrescente;Nublado;Simples;Reta;Não;1260716;Automóvel;FIAT/UNO 1.5 R;1989;Passageiro;Ileso;3;Feminino;1;0;0;0;-25,49347838;-50,64664006;SPRF-PR;DEL08-PR;UOP02-DEL08-PR
709190;1580488;03/08/2025;domingo;17:15:00;PR;376;652,1;TIJUCAS DO SUL;Sim;Reação tardia ou ineficiente do condutor;2;Colisão traseira;Com Vítimas Feridas;Pleno dia;Crescente;Garoa/Chuvisco;Dupla;"Curva;Declive";Não;1261149;Automóvel;VW/FUSCA 1300;1974;Passageiro;Lesões Leves;13;Feminino;0;1;0;0;-25,845518;-49,061542;SPRF-PR;DEL01-PR;UOP04-DEL01-PR
709190;1580486;03/08/2025;domingo;17:15:00;PR;376;652,1;TIJUCAS DO SUL;Sim;Reação tardia ou ineficiente do condutor;2;Colisão traseira;Com Vítimas Feridas;Pleno dia;Crescente;Garoa/Chuvisco;Dupla;"Curva;Declive";Não;1261149;Automóvel;VW/FUSCA 1300;1974;Passageiro;Lesões Graves;11;Feminino;0;0;1;0;-25,845518;-49,061542;SPRF-PR;DEL01-PR;UOP04-DEL01-PR
709190;1580488;03/08/2025;domingo;17:15:00;PR;376;652,1;TIJUCAS DO SUL;Sim;Reação tardia ou ineficiente do condutor;1;Colisão com objeto;Com Vítimas Feridas;Pleno dia;Crescente;Garoa/Chuvisco;Dupla;"Curva;Declive";Não;1261149;Automóvel;VW/FUSCA 1300;1974;Passageiro;Lesões Leves;13;Feminino;0;1;0;0;-25,845518;-49,061542;SPRF-PR;DEL01-PR;UOP04-DEL01-PR
709190;1580486;03/08/2025;domingo;17:15:00;PR;376;652,1;TIJUCAS DO SUL;Sim;Reação tardia ou ineficiente do condutor;1;Colisão com objeto;Com Vítimas Feridas;Pleno dia;Crescente;Garoa/Chuvisco;Dupla;"Curva;Declive";Não;1261149;Automóvel;VW/FUSCA 1300;1974;Passageiro;Lesões Graves;11;Feminino;0;0;1;0;-25,845518;-49,061542;SPRF-PR;DEL01-PR;UOP04-DEL01-PR
709387;1580888;04/08/2025;segunda-feira;14:49:00;PR;277;4,3;PARANAGUA;Não;Reação tardia ou ineficiente do condutor;1;Atropelamento de Pedestre;Com Vítimas Feridas;Pleno dia;Decrescente;Nublado;Simples;Curva;Não;NA;NA;NA/NA;NA;Pedestre;Lesões Leves;9;Masculino;0;1;0;0;-25,5533022;-48,5621251;SPRF-PR;DEL01-PR;UOP05-DEL01-PR
709387;1580888;04/08/2025;segunda-feira;14:49:00;PR;277;4,3;PARANAGUA;Sim;Entrada inopinada do pedestre;1;Atropelamento de Pedestre;Com Vítimas Feridas;Pleno dia;Decrescente;Nublado;Simples;Curva;Não;NA;NA;NA/NA;NA;Pedestre;Lesões Leves;9;Masculino;0;1;0;0;-25,5533022;-48,5621251;SPRF-PR;DEL01-PR;UOP05-DEL01-PR
709441;1583243;04/08/2025;segunda-feira;18:00:00;PR;153;340,5;IRATI;Sim;Ausência de sinalização;1;Colisão lateral sentido oposto;Sem Vítimas;Plena Noite;Decrescente;Nublado;Simples;"Reta;Aclive;Em Obras";Não;1261522;Caminhão;M.BENZ/L 1113;1978;Passageiro;Ileso;14;Masculino;1;0;0;0;-25,539384;-50,6599;SPRF-PR;DEL08-PR;UOP02-DEL08-PR
709733;1581805;06/08/2025;quarta-feira;07:41:00;PR;116;22,1;ANTONINA;Não;Avarias e/ou desgaste excessivo no pneu;3;Colisão com objeto;Com Vítimas Feridas;Pleno dia;Crescente;Chuva;Dupla;Curva;Não;1262199;Automóvel;HYUNDAI/HB20X 1.6A PREMI;2016;Passageiro;Ileso;6;Masculino;1;0;0;0;-25,111015;-48,751935;SPRF-PR;DEL01-PR;UOP02-DEL01-PR
709733;1581805;06/08/2025;quarta-feira;07:41:00;PR;116;22,1;ANTONINA;Não;Avarias e/ou desgaste excessivo no pneu;2;Capotamento;Com Vítimas Feridas;Pleno dia;Crescente;Chuva;Dupla;Curva;Não;1262199;Automóvel;HYUNDAI/HB20X 1.6A PREMI;2016;Passageiro;Ileso;6;Masculino;1;0;0;0;-25,111015;-48,751935;SPRF-PR;DEL01-PR;UOP02-DEL01-PR
709733;1581805;06/08/2025;quarta-feira;07:41:00;PR;116;22,1;ANTONINA;Não;Avarias e/ou desgaste excessivo no pneu;1;Saída de leito carroçável;Com Vítimas Feridas;Pleno dia;Crescente;Chuva;Dupla;Curva;Não;1262199;Automóvel;HYUNDAI/HB20X 1.6A PREMI;2016;Passageiro;Ileso;6;Masculino;1;0;0;0;-25,111015;-48,751935;SPRF-PR;DEL01-PR;UOP02-DEL01-PR
709733;1581805;06/08/2025;quarta-feira;07:41:00;PR;116;22,1;ANTONINA;Não;Curva acentuada;3;Colisão com objeto;Com Vítimas Feridas;Pleno dia;Crescente;Chuva;Dupla;Curva;Não;1262199;Automóvel;HYUNDAI/HB20X 1.6A PREMI;2016;Passageiro;Ileso;6;Masculino;1;0;0;0;-25,111015;-48,751935;SPRF-PR;DEL01-PR;UOP02-DEL01-PR
709733;1581805;06/08/2025;quarta-feira;07:41:00;PR;116;22,1;ANTONINA;Não;Curva acentuada;2;Capotamento;Com Vítimas Feridas;Pleno dia;Crescente;Chuva;Dupla;Curva;Não;1262199;Automóvel;HYUNDAI/HB20X 1.6A PREMI;2016;Passageiro;Ileso;6;Masculino;1;0;0;0;-25,111015;-48,751935;SPRF-PR;DEL01-PR;UOP02-DEL01-PR
709733;1581805;06/08/2025;quarta-feira;07:41:00;PR;116;22,1;ANTONINA;Não;Curva acentuada;1;Saída de leito carroçável;Com Vítimas Feridas;Pleno dia;Crescente;Chuva;Dupla;Curva;Não;1262199;Automóvel;HYUNDAI/HB20X 1.6A PREMI;2016;Passageiro;Ileso;6;Masculino;1;0;0;0;-25,111015;-48,751935;SPRF-PR;DEL01-PR;UOP02-DEL01-PR
709733;1581805;06/08/2025;quarta-feira;07:41:00;PR;116;22,1;ANTONINA;Sim;Chuva;3;Colisão com objeto;Com Vítimas Feridas;Pleno dia;Crescente;Chuva;Dupla;Curva;Não;1262199;Automóvel;HYUNDAI/HB20X 1.6A PREMI;2016;Passageiro;Ileso;6;Masculino;1;0;0;0;-25,111015;-48,751935;SPRF-PR;DEL01-PR;UOP02-DEL01-PR
709733;1581805;06/08/2025;quarta-feira;07:41:00;PR;116;22,1;ANTONINA;Sim;Chuva;2;Capotamento;Com Vítimas Feridas;Pleno dia;Crescente;Chuva;Dupla;Curva;Não;1262199;Automóvel;HYUNDAI/HB20X 1.6A PREMI;2016;Passageiro;Ileso;6;Masculino;1;0;0;0;-25,111015;-48,751935;SPRF-PR;DEL01-PR;UOP02-DEL01-PR
709733;1581805;06/08/2025;quarta-feira;07:41:00;PR;116;22,1;ANTONINA;Sim;Chuva;1;Saída de leito carroçável;Com Vítimas Feridas;Pleno dia;Crescente;Chuva;Dupla;Curva;Não;1262199;Automóvel;HYUNDAI/HB20X 1.6A PREMI;2016;Passageiro;Ileso;6;Masculino;1;0;0;0;-25,111015;-48,751935;SPRF-PR;DEL01-PR;UOP02-DEL01-PR
709971;1584822;07/08/2025;quinta-feira;10:20:00;PR;376;187,5;MARIALVA;Não;Velocidade Incompatível;1;Colisão traseira;Com Vítimas Feridas;Pleno dia;Decrescente;Céu Claro;Dupla;Reta;Sim;1262811;Caminhão-trator;IMP/SCANIA K124IB6X2 420;2009;Condutor;Ileso;3;Masculino;1;0;0;0;-23,4599144;-51,83923451;SPRF-PR;DEL09-PR;UOP01-DEL09-PR
709971;1584822;07/08/2025;quinta-feira;10:20:00;PR;376;187,5;MARIALVA;Sim;Condutor deixou de manter distância do veículo da frente;1;Colisão traseira;Com Vítimas Feridas;Pleno dia;Decrescente;Céu Claro;Dupla;Reta;Sim;1262811;Caminhão-trator;IMP/SCANIA K124IB6X2 420;2009;Condutor;Ileso;3;Masculino;1;0;0;0;-23,4599144;-51,83923451;SPRF-PR;DEL09-PR;UOP01-DEL09-PR
710050;1582607;07/08/2025;quinta-feira;17:30:00;PR;277;83,5;CURITIBA;Sim;Condutor deixou de manter distância do veículo da frente;3;Queda de ocupante de veículo;Com Vítimas Feridas;Anoitecer;Decrescente;Céu Claro;Dupla;Reta;Sim;1262910;Automóvel;GM/MERIVA MAXX;2011;Passageiro;Ileso;11;Masculino;1;0;0;0;-25,446985;-49,230891;SPRF-PR;DEL01-PR;UOP07-DEL01-PR
710050;1582607;07/08/2025;quinta-feira;17:30:00;PR;277;83,5;CURITIBA;Sim;Condutor deixou de manter distância do veículo da frente;2;Tombamento;Com Vítimas Feridas;Anoitecer;Decrescente;Céu Claro;Dupla;Reta;Sim;1262910;Automóvel;GM/MERIVA MAXX;2011;Passageiro;Ileso;11;Masculino;1;0;0;0;-25,446985;-49,230891;SPRF-PR;DEL01-PR;UOP07-DEL01-PR
710050;1582607;07/08/2025;quinta-feira;17:30:00;PR;277;83,5;CURITIBA;Sim;Condutor deixou de manter distância do veículo da frente;1;Colisão traseira;Com Vítimas Feridas;Anoitecer;Decrescente;Céu Claro;Dupla;Reta;Sim;1262910;Automóvel;GM/MERIVA MAXX;2011;Passageiro;Ileso;11;Masculino;1;0;0;0;-25,446985;-49,230891;SPRF-PR;DEL01-PR;UOP07-DEL01-PR