id;pesid;data_inversa;dia_semana;horario;uf;br;km;municipio;causa_principal;causa_acidente;ordem_tipo_acidente;tipo_acidente;classificacao_acidente;fase_dia;sentido_via;condicao_metereologica;tipo_pista;tracado_via;uso_solo;id_veiculo;tipo_veiculo;marca;ano_fabricacao_veiculo;tipo_envolvido;estado_fisico;idade;sexo;ilesos;feridos_leves;feridos_graves;mortos;latitude;longitude;regional;delegacia;uop
710118;1582707;07/08/2025;quinta-feira;21:50:00;PR;116;126,2;FAZENDA RIO GRANDE;Sim;Condutor desrespeitou a iluminação vermelha do semáforo;3;Colisão com objeto;Com Vítimas Fatais;Plena Noite;Decrescente;Nublado;Dupla;"Interseção de Vias;Reta";Sim;1262981;Automóvel;I/AUDI A3 LM 122CV I;2014;Passageiro;Óbito;12;Masculino;0;0;0;1;-25,640811;-49,312881;SPRF-PR;DEL01-PR;UOP03-DEL01-PR
710118;1582700;07/08/2025;quinta-feira;21:50:00;PR;116;126,2;FAZENDA RIO GRANDE;Sim;Condutor desrespeitou a iluminação vermelha do semáforo;3;Colisão com objeto;Com Vítimas Fatais;Plena Noite;Decrescente;Nublado;Dupla;"Interseção de Vias;Reta";Sim;1262981;Automóvel;I/AUDI A3 LM 122CV I;2014;Passageiro;Lesões Leves;4;Masculino;0;1;0;0;-25,640811;-49,312881;SPRF-PR;DEL01-PR;UOP03-DEL01-PR
710118;1582698;07/08/2025;quinta-feira;21:50:00;PR;116;126,2;FAZENDA RIO GRANDE;Sim;Condutor desrespeitou a iluminação vermelha do semáforo;3;Colisão com objeto;Com Vítimas Fatais;Plena Noite;Decrescente;Nublado;Dupla;"Interseção de Vias;Reta";Sim;1262981;Automóvel;I/AUDI A3 LM 122CV I;2014;Passageiro;Lesões Leves;10;Feminino;0;1;0;0;-25,640811;-49,312881;SPRF-PR;DEL01-PR;UOP03-DEL01-PR
710118;1582707;07/08/2025;quinta-feira;21:50:00;PR;116;126,2;FAZENDA RIO GRANDE;Sim;Condutor desrespeitou a iluminação vermelha do semáforo;2;Saída de leito carroçável;Com Vítimas Fatais;Plena Noite;Decrescente;Nublado;Dupla;"Interseção de Vias;Reta";Sim;1262981;Automóvel;I/AUDI A3 LM 122CV I;2014;Passageiro;Óbito;12;Masculino;0;0;0;1;-25,640811;-49,312881;SPRF-PR;DEL01-PR;UOP03-DEL01-PR
710118;1582700;07/08/2025;quinta-feira;21:50:00;PR;116;126,2;FAZENDA RIO GRANDE;Sim;Condutor desrespeitou a iluminação vermelha do semáforo;2;Saída de leito carroçável;Com Vítimas Fatais;Plena Noite;Decrescente;Nublado;Dupla;"Interseção de Vias;Reta";Sim;1262981;Automóvel;I/AUDI A3 LM 122CV I;2014;Passageiro;Lesões Leves;4;Masculino;0;1;0;0;-25,640811;-49,312881;SPRF-PR;DEL01-PR;UOP03-DEL01-PR
710118;1582698;07/08/2025;quinta-feira;21:50:00;PR;116;126,2;FAZENDA RIO GRANDE;Sim;Condutor desrespeitou a iluminação vermelha do semáforo;2;Saída de leito carroçável;Com Vítimas Fatais;Plena Noite;Decrescente;Nublado;Dupla;"Interseção de Vias;Reta";Sim;1262981;Automóvel;I/AUDI A3 LM 122CV I;2014;Passageiro;Lesões Leves;10;Feminino;0;1;0;0;-25,640811;-49,312881;SPRF-PR;DEL01-PR;UOP03-DEL01-PR
710118;1582707;07/08/2025;quinta-feira;21:50:00;PR;116;126,2;FAZENDA RIO GRANDE;Sim;Condutor desrespeitou a iluminação vermelha do semáforo;1;Colisão transversal;Com Vítimas Fatais;Plena Noite;Decrescente;Nublado;Dupla;"Interseção de Vias;Reta";Sim;1262981;Automóvel;I/AUDI A3 LM 122CV I;2014;Passageiro;Óbito;12;Masculino;0;0;0;1;-25,640811;-49,312881;SPRF-PR;DEL01-PR;UOP03-DEL01-PR
710118;1582700;07/08/2025;quinta-feira;21:50:00;PR;116;126,2;FAZENDA RIO GRANDE;Sim;Condutor desrespeitou a iluminação vermelha do semáforo;1;Colisão transversal;Com Vítimas Fatais;Plena Noite;Decrescente;Nublado;Dupla;"Interseção de Vias;Reta";Sim;1262981;Automóvel;I/AUDI A3 LM 122CV I;2014;Passageiro;Lesões Leves;4;Masculino;0;1;0;0;-25,640811;-49,312881;SPRF-PR;DEL01-PR;UOP03-DEL01-PR
710118;1582698;07/08/2025;quinta-feira;21:50:00;PR;116;126,2;FAZENDA RIO GRANDE;Sim;Condutor desrespeitou a iluminação vermelha do semáforo;1;Colisão transversal;Com Vítimas Fatais;Plena Noite;Decrescente;Nublado;Dupla;"Interseção de Vias;Reta";Sim;1262981;Automóvel;I/AUDI A3 LM 122CV I;2014;Passageiro;Lesões Leves;10;Feminino;0;1;0;0;-25,640811;-49,312881;SPRF-PR;DEL01-PR;UOP03-DEL01-PR
710262;1583046;08/08/2025;sexta-feira;14:50:00;PR;277;14,5;PARANAGUA;Sim;Demais falhas mecânicas ou elétricas;1;Incêndio;Sem Vítimas;Pleno dia;Decrescente;Nublado;Dupla;Reta;Não;1263274;Automóvel;FIAT/PALIO 1.8 R FLEX;2006;Passageiro;Ileso;16;Masculino;1;0;0;0;-25,55434579;-48,66093032;SPRF-PR;DEL01-PR;UOP05-DEL01-PR
710731;1584165;10/08/2025;domingo;10:00:00;PR;277;652,8;MATELANDIA;Não;Condutor deixou de manter distância do veículo da frente;1;Engavetamento;Com Vítimas Feridas;Pleno dia;Decrescente;Céu Claro;Simples;Reta;Sim;1264161;Automóvel;CHEVROLET/CELTA 1.0L LT;2013;Passageiro;Ileso;13;Feminino;1;0;0;0;-25,211469;-53,951246;SPRF-PR;DEL05-PR;UOP02-DEL05-PR
710731;1584165;10/08/2025;domingo;10:00:00;PR;277;652,8;MATELANDIA;Não;Objeto estático sobre o leito carroçável;1;Engavetamento;Com Vítimas Feridas;Pleno dia;Decrescente;Céu Claro;Simples;Reta;Sim;1264161;Automóvel;CHEVROLET/CELTA 1.0L LT;2013;Passageiro;Ileso;13;Feminino;1;0;0;0;-25,211469;-53,951246;SPRF-PR;DEL05-PR;UOP02-DEL05-PR
710731;1584165;10/08/2025;domingo;10:00:00;PR;277;652,8;MATELANDIA;Não;Reação tardia ou ineficiente do condutor;1;Engavetamento;Com Vítimas Feridas;Pleno dia;Decrescente;Céu Claro;Simples;Reta;Sim;1264161;Automóvel;CHEVROLET/CELTA 1.0L LT;2013;Passageiro;Ileso;13;Feminino;1;0;0;0;-25,211469;-53,951246;SPRF-PR;DEL05-PR;UOP02-DEL05-PR
710731;1584165;10/08/2025;domingo;10:00:00;PR;277;652,8;MATELANDIA;Não;Ausência de reação do condutor;1;Engavetamento;Com Vítimas Feridas;Pleno dia;Decrescente;Céu Claro;Simples;Reta;Sim;1264161;Automóvel;CHEVROLET/CELTA 1.0L LT;2013;Passageiro;Ileso;13;Feminino;1;0;0;0;-25,211469;-53,951246;SPRF-PR;DEL05-PR;UOP02-DEL05-PR
710731;1584165;10/08/2025;domingo;10:00:00;PR;277;652,8;MATELANDIA;Sim;Demais falhas mecânicas ou elétricas;1;Engavetamento;Com Vítimas Feridas;Pleno dia;Decrescente;Céu Claro;Simples;Reta;Sim;1264161;Automóvel;CHEVROLET/CELTA 1.0L LT;2013;Passageiro;Ileso;13;Feminino;1;0;0;0;-25,211469;-53,951246;SPRF-PR;DEL05-PR;UOP02-DEL05-PR
710764;1584205;10/08/2025;domingo;14:10:00;PR;369;192,6;ARAPONGAS;Sim;Ingestão de álcool pelo condutor;2;Colisão com objeto;Com Vítimas Feridas;Pleno dia;Decrescente;Céu Claro;Dupla;Reta;Não;1264191;Caminhonete;GM/S10 2.2 D;1998;Passageiro;Lesões Leves;4;Masculino;0;1;0;0;-23,472397;-51,423619;SPRF-PR;DEL07-PR;UOP03-DEL07-PR
710764;1584205;10/08/2025;domingo;14:10:00;PR;369;192,6;ARAPONGAS;Sim;Ingestão de álcool pelo condutor;1;Saída de leito carroçável;Com Vítimas Feridas;Pleno dia;Decrescente;Céu Claro;Dupla;Reta;Não;1264191;Caminhonete;GM/S10 2.2 D;1998;Passageiro;Lesões Leves;4;Masculino;0;1;0;0;-23,472397;-51,423619;SPRF-PR;DEL07-PR;UOP03-DEL07-PR
710829;1584487;10/08/2025;domingo;19:20:00;PR;116;145;MANDIRITUBA;Não;Transitar na contramão;3;Queda de ocupante de veículo;Com Vítimas Feridas;Plena Noite;Decrescente;Céu Claro;Simples;Reta;Sim;1264397;Automóvel;FORD/CORCEL;1976;Passageiro;Ileso;11;Masculino;1;0;0;0;-25,812305;-49,32816;SPRF-PR;DEL01-PR;UOP03-DEL01-PR
710829;1584486;10/08/2025;domingo;19:20:00;PR;116;145;MANDIRITUBA;Não;Transitar na contramão;3;Queda de ocupante de veículo;Com Vítimas Feridas;Plena Noite;Decrescente;Céu Claro;Simples;Reta;Sim;1264397;Automóvel;FORD/CORCEL;1976;Passageiro;Ileso;6;Masculino;1;0;0;0;-25,812305;-49,32816;SPRF-PR;DEL01-PR;UOP03-DEL01-PR
710829;1584485;10/08/2025;domingo;19:20:00;PR;116;145;MANDIRITUBA;Não;Transitar na contramão;3;Queda de ocupante de veículo;Com Vítimas Feridas;Plena Noite;Decrescente;Céu Claro;Simples;Reta;Sim;1264397;Automóvel;FORD/CORCEL;1976;Passageiro;Ileso;11;Masculino;1;0;0;0;-25,812305;-49,32816;SPRF-PR;DEL01-PR;UOP03-DEL01-PR
710829;1584487;10/08/2025;domingo;19:20:00;PR;116;145;MANDIRITUBA;Não;Transitar na contramão;2;Tombamento;Com Vítimas Feridas;Plena Noite;Decrescente;Céu Claro;Simples;Reta;Sim;1264397;Automóvel;FORD/CORCEL;1976;Passageiro;Ileso;11;Masculino;1;0;0;0;-25,812305;-49,32816;SPRF-PR;DEL01-PR;UOP03-DEL01-PR
710829;1584486;10/08/2025;domingo;19:20:00;PR;116;145;MANDIRITUBA;Não;Transitar na contramão;2;Tombamento;Com Vítimas Feridas;Plena Noite;Decrescente;Céu Claro;Simples;Reta;Sim;1264397;Automóvel;FORD/CORCEL;1976;Passageiro;Ileso;6;Masculino;1;0;0;0;-25,812305;-49,32816;SPRF-PR;DEL01-PR;UOP03-DEL01-PR
710829;1584485;10/08/2025;domingo;19:20:00;PR;116;145;MANDIRITUBA;Não;Transitar na contramão;2;Tombamento;Com Vítimas Feridas;Plena Noite;Decrescente;Céu Claro;Simples;Reta;Sim;1264397;Automóvel;FORD/CORCEL;1976;Passageiro;Ileso;11;Masculino;1;0;0;0;-25,812305;-49,32816;SPRF-PR;DEL01-PR;UOP03-DEL01-PR
710829;1584487;10/08/2025;domingo;19:20:00;PR;116;145;MANDIRITUBA;Não;Transitar na contramão;1;Colisão frontal;Com Vítimas Feridas;Plena Noite;Decrescente;Céu Claro;Simples;Reta;Sim;1264397;Automóvel;FORD/CORCEL;1976;Passageiro;Ileso;11;Masculino;1;0;0;0;-25,812305;-49,32816;SPRF-PR;DEL01-PR;UOP03-DEL01-PR
710829;1584486;10/08/2025;domingo;19:20:00;PR;116;145;MANDIRITUBA;Não;Transitar na contramão;1;Colisão frontal;Com Vítimas Feridas;Plena Noite;Decrescente;Céu Claro;Simples;Reta;Sim;1264397;Automóvel;FORD/CORCEL;1976;Passageiro;Ileso;6;Masculino;1;0;0;0;-25,812305;-49,32816;SPRF-PR;DEL01-PR;UOP03-DEL01-PR
710829;1584485;10/08/2025;domingo;19:20:00;PR;116;145;MANDIRITUBA;Não;Transitar na contramão;1;Colisão frontal;Com Vítimas Feridas;Plena Noite;Decrescente;Céu Claro;Simples;Reta;Sim;1264397;Automóvel;FORD/CORCEL;1976;Passageiro;Ileso;11;Masculino;1;0;0;0;-25,812305;-49,32816;SPRF-PR;DEL01-PR;UOP03-DEL01-PR
710829;1584487;10/08/2025;domingo;19:20:00;PR;116;145;MANDIRITUBA;Sim;Conversão proibida;3;Queda de ocupante de veículo;Com Vítimas Feridas;Plena Noite;Decrescente;Céu Claro;Simples;Reta;Sim;1264397;Automóvel;FORD/CORCEL;1976;Passageiro;Ileso;11;Masculino;1;0;0;0;-25,812305;-49,32816;SPRF-PR;DEL01-PR;UOP03-DEL01-PR
710829;1584486;10/08/2025;domingo;19:20:00;PR;116;145;MANDIRITUBA;Sim;Conversão proibida;3;Queda de ocupante de veículo;Com Vítimas Feridas;Plena Noite;Decrescente;Céu Claro;Simples;Reta;Sim;1264397;Automóvel;FORD/CORCEL;1976;Passageiro;Ileso;6;Masculino;1;0;0;0;-25,812305;-49,32816;SPRF-PR;DEL01-PR;UOP03-DEL01-PR
710829;1584485;10/08/2025;domingo;19:20:00;PR;116;145;MANDIRITUBA;Sim;Conversão proibida;3;Queda de ocupante de veículo;Com Vítimas Feridas;Plena Noite;Decrescente;Céu Claro;Simples;Reta;Sim;1264397;Automóvel;FORD/CORCEL;1976;Passageiro;Ileso;11;Masculino;1;0;0;0;-25,812305;-49,32816;SPRF-PR;DEL01-PR;UOP03-DEL01-PR
710829;1584487;10/08/2025;domingo;19:20:00;PR;116;145;MANDIRITUBA;Sim;Conversão proibida;2;Tombamento;Com Vítimas Feridas;Plena Noite;Decrescente;Céu Claro;Simples;Reta;Sim;1264397;Automóvel;FORD/CORCEL;1976;Passageiro;Ileso;11;Masculino;1;0;0;0;-25,812305;-49,32816;SPRF-PR;DEL01-PR;UOP03-DEL01-PR
710829;1584486;10/08/2025;domingo;19:20:00;PR;116;145;MANDIRITUBA;Sim;Conversão proibida;2;Tombamento;Com Vítimas Feridas;Plena Noite;Decrescente;Céu Claro;Simples;Reta;Sim;1264397;Automóvel;FORD/CORCEL;1976;Passageiro;Ileso;6;Masculino;1;0;0;0;-25,812305;-49,32816;SPRF-PR;DEL01-PR;UOP03-DEL01-PR
710829;1584485;10/08/2025;domingo;19:20:00;PR;116;145;MANDIRITUBA;Sim;Conversão proibida;2;Tombamento;Com Vítimas Feridas;Plena Noite;Decrescente;Céu Claro;Simples;Reta;Sim;1264397;Automóvel;FORD/CORCEL;1976;Passageiro;Ileso;11;Masculino;1;0;0;0;-25,812305;-49,32816;SPRF-PR;DEL01-PR;UOP03-DEL01-PR
710829;1584487;10/08/2025;domingo;19:20:00;PR;116;145;MANDIRITUBA;Sim;Conversão proibida;1;Colisão frontal;Com Vítimas Feridas;Plena Noite;Decrescente;Céu Claro;Simples;Reta;Sim;1264397;Automóvel;FORD/CORCEL;1976;Passageiro;Ileso;11;Masculino;1;0;0;0;-25,812305;-49,32816;SPRF-PR;DEL01-PR;UOP03-DEL01-PR
710829;1584486;10/08/2025;domingo;19:20:00;PR;116;145;MANDIRITUBA;Sim;Conversão proibida;1;Colisão frontal;Com Vítimas Feridas;Plena Noite;Decrescente;Céu Claro;Simples;Reta;Sim;1264397;Automóvel;FORD/CORCEL;1976;Passageiro;Ileso;6;Masculino;1;0;0;0;-25,812305;-49,32816;SPRF-PR;DEL01-PR;UOP03-DEL01-PR
710829;1584485;10/08/2025;domingo;19:20:00;PR;116;145;MANDIRITUBA;Sim;Conversão proibida;1;Colisão frontal;Com Vítimas Feridas;Plena Noite;Decrescente;Céu Claro;Simples;Reta;Sim;1264397;Automóvel;FORD/CORCEL;1976;Passageiro;Ileso;11;Masculino;1;0;0;0;-25,812305;-49,32816;SPRF-PR;DEL01-PR;UOP03-DEL01-PR
711041;1584911;11/08/2025;segunda-feira;15:00:00;PR;116;94;SAO JOSE DOS PINHAIS;Sim;Ausência de reação do condutor;1;Colisão traseira;Com Vítimas Feridas;Pleno dia;Decrescente;Sol;Múltipla;"Aclive;Reta";Não;1264730;Automóvel;CHEV/SPIN 1.8L AT LT7;2023;Passageiro;Lesões Leves;0;Masculino;0;1;0;0;-25,52385392;-49,13806915;SPRF-PR;DEL01-PR;UOP07-DEL01-PR
711201;1585488;12/08/2025;terça-feira;08:30:00;PR;277;471,4;NOVA LARANJEIRAS;Sim;Desrespeitar a preferência no cruzamento;1;Colisão transversal;Com Vítimas Feridas;Pleno dia;Decrescente;Céu Claro;Simples;Interseção de Vias;Sim;1265190;Automóvel;FORD/FIESTA;2002;Passageiro;Lesões Leves;7;Feminino;0;1;0;0;-25,3078987;-52,5390019;SPRF-PR;DEL04-PR;UOP02-DEL04-PR
711245;1585404;12/08/2025;terça-feira;15:30:00;PR;376;603,7;CURITIBA;Não;Ultrapassagem Indevida;1;Colisão transversal;Com Vítimas Feridas;Pleno dia;Crescente;Céu Claro;Dupla;Reta;Não;1265140;Automóvel;RENAULT/LOGAN EXP 16;2007;Passageiro;Lesões Leves;3;Masculino;0;1;0;0;-25,53068346;-49,32515526;SPRF-PR;DEL01-PR;UOP03-DEL01-PR
711245;1585404;12/08/2025;terça-feira;15:30:00;PR;376;603,7;CURITIBA;Não;Ultrapassagem Indevida;3;Capotamento;Com Vítimas Feridas;Pleno dia;Crescente;Céu Claro;Dupla;Reta;Não;1265140;Automóvel;RENAULT/LOGAN EXP 16;2007;Passageiro;Lesões Leves;3;Masculino;0;1;0;0;-25,53068346;-49,32515526;SPRF-PR;DEL01-PR;UOP03-DEL01-PR
711245;1585404;12/08/2025;terça-feira;15:30:00;PR;376;603,7;CURITIBA;Não;Ultrapassagem Indevida;2;Saída de leito carroçável;Com Vítimas Feridas;Pleno dia;Crescente;Céu Claro;Dupla;Reta;Não;1265140;Automóvel;RENAULT/LOGAN EXP 16;2007;Passageiro;Lesões Leves;3;Masculino;0;1;0;0;-25,53068346;-49,32515526;SPRF-PR;DEL01-PR;UOP03-DEL01-PR
711245;1585404;12/08/2025;terça-feira;15:30:00;PR;376;603,7;CURITIBA;Sim;Reação tardia ou ineficiente do condutor;1;Colisão transversal;Com Vítimas Feridas;Pleno dia;Crescente;Céu Claro;Dupla;Reta;Não;1265140;Automóvel;RENAULT/LOGAN EXP 16;2007;Passageiro;Lesões Leves;3;Masculino;0;1;0;0;-25,53068346;-49,32515526;SPRF-PR;DEL01-PR;UOP03-DEL01-PR
711245;1585404;12/08/2025;terça-feira;15:30:00;PR;376;603,7;CURITIBA;Sim;Reação tardia ou ineficiente do condutor;3;Capotamento;Com Vítimas Feridas;Pleno dia;Crescente;Céu Claro;Dupla;Reta;Não;1265140;Automóvel;RENAULT/LOGAN EXP 16;2007;Passageiro;Lesões Leves;3;Masculino;0;1;0;0;-25,53068346;-49,32515526;SPRF-PR;DEL01-PR;UOP03-DEL01-PR
711245;1585404;12/08/2025;terça-feira;15:30:00;PR;376;603,7;CURITIBA;Sim;Reação tardia ou ineficiente do condutor;2;Saída de leito carroçável;Com Vítimas Feridas;Pleno dia;Crescente;Céu Claro;Dupla;Reta;Não;1265140;Automóvel;RENAULT/LOGAN EXP 16;2007;Passageiro;Lesões Leves;3;Masculino;0;1;0;0;-25,53068346;-49,32515526;SPRF-PR;DEL01-PR;UOP03-DEL01-PR
711245;1585404;12/08/2025;terça-feira;15:30:00;PR;376;603,7;CURITIBA;Não;Avarias e/ou desgaste excessivo no pneu;1;Colisão transversal;Com Vítimas Feridas;Pleno dia;Crescente;Céu Claro;Dupla;Reta;Não;1265140;Automóvel;RENAULT/LOGAN EXP 16;2007;Passageiro;Lesões Leves;3;Masculino;0;1;0;0;-25,53068346;-49,32515526;SPRF-PR;DEL01-PR;UOP03-DEL01-PR
711245;1585404;12/08/2025;terça-feira;15:30:00;PR;376;603,7;CURITIBA;Não;Avarias e/ou desgaste excessivo no pneu;3;Capotamento;Com Vítimas Feridas;Pleno dia;Crescente;Céu Claro;Dupla;Reta;Não;1265140;Automóvel;RENAULT/LOGAN EXP 16;2007;Passageiro;Lesões Leves;3;Masculino;0;1;0;0;-25,53068346;-49,32515526;SPRF-PR;DEL01-PR;UOP03-DEL01-PR
711245;1585404;12/08/2025;terça-feira;15:30:00;PR;376;603,7;CURITIBA;Não;Avarias e/ou desgaste excessivo no pneu;2;Saída de leito carroçável;Com Vítimas Feridas;Pleno dia;Crescente;Céu Claro;Dupla;Reta;Não;1265140;Automóvel;RENAULT/LOGAN EXP 16;2007;Passageiro;Lesões Leves;3;Masculino;0;1;0;0;-25,53068346;-49,32515526;SPRF-PR;DEL01-PR;UOP03-DEL01-PR
711245;1585404;12/08/2025;terça-feira;15:30:00;PR;376;603,7;CURITIBA;Não;Manobra de mudança de faixa;1;Colisão transversal;Com Vítimas Feridas;Pleno dia;Crescente;Céu Claro;Dupla;Reta;Não;1265140;Automóvel;RENAULT/LOGAN EXP 16;2007;Passageiro;Lesões Leves;3;Masculino;0;1;0;0;-25,53068346;-49,32515526;SPRF-PR;DEL01-PR;UOP03-DEL01-PR
711245;1585404;12/08/2025;terça-feira;15:30:00;PR;376;603,7;CURITIBA;Não;Manobra de mudança de faixa;3;Capotamento;Com Vítimas Feridas;Pleno dia;Crescente;Céu Claro;Dupla;Reta;Não;1265140;Automóvel;RENAULT/LOGAN EXP 16;2007;Passageiro;Lesões Leves;3;Masculino;0;1;0;0;-25,53068346;-49,32515526;SPRF-PR;DEL01-PR;UOP03-DEL01-PR
711245;1585404;12/08/2025;terça-feira;15:30:00;PR;376;603,7;CURITIBA;Não;Manobra de mudança de faixa;2;Saída de leito carroçável;Com Vítimas Feridas;Pleno dia;Crescente;Céu Claro;Dupla;Reta;Não;1265140;Automóvel;RENAULT/LOGAN EXP 16;2007;Passageiro;Lesões Leves;3;Masculino;0;1;0;0;-25,53068346;-49,32515526;SPRF-PR;DEL01-PR;UOP03-DEL01-PR
711382;1585822;13/08/2025;quarta-feira;07:05:00;PR;369;16,7;CAMBARA;Sim;Demais Fenômenos da natureza;4;Colisão traseira;Com Vítimas Feridas;Pleno dia;Decrescente;Sol;Simples;"Aclive;Reta";Não;1265457;Automóvel;CHEV/ONIX JOY;2019;Passageiro;Ileso;10;Feminino;1;0;0;0;-23,03048;-50,05005;SPRF-PR;DEL07-PR;UOP05-DEL07-PR
711382;1585822;13/08/2025;quarta-feira;07:05:00;PR;369;16,7;CAMBARA;Sim;Demais Fenômenos da natureza;3;Colisão traseira;Com Vítimas Feridas;Pleno dia;Decrescente;Sol;Simples;"Aclive;Reta";Não;1265457;Automóvel;CHEV/ONIX JOY;2019;Passageiro;Ileso;10;Feminino;1;0;0;0;-23,03048;-50,05005;SPRF-PR;DEL07-PR;UOP05-DEL07-PR
711382;1585822;13/08/2025;quarta-feira;07:05:00;PR;369;16,7;CAMBARA;Sim;Demais Fenômenos da natureza;2;Colisão com objeto;Com Vítimas Feridas;Pleno dia;Decrescente;Sol;Simples;"Aclive;Reta";Não;1265457;Automóvel;CHEV/ONIX JOY;2019;Passageiro;Ileso;10;Feminino;1;0;0;0;-23,03048;-50,05005;SPRF-PR;DEL07-PR;UOP05-DEL07-PR
711382;1585822;13/08/2025;quarta-feira;07:05:00;PR;369;16,7;CAMBARA;Sim;Demais Fenômenos da natureza;1;Saída de leito carroçável;Com Vítimas Feridas;Pleno dia;Decrescente;Sol;Simples;"Aclive;Reta";Não;1265457;Automóvel;CHEV/ONIX JOY;2019;Passageiro;Ileso;10;Feminino;1;0;0;0;-23,03048;-50,05005;SPRF-PR;DEL07-PR;UOP05-DEL07-PR
711573;1586221;14/08/2025;quinta-feira;08:43:00;PR;163;248;TOLEDO;Sim;Ausência de reação do condutor;2;Capotamento;Com Vítimas Feridas;Pleno dia;Decrescente;Céu Claro;Dupla;Reta;Não;1265830;Automóvel;TOYOTA/ETIOS SD PLATINUM;2014;Passageiro;Ileso;2;Feminino;1;0;0;0;-24,67867099;-53,79244745;SPRF-PR;DEL06-PR;UOP02-DEL06-PR
711573;1586221;14/08/2025;quinta-feira;08:43:00;PR;163;248;TOLEDO;Sim;Ausência de reação do condutor;1;Saída de leito carroçável;Com Vítimas Feridas;Pleno dia;Decrescente;Céu Claro;Dupla;Reta;Não;1265830;Automóvel;TOYOTA/ETIOS SD PLATINUM;2014;Passageiro;Ileso;2;Feminino;1;0;0;0;-24,67867099;-53,79244745;SPRF-PR;DEL06-PR;UOP02-DEL06-PR
711588;1586415;14/08/2025;quinta-feira;12:30:00;PR;153;24,6;JACAREZINHO;Sim;Acessar a via sem observar a presença dos outros veículos;1;Colisão transversal;Com Vítimas Feridas;Pleno dia;Crescente;Céu Claro;Simples;Interseção de Vias;Sim;1265864;Automóvel;FIAT/PALIO FIRE FLEX;2008;Passageiro;Lesões Leves;4;Feminino;0;1;0;0;-23,18842573;-49,98590168;SPRF-PR;DEL07-PR;UOP04-DEL07-PR
711588;1586412;14/08/2025;quinta-feira;12:30:00;PR;153;24,6;JACAREZINHO;Sim;Acessar a via sem observar a presença dos outros veículos;1;Colisão transversal;Com Vítimas Feridas;Pleno dia;Crescente;Céu Claro;Simples;Interseção de Vias;Sim;1265864;Automóvel;FIAT/PALIO FIRE FLEX;2008;Passageiro;Lesões Leves;9;Masculino;0;1;0;0;-23,18842573;-49,98590168;SPRF-PR;DEL07-PR;UOP04-DEL07-PR
711601;1586356;14/08/2025;quinta-feira;13:15:00;PR;116;145,9;MANDIRITUBA;Não;Reação tardia ou ineficiente do condutor;1;Colisão frontal;Com Vítimas Feridas;Pleno dia;Crescente;Nublado;Simples;"Reta;Declive";Não;1265938;Automóvel;HONDA/CITY EXL CVT;2014;Passageiro;Lesões Leves;6;Masculino;0;1;0;0;-25,814688;-49,330325;SPRF-PR;DEL01-PR;UOP03-DEL01-PR
711601;1586362;14/08/2025;quinta-feira;13:15:00;PR;116;145,9;MANDIRITUBA;Não;Reação tardia ou ineficiente do condutor;1;Colisão frontal;Com Vítimas Feridas;Pleno dia;Crescente;Nublado;Simples;"Reta;Declive";Não;1265939;Automóvel;RENAULT/KWID ZEN 2;2023;Passageiro;Lesões Graves;1;Feminino;0;0;1;0;-25,814688;-49,330325;SPRF-PR;DEL01-PR;UOP03-DEL01-PR
711601;1586356;14/08/2025;quinta-feira;13:15:00;PR;116;145,9;MANDIRITUBA;Sim;Transitar na contramão;1;Colisão frontal;Com Vítimas Feridas;Pleno dia;Crescente;Nublado;Simples;"Reta;Declive";Não;1265938;Automóvel;HONDA/CITY EXL CVT;2014;Passageiro;Lesões Leves;6;Masculino;0;1;0;0;-25,814688;-49,330325;SPRF-PR;DEL01-PR;UOP03-DEL01-PR
711601;1586362;14/08/2025;quinta-feira;13:15:00;PR;116;145,9;MANDIRITUBA;Sim;Transitar na contramão;1;Colisão frontal;Com Vítimas Feridas;Pleno dia;Crescente;Nublado;Simples;"Reta;Declive";Não;1265939;Automóvel;RENAULT/KWID ZEN 2;2023;Passageiro;Lesões Graves;1;Feminino;0;0;1;0;-25,814688;-49,330325;SPRF-PR;DEL01-PR;UOP03-DEL01-PR
712028;1587369;16/08/2025;sábado;15:45:00;PR;116;129;FAZENDA RIO GRANDE;Sim;Reação tardia ou ineficiente do condutor;1;Colisão traseira;Sem Vítimas;Pleno dia;Crescente;Céu Claro;Dupla;"Declive;Reta";Sim;1266720;Automóvel;I/VW JETTA TL MF;2016;Passageiro;Ileso;4;Masculino;1;0;0;0;-25,69505994;-49,28964615;SPRF-PR;DEL01-PR;UOP03-DEL01-PR
712028;1587367;16/08/2025;sábado;15:45:00;PR;116;129;FAZENDA RIO GRANDE;Sim;Reação tardia ou ineficiente do condutor;1;Colisão traseira;Sem Vítimas;Pleno dia;Crescente;Céu Claro;Dupla;"Declive;Reta";Sim;1266720;Automóvel;I/VW JETTA TL MF;2016;Passageiro;Ileso;10;Masculino;1;0;0;0;-25,69505994;-49,28964615;SPRF-PR;DEL01-PR;UOP03-DEL01-PR