id;pesid;data_inversa;dia_semana;horario;uf;br;km;municipio;causa_principal;causa_acidente;ordem_tipo_acidente;tipo_acidente;classificacao_acidente;fase_dia;sentido_via;condicao_metereologica;tipo_pista;tracado_via;uso_solo;id_veiculo;tipo_veiculo;marca;ano_fabricacao_veiculo;tipo_envolvido;estado_fisico;idade;sexo;ilesos;feridos_leves;feridos_graves;mortos;latitude;longitude;regional;delegacia;uop
712053;1592046;16/08/2025;sábado;15:50:00;PR;153;3,8;JACAREZINHO;Sim;Acessar a via sem observar a presença dos outros veículos;1;Colisão transversal;Com Vítimas Feridas;Pleno dia;Crescente;Céu Claro;Simples;Reta;Não;1266748;Caminhonete;FIAT/TORO VOLCANO AT D4;2018;Passageiro;Ileso;12;Masculino;1;0;0;0;-23,02564902;-49,9145118;SPRF-PR;DEL07-PR;UOP04-DEL07-PR
712201;1588441;17/08/2025;domingo;08:20:00;PR;272;564,9;GUAIRA;Sim;Ausência de reação do condutor;1;Engavetamento;Com Vítimas Feridas;Pleno dia;Crescente;Céu Claro;Simples;Reta;Não;1267482;Automóvel;CHEVROLET/CLASSIC LS;2011;Passageiro;Ileso;13;Masculino;1;0;0;0;-24,09697119;-54,20950413;SPRF-PR;DEL06-PR;UOP01-DEL06-PR
712201;1588428;17/08/2025;domingo;08:20:00;PR;272;564,9;GUAIRA;Sim;Ausência de reação do condutor;1;Engavetamento;Com Vítimas Feridas;Pleno dia;Crescente;Céu Claro;Simples;Reta;Não;1267479;Automóvel;CHEV/SPIN 1.8L AT ACT;2017;Passageiro;Ileso;13;Masculino;1;0;0;0;-24,09697119;-54,20950413;SPRF-PR;DEL06-PR;UOP01-DEL06-PR
712273;1588010;17/08/2025;domingo;17:14:00;PR;277;121;CAMPO LARGO;Sim;Reação tardia ou ineficiente do condutor;1;Colisão traseira;Sem Vítimas;Pleno dia;Decrescente;Céu Claro;Dupla;Reta;Não;1267205;Automóvel;FIAT/IDEA ADVENTURE 1.8;2012;Passageiro;Ileso;16;Feminino;1;0;0;0;-25,44468;-49,49815;SPRF-PR;DEL03-PR;UOP03-DEL03-PR
712301;1589864;17/08/2025;domingo;18:30:00;PR;376;188;MARIALVA;Sim;Ingestão de álcool pelo condutor;1;Engavetamento;Com Vítimas Feridas;Anoitecer;Crescente;Céu Claro;Dupla;"Retorno Regulamentado;Reta";Não;1267349;Automóvel;FIAT/PALIO ED;1996;Passageiro;Ileso;8;Masculino;1;0;0;0;-23,458322;-51,842075;SPRF-PR;DEL09-PR;UOP01-DEL09-PR
712301;1589857;17/08/2025;domingo;18:30:00;PR;376;188;MARIALVA;Sim;Ingestão de álcool pelo condutor;1;Engavetamento;Com Vítimas Feridas;Anoitecer;Crescente;Céu Claro;Dupla;"Retorno Regulamentado;Reta";Não;1267349;Automóvel;FIAT/PALIO ED;1996;Passageiro;Ileso;14;Masculino;1;0;0;0;-23,458322;-51,842075;SPRF-PR;DEL09-PR;UOP01-DEL09-PR
712453;1588467;18/08/2025;segunda-feira;11:00:00;PR;116;16,8;CAMPINA GRANDE DO SUL;Sim;Ausência de reação do condutor;2;Capotamento;Com Vítimas Feridas;Pleno dia;Decrescente;Garoa/Chuvisco;Dupla;Curva;Não;1267514;Caminhonete;I/FORD RANGER XL CD4 22H;2015;Passageiro;Ileso;13;Feminino;1;0;0;0;-25,1030812;-48,7007021;SPRF-PR;DEL01-PR;UOP02-DEL01-PR
712453;1588467;18/08/2025;segunda-feira;11:00:00;PR;116;16,8;CAMPINA GRANDE DO SUL;Sim;Ausência de reação do condutor;1;Saída de leito carroçável;Com Vítimas Feridas;Pleno dia;Decrescente;Garoa/Chuvisco;Dupla;Curva;Não;1267514;Caminhonete;I/FORD RANGER XL CD4 22H;2015;Passageiro;Ileso;13;Feminino;1;0;0;0;-25,1030812;-48,7007021;SPRF-PR;DEL01-PR;UOP02-DEL01-PR
712453;1588467;18/08/2025;segunda-feira;11:00:00;PR;116;16,8;CAMPINA GRANDE DO SUL;Não;Pista Escorregadia;2;Capotamento;Com Vítimas Feridas;Pleno dia;Decrescente;Garoa/Chuvisco;Dupla;Curva;Não;1267514;Caminhonete;I/FORD RANGER XL CD4 22H;2015;Passageiro;Ileso;13;Feminino;1;0;0;0;-25,1030812;-48,7007021;SPRF-PR;DEL01-PR;UOP02-DEL01-PR
712453;1588467;18/08/2025;segunda-feira;11:00:00;PR;116;16,8;CAMPINA GRANDE DO SUL;Não;Pista Escorregadia;1;Saída de leito carroçável;Com Vítimas Feridas;Pleno dia;Decrescente;Garoa/Chuvisco;Dupla;Curva;Não;1267514;Caminhonete;I/FORD RANGER XL CD4 22H;2015;Passageiro;Ileso;13;Feminino;1;0;0;0;-25,1030812;-48,7007021;SPRF-PR;DEL01-PR;UOP02-DEL01-PR
712547;1588797;18/08/2025;segunda-feira;20:50:00;PR;163;352;GUAIRA;Sim;Condutor deixou de manter distância do veículo da frente;1;Colisão traseira;Com Vítimas Feridas;Plena Noite;Decrescente;Ignorado;Simples;"Ponte;Reta";Não;1267778;Camioneta;IMP/TOYOTA HILUX 4X4 CS;2024;Passageiro;Ileso;1;Feminino;1;0;0;0;-24,06263642;-54,2549074;SPRF-PR;DEL06-PR;UOP01-DEL06-PR
712705;1589197;19/08/2025;terça-feira;17:25:00;PR;376;169;MARINGA;Sim;Ausência de reação do condutor;1;Engavetamento;Com Vítimas Feridas;Pleno dia;Decrescente;Céu Claro;Dupla;"Aclive;Reta";Não;1268116;Automóvel;VW/GOL 1.0 GIV;2012;Passageiro;Lesões Leves;0;Masculino;0;1;0;0;-23,40101042;-51,99931495;SPRF-PR;DEL09-PR;UOP01-DEL09-PR
712705;1589196;19/08/2025;terça-feira;17:25:00;PR;376;169;MARINGA;Sim;Ausência de reação do condutor;1;Engavetamento;Com Vítimas Feridas;Pleno dia;Decrescente;Céu Claro;Dupla;"Aclive;Reta";Não;1268116;Automóvel;VW/GOL 1.0 GIV;2012;Passageiro;Lesões Leves;6;Feminino;0;1;0;0;-23,40101042;-51,99931495;SPRF-PR;DEL09-PR;UOP01-DEL09-PR
713222;1590353;22/08/2025;sexta-feira;09:00:00;PR;376;634;SAO JOSE DOS PINHAIS;Sim;Acessar a via sem observar a presença dos outros veículos;2;Colisão lateral mesmo sentido;Sem Vítimas;Pleno dia;Decrescente;Nublado;Dupla;Reta;Não;1269081;Automóvel;CHEVROLET/CLASSIC LS;2012;Passageiro;Ileso;13;Feminino;1;0;0;0;-25,72367351;-49,13549423;SPRF-PR;DEL01-PR;UOP04-DEL01-PR
713222;1590353;22/08/2025;sexta-feira;09:00:00;PR;376;634;SAO JOSE DOS PINHAIS;Sim;Acessar a via sem observar a presença dos outros veículos;1;Saída de leito carroçável;Sem Vítimas;Pleno dia;Decrescente;Nublado;Dupla;Reta;Não;1269081;Automóvel;CHEVROLET/CLASSIC LS;2012;Passageiro;Ileso;13;Feminino;1;0;0;0;-25,72367351;-49,13549423;SPRF-PR;DEL01-PR;UOP04-DEL01-PR
713340;1592686;22/08/2025;sexta-feira;19:30:00;PR;373;415;FOZ DO JORDAO;Não;Velocidade Incompatível;2;Saída de leito carroçável;Com Vítimas Feridas;Plena Noite;Crescente;Céu Claro;Simples;Reta;Sim;1269328;Automóvel;PEUGEOT/206 14 PRESEN FX;2007;Passageiro;Ileso;14;Feminino;1;0;0;0;-25,66990576;-52,12320535;SPRF-PR;DEL08-PR;UOP01-DEL08-PR
713340;1592686;22/08/2025;sexta-feira;19:30:00;PR;373;415;FOZ DO JORDAO;Não;Velocidade Incompatível;1;Colisão transversal;Com Vítimas Feridas;Plena Noite;Crescente;Céu Claro;Simples;Reta;Sim;1269328;Automóvel;PEUGEOT/206 14 PRESEN FX;2007;Passageiro;Ileso;14;Feminino;1;0;0;0;-25,66990576;-52,12320535;SPRF-PR;DEL08-PR;UOP01-DEL08-PR
713340;1592686;22/08/2025;sexta-feira;19:30:00;PR;373;415;FOZ DO JORDAO;Sim;Condutor deixou de manter distância do veículo da frente;2;Saída de leito carroçável;Com Vítimas Feridas;Plena Noite;Crescente;Céu Claro;Simples;Reta;Sim;1269328;Automóvel;PEUGEOT/206 14 PRESEN FX;2007;Passageiro;Ileso;14;Feminino;1;0;0;0;-25,66990576;-52,12320535;SPRF-PR;DEL08-PR;UOP01-DEL08-PR
713340;1592686;22/08/2025;sexta-feira;19:30:00;PR;373;415;FOZ DO JORDAO;Sim;Condutor deixou de manter distância do veículo da frente;1;Colisão transversal;Com Vítimas Feridas;Plena Noite;Crescente;Céu Claro;Simples;Reta;Sim;1269328;Automóvel;PEUGEOT/206 14 PRESEN FX;2007;Passageiro;Ileso;14;Feminino;1;0;0;0;-25,66990576;-52,12320535;SPRF-PR;DEL08-PR;UOP01-DEL08-PR
713340;1592686;22/08/2025;sexta-feira;19:30:00;PR;373;415;FOZ DO JORDAO;Não;Reação tardia ou ineficiente do condutor;2;Saída de leito carroçável;Com Vítimas Feridas;Plena Noite;Crescente;Céu Claro;Simples;Reta;Sim;1269328;Automóvel;PEUGEOT/206 14 PRESEN FX;2007;Passageiro;Ileso;14;Feminino;1;0;0;0;-25,66990576;-52,12320535;SPRF-PR;DEL08-PR;UOP01-DEL08-PR
713340;1592686;22/08/2025;sexta-feira;19:30:00;PR;373;415;FOZ DO JORDAO;Não;Reação tardia ou ineficiente do condutor;1;Colisão transversal;Com Vítimas Feridas;Plena Noite;Crescente;Céu Claro;Simples;Reta;Sim;1269328;Automóvel;PEUGEOT/206 14 PRESEN FX;2007;Passageiro;Ileso;14;Feminino;1;0;0;0;-25,66990576;-52,12320535;SPRF-PR;DEL08-PR;UOP01-DEL08-PR
713446;1593106;23/08/2025;sábado;07:45:00;PR;277;45;MORRETES;Sim;Manobra de mudança de faixa;1;Capotamento;Com Vítimas Feridas;Pleno dia;Decrescente;Céu Claro;Dupla;"Reta;Declive";Não;1269531;Automóvel;I/PEUGEOT 3008 GRIFFE AT;2019;Passageiro;Lesões Leves;9;Feminino;0;1;0;0;-25,59608;-48,898937;SPRF-PR;DEL01-PR;UOP05-DEL01-PR
713558;1591276;23/08/2025;sábado;18:25:00;PR;158;532,8;PATO BRANCO;Não;Reação tardia ou ineficiente do condutor;1;Colisão traseira;Sem Vítimas;Plena Noite;Decrescente;Chuva;Dupla;Interseção de Vias;Não;1269818;Utilitário;I/VW TIGUAN 2.0 TSI;2013;Passageiro;Ileso;5;Masculino;1;0;0;0;-26,21949458;-52,68225281;SPRF-PR;DEL02-PR;UOP01-DEL02-PR
713558;1591276;23/08/2025;sábado;18:25:00;PR;158;532,8;PATO BRANCO;Sim;Ingestão de álcool pelo condutor;1;Colisão traseira;Sem Vítimas;Plena Noite;Decrescente;Chuva;Dupla;Interseção de Vias;Não;1269818;Utilitário;I/VW TIGUAN 2.0 TSI;2013;Passageiro;Ileso;5;Masculino;1;0;0;0;-26,21949458;-52,68225281;SPRF-PR;DEL02-PR;UOP01-DEL02-PR
713733;1592688;24/08/2025;domingo;10:50:00;PR;277;122;CAMPO LARGO;Sim;Demais falhas mecânicas ou elétricas;1;Queda de ocupante de veículo;Com Vítimas Feridas;Pleno dia;Decrescente;Céu Claro;Dupla;Reta;Sim;1270086;Caminhão;M.BENZ/L 1113;1977;Passageiro;Ileso;10;Masculino;1;0;0;0;-25,44381715;-49,50501546;SPRF-PR;DEL03-PR;UOP03-DEL03-PR
713733;1591622;24/08/2025;domingo;10:50:00;PR;277;122;CAMPO LARGO;Sim;Demais falhas mecânicas ou elétricas;1;Queda de ocupante de veículo;Com Vítimas Feridas;Pleno dia;Decrescente;Céu Claro;Dupla;Reta;Sim;1270086;Caminhão;M.BENZ/L 1113;1977;Passageiro;Lesões Graves;9;Masculino;0;0;1;0;-25,44381715;-49,50501546;SPRF-PR;DEL03-PR;UOP03-DEL03-PR
713734;1591607;24/08/2025;domingo;11:20:00;PR;116;9;CAMPINA GRANDE DO SUL;Sim;Ausência de reação do condutor;1;Capotamento;Com Vítimas Feridas;Pleno dia;Crescente;Chuva;Dupla;Curva;Não;1270077;Caminhonete;GM/S10 ADVANTAGE D;2010;Passageiro;Lesões Leves;0;Feminino;0;1;0;0;-25,083;-48,638;SPRF-PR;DEL01-PR;UOP02-DEL01-PR
713764;1591669;24/08/2025;domingo;15:30:00;PR;163;177;LINDOESTE;Sim;Chuva;2;Saída de leito carroçável;Com Vítimas Feridas;Pleno dia;Crescente;Chuva;Dupla;Curva;Não;1270116;Automóvel;CHEV/PRISMA 1.4AT LT;2017;Passageiro;Lesões Leves;9;Feminino;0;1;0;0;-25,173085;-53,603642;SPRF-PR;DEL05-PR;UOP05-DEL05-PR
713764;1591669;24/08/2025;domingo;15:30:00;PR;163;177;LINDOESTE;Sim;Chuva;1;Colisão lateral mesmo sentido;Com Vítimas Feridas;Pleno dia;Crescente;Chuva;Dupla;Curva;Não;1270116;Automóvel;CHEV/PRISMA 1.4AT LT;2017;Passageiro;Lesões Leves;9;Feminino;0;1;0;0;-25,173085;-53,603642;SPRF-PR;DEL05-PR;UOP05-DEL05-PR
713837;1591809;24/08/2025;domingo;20:20:00;PR;116;144,4;MANDIRITUBA;Sim;Pista Escorregadia;2;Queda de ocupante de veículo;Com Vítimas Feridas;Plena Noite;Decrescente;Chuva;Simples;Reta;Não;1270214;Motocicleta;HONDA/CG 160 FAN;2022;Passageiro;Lesões Leves;14;Feminino;0;1;0;0;-25,802601;-49,328724;SPRF-PR;DEL01-PR;UOP03-DEL01-PR
713837;1591809;24/08/2025;domingo;20:20:00;PR;116;144,4;MANDIRITUBA;Sim;Pista Escorregadia;1;Tombamento;Com Vítimas Feridas;Plena Noite;Decrescente;Chuva;Simples;Reta;Não;1270214;Motocicleta;HONDA/CG 160 FAN;2022;Passageiro;Lesões Leves;14;Feminino;0;1;0;0;-25,802601;-49,328724;SPRF-PR;DEL01-PR;UOP03-DEL01-PR
713842;1595670;24/08/2025;domingo;20:45:00;PR;277;47;MORRETES;Sim;Demais falhas mecânicas ou elétricas;1;Incêndio;Sem Vítimas;Plena Noite;Crescente;Nublado;Múltipla;"Reta;Aclive";Não;1270257;Automóvel;VW/GOL 1.0;2001;Passageiro;Ileso;6;Masculino;1;0;0;0;-25,59656129;-48,90057564;SPRF-PR;DEL01-PR;UOP05-DEL01-PR
713842;1595667;24/08/2025;domingo;20:45:00;PR;277;47;MORRETES;Sim;Demais falhas mecânicas ou elétricas;1;Incêndio;Sem Vítimas;Plena Noite;Crescente;Nublado;Múltipla;"Reta;Aclive";Não;1270257;Automóvel;VW/GOL 1.0;2001;Passageiro;Ileso;11;Feminino;1;0;0;0;-25,59656129;-48,90057564;SPRF-PR;DEL01-PR;UOP05-DEL01-PR
713842;1595666;24/08/2025;domingo;20:45:00;PR;277;47;MORRETES;Sim;Demais falhas mecânicas ou elétricas;1;Incêndio;Sem Vítimas;Plena Noite;Crescente;Nublado;Múltipla;"Reta;Aclive";Não;1270257;Automóvel;VW/GOL 1.0;2001;Passageiro;Ileso;15;Feminino;1;0;0;0;-25,59656129;-48,90057564;SPRF-PR;DEL01-PR;UOP05-DEL01-PR
713842;1595665;24/08/2025;domingo;20:45:00;PR;277;47;MORRETES;Sim;Demais falhas mecânicas ou elétricas;1;Incêndio;Sem Vítimas;Plena Noite;Crescente;Nublado;Múltipla;"Reta;Aclive";Não;1270257;Automóvel;VW/GOL 1.0;2001;Passageiro;Ileso;15;Masculino;1;0;0;0;-25,59656129;-48,90057564;SPRF-PR;DEL01-PR;UOP05-DEL01-PR
713902;1593420;25/08/2025;segunda-feira;07:00:00;PR;116;166;QUITANDINHA;Não;Ausência de reação do condutor;1;Colisão transversal;Com Vítimas Feridas;Pleno dia;Crescente;Céu Claro;Simples;Reta;Não;1270629;Automóvel;FIAT/PALIO FIRE ECONOMY;2009;Passageiro;Lesões Leves;8;Masculino;0;1;0;0;-25,874627;-49,480952;SPRF-PR;DEL01-PR;UOP03-DEL01-PR
713902;1593420;25/08/2025;segunda-feira;07:00:00;PR;116;166;QUITANDINHA;Sim;Acessar a via sem observar a presença dos outros veículos;1;Colisão transversal;Com Vítimas Feridas;Pleno dia;Crescente;Céu Claro;Simples;Reta;Não;1270629;Automóvel;FIAT/PALIO FIRE ECONOMY;2009;Passageiro;Lesões Leves;8;Masculino;0;1;0;0;-25,874627;-49,480952;SPRF-PR;DEL01-PR;UOP03-DEL01-PR
713960;1594133;25/08/2025;segunda-feira;13:00:00;PR;277;451,5;LARANJEIRAS DO SUL;Sim;Desrespeitar a preferência no cruzamento;1;Colisão transversal;Com Vítimas Feridas;Pleno dia;Crescente;Sol;Simples;Interseção de Vias;Não;1270461;Automóvel;HONDA/CIVIC LXS FLEX;2009;Passageiro;Lesões Leves;0;Feminino;0;1;0;0;-25,37442958;-52,38870263;SPRF-PR;DEL04-PR;UOP02-DEL04-PR
714046;1592356;25/08/2025;segunda-feira;18:30:00;PR;373;171,9;PONTA GROSSA;Sim;Condutor Dormindo;1;Colisão com objeto;Com Vítimas Feridas;Anoitecer;Decrescente;Céu Claro;Dupla;Curva;Sim;1270649;Automóvel;FIAT/PALIO ESSENC 1.6 DL;2012;Passageiro;Lesões Graves;5;Feminino;0;0;1;0;-25,08168198;-50,19007123;SPRF-PR;DEL03-PR;UOP01-DEL03-PR
714084;1592455;26/08/2025;terça-feira;07:45:00;PR;163;35,8;SANTO ANTONIO DO SUDOESTE;Sim;Acesso irregular;3;Queda de ocupante de veículo;Com Vítimas Feridas;Pleno dia;Decrescente;Nublado;Simples;Rotatória;Sim;1270744;Bicicleta;Não Informado/Não Informado;0;Condutor;Lesões Graves;15;Masculino;0;0;1;0;-26,059422;-53,719712;SPRF-PR;DEL02-PR;UOP02-DEL02-PR
714084;1592455;26/08/2025;terça-feira;07:45:00;PR;163;35,8;SANTO ANTONIO DO SUDOESTE;Sim;Acesso irregular;2;Tombamento;Com Vítimas Feridas;Pleno dia;Decrescente;Nublado;Simples;Rotatória;Sim;1270744;Bicicleta;Não Informado/Não Informado;0;Condutor;Lesões Graves;15;Masculino;0;0;1;0;-26,059422;-53,719712;SPRF-PR;DEL02-PR;UOP02-DEL02-PR
714084;1592455;26/08/2025;terça-feira;07:45:00;PR;163;35,8;SANTO ANTONIO DO SUDOESTE;Sim;Acesso irregular;1;Colisão frontal;Com Vítimas Feridas;Pleno dia;Decrescente;Nublado;Simples;Rotatória;Sim;1270744;Bicicleta;Não Informado/Não Informado;0;Condutor;Lesões Graves;15;Masculino;0;0;1;0;-26,059422;-53,719712;SPRF-PR;DEL02-PR;UOP02-DEL02-PR
714157;1592584;26/08/2025;terça-feira;07:15:00;PR;376;501;PONTA GROSSA;Não;Chuva;3;Capotamento;Com Vítimas Feridas;Pleno dia;Decrescente;Chuva;Dupla;"Reta;Ponte";Não;1270857;Automóvel;FIAT/ARGO DRIVE 1.0;2019;Passageiro;Lesões Leves;6;Masculino;0;1;0;0;-25,1624679;-50,123107;SPRF-PR;DEL03-PR;UOP04-DEL03-PR
714157;1592584;26/08/2025;terça-feira;07:15:00;PR;376;501;PONTA GROSSA;Não;Chuva;2;Colisão com objeto;Com Vítimas Feridas;Pleno dia;Decrescente;Chuva;Dupla;"Reta;Ponte";Não;1270857;Automóvel;FIAT/ARGO DRIVE 1.0;2019;Passageiro;Lesões Leves;6;Masculino;0;1;0;0;-25,1624679;-50,123107;SPRF-PR;DEL03-PR;UOP04-DEL03-PR
714157;1592584;26/08/2025;terça-feira;07:15:00;PR;376;501;PONTA GROSSA;Não;Chuva;1;Saída de leito carroçável;Com Vítimas Feridas;Pleno dia;Decrescente;Chuva;Dupla;"Reta;Ponte";Não;1270857;Automóvel;FIAT/ARGO DRIVE 1.0;2019;Passageiro;Lesões Leves;6;Masculino;0;1;0;0;-25,1624679;-50,123107;SPRF-PR;DEL03-PR;UOP04-DEL03-PR
714157;1592584;26/08/2025;terça-feira;07:15:00;PR;376;501;PONTA GROSSA;Sim;Reação tardia ou ineficiente do condutor;3;Capotamento;Com Vítimas Feridas;Pleno dia;Decrescente;Chuva;Dupla;"Reta;Ponte";Não;1270857;Automóvel;FIAT/ARGO DRIVE 1.0;2019;Passageiro;Lesões Leves;6;Masculino;0;1;0;0;-25,1624679;-50,123107;SPRF-PR;DEL03-PR;UOP04-DEL03-PR
714157;1592584;26/08/2025;terça-feira;07:15:00;PR;376;501;PONTA GROSSA;Sim;Reação tardia ou ineficiente do condutor;2;Colisão com objeto;Com Vítimas Feridas;Pleno dia;Decrescente;Chuva;Dupla;"Reta;Ponte";Não;1270857;Automóvel;FIAT/ARGO DRIVE 1.0;2019;Passageiro;Lesões Leves;6;Masculino;0;1;0;0;-25,1624679;-50,123107;SPRF-PR;DEL03-PR;UOP04-DEL03-PR
714157;1592584;26/08/2025;terça-feira;07:15:00;PR;376;501;PONTA GROSSA;Sim;Reação tardia ou ineficiente do condutor;1;Saída de leito carroçável;Com Vítimas Feridas;Pleno dia;Decrescente;Chuva;Dupla;"Reta;Ponte";Não;1270857;Automóvel;FIAT/ARGO DRIVE 1.0;2019;Passageiro;Lesões Leves;6;Masculino;0;1;0;0;-25,1624679;-50,123107;SPRF-PR;DEL03-PR;UOP04-DEL03-PR
714194;1592702;26/08/2025;terça-feira;16:21:00;PR;116;37,4;CAMPINA GRANDE DO SUL;Não;Falta de elemento de contenção que evite a saída do leito carroçável;3;Colisão transversal;Com Vítimas Feridas;Pleno dia;Decrescente;Chuva;Múltipla;Curva;Não;1270957;Automóvel;FIAT/SIENA 1.6;2015;Passageiro;Lesões Leves;3;Masculino;0;1;0;0;-25,150487;-48,85911;SPRF-PR;DEL01-PR;UOP02-DEL01-PR
714194;1592699;26/08/2025;terça-feira;16:21:00;PR;116;37,4;CAMPINA GRANDE DO SUL;Não;Falta de elemento de contenção que evite a saída do leito carroçável;3;Colisão transversal;Com Vítimas Feridas;Pleno dia;Decrescente;Chuva;Múltipla;Curva;Não;1270957;Automóvel;FIAT/SIENA 1.6;2015;Passageiro;Lesões Leves;11;Masculino;0;1;0;0;-25,150487;-48,85911;SPRF-PR;DEL01-PR;UOP02-DEL01-PR
714194;1592702;26/08/2025;terça-feira;16:21:00;PR;116;37,4;CAMPINA GRANDE DO SUL;Não;Falta de elemento de contenção que evite a saída do leito carroçável;2;Colisão com objeto;Com Vítimas Feridas;Pleno dia;Decrescente;Chuva;Múltipla;Curva;Não;1270957;Automóvel;FIAT/SIENA 1.6;2015;Passageiro;Lesões Leves;3;Masculino;0;1;0;0;-25,150487;-48,85911;SPRF-PR;DEL01-PR;UOP02-DEL01-PR
714194;1592699;26/08/2025;terça-feira;16:21:00;PR;116;37,4;CAMPINA GRANDE DO SUL;Não;Falta de elemento de contenção que evite a saída do leito carroçável;2;Colisão com objeto;Com Vítimas Feridas;Pleno dia;Decrescente;Chuva;Múltipla;Curva;Não;1270957;Automóvel;FIAT/SIENA 1.6;2015;Passageiro;Lesões Leves;11;Masculino;0;1;0;0;-25,150487;-48,85911;SPRF-PR;DEL01-PR;UOP02-DEL01-PR
714194;1592702;26/08/2025;terça-feira;16:21:00;PR;116;37,4;CAMPINA GRANDE DO SUL;Não;Falta de elemento de contenção que evite a saída do leito carroçável;1;Saída de leito carroçável;Com Vítimas Feridas;Pleno dia;Decrescente;Chuva;Múltipla;Curva;Não;1270957;Automóvel;FIAT/SIENA 1.6;2015;Passageiro;Lesões Leves;3;Masculino;0;1;0;0;-25,150487;-48,85911;SPRF-PR;DEL01-PR;UOP02-DEL01-PR
714194;1592699;26/08/2025;terça-feira;16:21:00;PR;116;37,4;CAMPINA GRANDE DO SUL;Não;Falta de elemento de contenção que evite a saída do leito carroçável;1;Saída de leito carroçável;Com Vítimas Feridas;Pleno dia;Decrescente;Chuva;Múltipla;Curva;Não;1270957;Automóvel;FIAT/SIENA 1.6;2015;Passageiro;Lesões Leves;11;Masculino;0;1;0;0;-25,150487;-48,85911;SPRF-PR;DEL01-PR;UOP02-DEL01-PR
714194;1592702;26/08/2025;terça-feira;16:21:00;PR;116;37,4;CAMPINA GRANDE DO SUL;Não;Chuva;3;Colisão transversal;Com Vítimas Feridas;Pleno dia;Decrescente;Chuva;Múltipla;Curva;Não;1270957;Automóvel;FIAT/SIENA 1.6;2015;Passageiro;Lesões Leves;3;Masculino;0;1;0;0;-25,150487;-48,85911;SPRF-PR;DEL01-PR;UOP02-DEL01-PR
714194;1592699;26/08/2025;terça-feira;16:21:00;PR;116;37,4;CAMPINA GRANDE DO SUL;Não;Chuva;3;Colisão transversal;Com Vítimas Feridas;Pleno dia;Decrescente;Chuva;Múltipla;Curva;Não;1270957;Automóvel;FIAT/SIENA 1.6;2015;Passageiro;Lesões Leves;11;Masculino;0;1;0;0;-25,150487;-48,85911;SPRF-PR;DEL01-PR;UOP02-DEL01-PR
714194;1592702;26/08/2025;terça-feira;16:21:00;PR;116;37,4;CAMPINA GRANDE DO SUL;Não;Chuva;2;Colisão com objeto;Com Vítimas Feridas;Pleno dia;Decrescente;Chuva;Múltipla;Curva;Não;1270957;Automóvel;FIAT/SIENA 1.6;2015;Passageiro;Lesões Leves;3;Masculino;0;1;0;0;-25,150487;-48,85911;SPRF-PR;DEL01-PR;UOP02-DEL01-PR
714194;1592699;26/08/2025;terça-feira;16:21:00;PR;116;37,4;CAMPINA GRANDE DO SUL;Não;Chuva;2;Colisão com objeto;Com Vítimas Feridas;Pleno dia;Decrescente;Chuva;Múltipla;Curva;Não;1270957;Automóvel;FIAT/SIENA 1.6;2015;Passageiro;Lesões Leves;11;Masculino;0;1;0;0;-25,150487;-48,85911;SPRF-PR;DEL01-PR;UOP02-DEL01-PR
714194;1592702;26/08/2025;terça-feira;16:21:00;PR;116;37,4;CAMPINA GRANDE DO SUL;Não;Chuva;1;Saída de leito carroçável;Com Vítimas Feridas;Pleno dia;Decrescente;Chuva;Múltipla;Curva;Não;1270957;Automóvel;FIAT/SIENA 1.6;2015;Passageiro;Lesões Leves;3;Masculino;0;1;0;0;-25,150487;-48,85911;SPRF-PR;DEL01-PR;UOP02-DEL01-PR
714194;1592699;26/08/2025;terça-feira;16:21:00;PR;116;37,4;CAMPINA GRANDE DO SUL;Não;Chuva;1;Saída de leito carroçável;Com Vítimas Feridas;Pleno dia;Decrescente;Chuva;Múltipla;Curva;Não;1270957;Automóvel;FIAT/SIENA 1.6;2015;Passageiro;Lesões Leves;11;Masculino;0;1;0;0;-25,150487;-48,85911;SPRF-PR;DEL01-PR;UOP02-DEL01-PR
714194;1592702;26/08/2025;terça-feira;16:21:00;PR;116;37,4;CAMPINA GRANDE DO SUL;Sim;Acumulo de água sobre o pavimento;3;Colisão transversal;Com Vítimas Feridas;Pleno dia;Decrescente;Chuva;Múltipla;Curva;Não;1270957;Automóvel;FIAT/SIENA 1.6;2015;Passageiro;Lesões Leves;3;Masculino;0;1;0;0;-25,150487;-48,85911;SPRF-PR;DEL01-PR;UOP02-DEL01-PR
714194;1592699;26/08/2025;terça-feira;16:21:00;PR;116;37,4;CAMPINA GRANDE DO SUL;Sim;Acumulo de água sobre o pavimento;3;Colisão transversal;Com Vítimas Feridas;Pleno dia;Decrescente;Chuva;Múltipla;Curva;Não;1270957;Automóvel;FIAT/SIENA 1.6;2015;Passageiro;Lesões Leves;11;Masculino;0;1;0;0;-25,150487;-48,85911;SPRF-PR;DEL01-PR;UOP02-DEL01-PR