id;pesid;data_inversa;dia_semana;horario;uf;br;km;municipio;causa_principal;causa_acidente;ordem_tipo_acidente;tipo_acidente;classificacao_acidente;fase_dia;sentido_via;condicao_metereologica;tipo_pista;tracado_via;uso_solo;id_veiculo;tipo_veiculo;marca;ano_fabricacao_veiculo;tipo_envolvido;estado_fisico;idade;sexo;ilesos;feridos_leves;feridos_graves;mortos;latitude;longitude;regional;delegacia;uop
714194;1592702;26/08/2025;terça-feira;16:21:00;PR;116;37,4;CAMPINA GRANDE DO SUL;Sim;Acumulo de água sobre o pavimento;2;Colisão com objeto;Com Vítimas Feridas;Pleno dia;Decrescente;Chuva;Múltipla;Curva;Não;1270957;Automóvel;FIAT/SIENA 1.6;2015;Passageiro;Lesões Leves;3;Masculino;0;1;0;0;-25,150487;-48,85911;SPRF-PR;DEL01-PR;UOP02-DEL01-PR
714194;1592699;26/08/2025;terça-feira;16:21:00;PR;116;37,4;CAMPINA GRANDE DO SUL;Sim;Acumulo de água sobre o pavimento;2;Colisão com objeto;Com Vítimas Feridas;Pleno dia;Decrescente;Chuva;Múltipla;Curva;Não;1270957;Automóvel;FIAT/SIENA 1.6;2015;Passageiro;Lesões Leves;11;Masculino;0;1;0;0;-25,150487;-48,85911;SPRF-PR;DEL01-PR;UOP02-DEL01-PR
714194;1592702;26/08/2025;terça-feira;16:21:00;PR;116;37,4;CAMPINA GRANDE DO SUL;Sim;Acumulo de água sobre o pavimento;1;Saída de leito carroçável;Com Vítimas Feridas;Pleno dia;Decrescente;Chuva;Múltipla;Curva;Não;1270957;Automóvel;FIAT/SIENA 1.6;2015;Passageiro;Lesões Leves;3;Masculino;0;1;0;0;-25,150487;-48,85911;SPRF-PR;DEL01-PR;UOP02-DEL01-PR
714194;1592699;26/08/2025;terça-feira;16:21:00;PR;116;37,4;CAMPINA GRANDE DO SUL;Sim;Acumulo de água sobre o pavimento;1;Saída de leito carroçável;Com Vítimas Feridas;Pleno dia;Decrescente;Chuva;Múltipla;Curva;Não;1270957;Automóvel;FIAT/SIENA 1.6;2015;Passageiro;Lesões Leves;11;Masculino;0;1;0;0;-25,150487;-48,85911;SPRF-PR;DEL01-PR;UOP02-DEL01-PR
714304;1593372;27/08/2025;quarta-feira;06:50:00;PR;369;470,8;CORBELIA;Sim;Condutor Dormindo;3;Colisão lateral sentido oposto;Com Vítimas Feridas;Amanhecer;Crescente;Céu Claro;Simples;Curva;Não;1271512;Automóvel;VW/VIRTUS MF;2019;Passageiro;Lesões Leves;8;Feminino;0;1;0;0;-24,695729;-53,240061;SPRF-PR;DEL04-PR;UOP03-DEL04-PR
714304;1593372;27/08/2025;quarta-feira;06:50:00;PR;369;470,8;CORBELIA;Sim;Condutor Dormindo;2;Colisão frontal;Com Vítimas Feridas;Amanhecer;Crescente;Céu Claro;Simples;Curva;Não;1271512;Automóvel;VW/VIRTUS MF;2019;Passageiro;Lesões Leves;8;Feminino;0;1;0;0;-24,695729;-53,240061;SPRF-PR;DEL04-PR;UOP03-DEL04-PR
714304;1593372;27/08/2025;quarta-feira;06:50:00;PR;369;470,8;CORBELIA;Sim;Condutor Dormindo;1;Colisão lateral sentido oposto;Com Vítimas Feridas;Amanhecer;Crescente;Céu Claro;Simples;Curva;Não;1271512;Automóvel;VW/VIRTUS MF;2019;Passageiro;Lesões Leves;8;Feminino;0;1;0;0;-24,695729;-53,240061;SPRF-PR;DEL04-PR;UOP03-DEL04-PR
714515;1593767;28/08/2025;quinta-feira;11:20:00;PR;373;173,7;PONTA GROSSA;Sim;Ausência de reação do condutor;1;Colisão traseira;Com Vítimas Feridas;Pleno dia;Crescente;Nublado;Dupla;Reta;Sim;1271854;Automóvel;RENAULT/KARDIAN EVO AT;2024;Passageiro;Ileso;8;Masculino;1;0;0;0;-25,07678;-50,20877;SPRF-PR;DEL03-PR;UOP01-DEL03-PR
714712;1594159;29/08/2025;sexta-feira;07:45:00;PR;116;30;CAMPINA GRANDE DO SUL;Não;Velocidade Incompatível;7;Tombamento;Com Vítimas Fatais;Pleno dia;Crescente;Garoa/Chuvisco;Simples;"Reta;Declive";Não;1272173;Ônibus;MARCOPOLO/VOLARE W-L ON;2023;Passageiro;Lesões Leves;16;Masculino;0;1;0;0;-25,100717;-48,82733;SPRF-PR;DEL01-PR;UOP02-DEL01-PR
714712;1594159;29/08/2025;sexta-feira;07:45:00;PR;116;30;CAMPINA GRANDE DO SUL;Não;Velocidade Incompatível;6;Atropelamento de Pedestre;Com Vítimas Fatais;Pleno dia;Crescente;Garoa/Chuvisco;Simples;"Reta;Declive";Não;1272173;Ônibus;MARCOPOLO/VOLARE W-L ON;2023;Passageiro;Lesões Leves;16;Masculino;0;1;0;0;-25,100717;-48,82733;SPRF-PR;DEL01-PR;UOP02-DEL01-PR
714712;1594159;29/08/2025;sexta-feira;07:45:00;PR;116;30;CAMPINA GRANDE DO SUL;Não;Velocidade Incompatível;5;Derramamento de carga;Com Vítimas Fatais;Pleno dia;Crescente;Garoa/Chuvisco;Simples;"Reta;Declive";Não;1272173;Ônibus;MARCOPOLO/VOLARE W-L ON;2023;Passageiro;Lesões Leves;16;Masculino;0;1;0;0;-25,100717;-48,82733;SPRF-PR;DEL01-PR;UOP02-DEL01-PR
714712;1594159;29/08/2025;sexta-feira;07:45:00;PR;116;30;CAMPINA GRANDE DO SUL;Não;Velocidade Incompatível;4;Capotamento;Com Vítimas Fatais;Pleno dia;Crescente;Garoa/Chuvisco;Simples;"Reta;Declive";Não;1272173;Ônibus;MARCOPOLO/VOLARE W-L ON;2023;Passageiro;Lesões Leves;16;Masculino;0;1;0;0;-25,100717;-48,82733;SPRF-PR;DEL01-PR;UOP02-DEL01-PR
714712;1594159;29/08/2025;sexta-feira;07:45:00;PR;116;30;CAMPINA GRANDE DO SUL;Não;Velocidade Incompatível;3;Saída de leito carroçável;Com Vítimas Fatais;Pleno dia;Crescente;Garoa/Chuvisco;Simples;"Reta;Declive";Não;1272173;Ônibus;MARCOPOLO/VOLARE W-L ON;2023;Passageiro;Lesões Leves;16;Masculino;0;1;0;0;-25,100717;-48,82733;SPRF-PR;DEL01-PR;UOP02-DEL01-PR
714712;1594159;29/08/2025;sexta-feira;07:45:00;PR;116;30;CAMPINA GRANDE DO SUL;Não;Velocidade Incompatível;2;Colisão lateral mesmo sentido;Com Vítimas Fatais;Pleno dia;Crescente;Garoa/Chuvisco;Simples;"Reta;Declive";Não;1272173;Ônibus;MARCOPOLO/VOLARE W-L ON;2023;Passageiro;Lesões Leves;16;Masculino;0;1;0;0;-25,100717;-48,82733;SPRF-PR;DEL01-PR;UOP02-DEL01-PR
714712;1594159;29/08/2025;sexta-feira;07:45:00;PR;116;30;CAMPINA GRANDE DO SUL;Não;Velocidade Incompatível;1;Colisão traseira;Com Vítimas Fatais;Pleno dia;Crescente;Garoa/Chuvisco;Simples;"Reta;Declive";Não;1272173;Ônibus;MARCOPOLO/VOLARE W-L ON;2023;Passageiro;Lesões Leves;16;Masculino;0;1;0;0;-25,100717;-48,82733;SPRF-PR;DEL01-PR;UOP02-DEL01-PR
714712;1594159;29/08/2025;sexta-feira;07:45:00;PR;116;30;CAMPINA GRANDE DO SUL;Sim;Reação tardia ou ineficiente do condutor;7;Tombamento;Com Vítimas Fatais;Pleno dia;Crescente;Garoa/Chuvisco;Simples;"Reta;Declive";Não;1272173;Ônibus;MARCOPOLO/VOLARE W-L ON;2023;Passageiro;Lesões Leves;16;Masculino;0;1;0;0;-25,100717;-48,82733;SPRF-PR;DEL01-PR;UOP02-DEL01-PR
714712;1594159;29/08/2025;sexta-feira;07:45:00;PR;116;30;CAMPINA GRANDE DO SUL;Sim;Reação tardia ou ineficiente do condutor;6;Atropelamento de Pedestre;Com Vítimas Fatais;Pleno dia;Crescente;Garoa/Chuvisco;Simples;"Reta;Declive";Não;1272173;Ônibus;MARCOPOLO/VOLARE W-L ON;2023;Passageiro;Lesões Leves;16;Masculino;0;1;0;0;-25,100717;-48,82733;SPRF-PR;DEL01-PR;UOP02-DEL01-PR
714712;1594159;29/08/2025;sexta-feira;07:45:00;PR;116;30;CAMPINA GRANDE DO SUL;Sim;Reação tardia ou ineficiente do condutor;5;Derramamento de carga;Com Vítimas Fatais;Pleno dia;Crescente;Garoa/Chuvisco;Simples;"Reta;Declive";Não;1272173;Ônibus;MARCOPOLO/VOLARE W-L ON;2023;Passageiro;Lesões Leves;16;Masculino;0;1;0;0;-25,100717;-48,82733;SPRF-PR;DEL01-PR;UOP02-DEL01-PR
714712;1594159;29/08/2025;sexta-feira;07:45:00;PR;116;30;CAMPINA GRANDE DO SUL;Sim;Reação tardia ou ineficiente do condutor;4;Capotamento;Com Vítimas Fatais;Pleno dia;Crescente;Garoa/Chuvisco;Simples;"Reta;Declive";Não;1272173;Ônibus;MARCOPOLO/VOLARE W-L ON;2023;Passageiro;Lesões Leves;16;Masculino;0;1;0;0;-25,100717;-48,82733;SPRF-PR;DEL01-PR;UOP02-DEL01-PR
714712;1594159;29/08/2025;sexta-feira;07:45:00;PR;116;30;CAMPINA GRANDE DO SUL;Sim;Reação tardia ou ineficiente do condutor;3;Saída de leito carroçável;Com Vítimas Fatais;Pleno dia;Crescente;Garoa/Chuvisco;Simples;"Reta;Declive";Não;1272173;Ônibus;MARCOPOLO/VOLARE W-L ON;2023;Passageiro;Lesões Leves;16;Masculino;0;1;0;0;-25,100717;-48,82733;SPRF-PR;DEL01-PR;UOP02-DEL01-PR
714712;1594159;29/08/2025;sexta-feira;07:45:00;PR;116;30;CAMPINA GRANDE DO SUL;Sim;Reação tardia ou ineficiente do condutor;2;Colisão lateral mesmo sentido;Com Vítimas Fatais;Pleno dia;Crescente;Garoa/Chuvisco;Simples;"Reta;Declive";Não;1272173;Ônibus;MARCOPOLO/VOLARE W-L ON;2023;Passageiro;Lesões Leves;16;Masculino;0;1;0;0;-25,100717;-48,82733;SPRF-PR;DEL01-PR;UOP02-DEL01-PR
714712;1594159;29/08/2025;sexta-feira;07:45:00;PR;116;30;CAMPINA GRANDE DO SUL;Sim;Reação tardia ou ineficiente do condutor;1;Colisão traseira;Com Vítimas Fatais;Pleno dia;Crescente;Garoa/Chuvisco;Simples;"Reta;Declive";Não;1272173;Ônibus;MARCOPOLO/VOLARE W-L ON;2023;Passageiro;Lesões Leves;16;Masculino;0;1;0;0;-25,100717;-48,82733;SPRF-PR;DEL01-PR;UOP02-DEL01-PR
714750;1594035;29/08/2025;sexta-feira;13:20:00;PR;277;7;PARANAGUA;Não;Trafegar com motocicleta (ou similar) entre as faixas;3;Queda de ocupante de veículo;Com Vítimas Feridas;Pleno dia;Crescente;Céu Claro;Simples;Reta;Sim;NA;NA;NA/NA;NA;Pedestre;Lesões Leves;14;Feminino;0;1;0;0;-25,509303;-48,518288;SPRF-PR;DEL01-PR;UOP05-DEL01-PR
714750;1594035;29/08/2025;sexta-feira;13:20:00;PR;277;7;PARANAGUA;Não;Trafegar com motocicleta (ou similar) entre as faixas;2;Tombamento;Com Vítimas Feridas;Pleno dia;Crescente;Céu Claro;Simples;Reta;Sim;NA;NA;NA/NA;NA;Pedestre;Lesões Leves;14;Feminino;0;1;0;0;-25,509303;-48,518288;SPRF-PR;DEL01-PR;UOP05-DEL01-PR
714750;1594035;29/08/2025;sexta-feira;13:20:00;PR;277;7;PARANAGUA;Não;Trafegar com motocicleta (ou similar) entre as faixas;1;Atropelamento de Pedestre;Com Vítimas Feridas;Pleno dia;Crescente;Céu Claro;Simples;Reta;Sim;NA;NA;NA/NA;NA;Pedestre;Lesões Leves;14;Feminino;0;1;0;0;-25,509303;-48,518288;SPRF-PR;DEL01-PR;UOP05-DEL01-PR
714750;1594035;29/08/2025;sexta-feira;13:20:00;PR;277;7;PARANAGUA;Não;Velocidade Incompatível;3;Queda de ocupante de veículo;Com Vítimas Feridas;Pleno dia;Crescente;Céu Claro;Simples;Reta;Sim;NA;NA;NA/NA;NA;Pedestre;Lesões Leves;14;Feminino;0;1;0;0;-25,509303;-48,518288;SPRF-PR;DEL01-PR;UOP05-DEL01-PR
714750;1594035;29/08/2025;sexta-feira;13:20:00;PR;277;7;PARANAGUA;Não;Velocidade Incompatível;2;Tombamento;Com Vítimas Feridas;Pleno dia;Crescente;Céu Claro;Simples;Reta;Sim;NA;NA;NA/NA;NA;Pedestre;Lesões Leves;14;Feminino;0;1;0;0;-25,509303;-48,518288;SPRF-PR;DEL01-PR;UOP05-DEL01-PR
714750;1594035;29/08/2025;sexta-feira;13:20:00;PR;277;7;PARANAGUA;Não;Velocidade Incompatível;1;Atropelamento de Pedestre;Com Vítimas Feridas;Pleno dia;Crescente;Céu Claro;Simples;Reta;Sim;NA;NA;NA/NA;NA;Pedestre;Lesões Leves;14;Feminino;0;1;0;0;-25,509303;-48,518288;SPRF-PR;DEL01-PR;UOP05-DEL01-PR
714750;1594035;29/08/2025;sexta-feira;13:20:00;PR;277;7;PARANAGUA;Sim;Reação tardia ou ineficiente do condutor;3;Queda de ocupante de veículo;Com Vítimas Feridas;Pleno dia;Crescente;Céu Claro;Simples;Reta;Sim;NA;NA;NA/NA;NA;Pedestre;Lesões Leves;14;Feminino;0;1;0;0;-25,509303;-48,518288;SPRF-PR;DEL01-PR;UOP05-DEL01-PR
714750;1594035;29/08/2025;sexta-feira;13:20:00;PR;277;7;PARANAGUA;Sim;Reação tardia ou ineficiente do condutor;2;Tombamento;Com Vítimas Feridas;Pleno dia;Crescente;Céu Claro;Simples;Reta;Sim;NA;NA;NA/NA;NA;Pedestre;Lesões Leves;14;Feminino;0;1;0;0;-25,509303;-48,518288;SPRF-PR;DEL01-PR;UOP05-DEL01-PR
714750;1594035;29/08/2025;sexta-feira;13:20:00;PR;277;7;PARANAGUA;Sim;Reação tardia ou ineficiente do condutor;1;Atropelamento de Pedestre;Com Vítimas Feridas;Pleno dia;Crescente;Céu Claro;Simples;Reta;Sim;NA;NA;NA/NA;NA;Pedestre;Lesões Leves;14;Feminino;0;1;0;0;-25,509303;-48,518288;SPRF-PR;DEL01-PR;UOP05-DEL01-PR
714779;1596384;29/08/2025;sexta-feira;10:00:00;PR;277;352;GUARAPUAVA;Não;Velocidade Incompatível;1;Colisão traseira;Com Vítimas Feridas;Pleno dia;Crescente;Céu Claro;Simples;"Reta;Aclive";Não;1272158;Automóvel;HONDA/HR-V EXL CVT;2016;Passageiro;Lesões Leves;10;Feminino;0;1;0;0;-25,39560923;-51,53091522;SPRF-PR;DEL08-PR;UOP01-DEL08-PR
714779;1596384;29/08/2025;sexta-feira;10:00:00;PR;277;352;GUARAPUAVA;Sim;Reação tardia ou ineficiente do condutor;1;Colisão traseira;Com Vítimas Feridas;Pleno dia;Crescente;Céu Claro;Simples;"Reta;Aclive";Não;1272158;Automóvel;HONDA/HR-V EXL CVT;2016;Passageiro;Lesões Leves;10;Feminino;0;1;0;0;-25,39560923;-51,53091522;SPRF-PR;DEL08-PR;UOP01-DEL08-PR
715159;1594957;30/08/2025;sábado;23:00:00;PR;277;4;PARANAGUA;Sim;Transitar na contramão;1;Colisão frontal;Com Vítimas Feridas;Plena Noite;Decrescente;Chuva;Dupla;Reta;Sim;1272874;Automóvel;I/FIAT CRONOS DRIVE 1.0;2025;Passageiro;Ileso;16;Feminino;1;0;0;0;-25,535565;-48,53083;SPRF-PR;DEL01-PR;UOP05-DEL01-PR
715159;1594955;30/08/2025;sábado;23:00:00;PR;277;4;PARANAGUA;Sim;Transitar na contramão;1;Colisão frontal;Com Vítimas Feridas;Plena Noite;Decrescente;Chuva;Dupla;Reta;Sim;1272874;Automóvel;I/FIAT CRONOS DRIVE 1.0;2025;Passageiro;Ileso;3;Masculino;1;0;0;0;-25,535565;-48,53083;SPRF-PR;DEL01-PR;UOP05-DEL01-PR
715283;1595230;31/08/2025;domingo;17:30:00;PR;153;332,3;IRATI;Não;Reação tardia ou ineficiente do condutor;3;Queda de ocupante de veículo;Com Vítimas Feridas;Anoitecer;Decrescente;Céu Claro;Simples;"Reta;Interseção de Vias";Sim;1273095;Automóvel;VW/GOL 1.0;2010;Passageiro;Ileso;8;Masculino;1;0;0;0;-25,4721224;-50,6371677;SPRF-PR;DEL08-PR;UOP02-DEL08-PR
715283;1595230;31/08/2025;domingo;17:30:00;PR;153;332,3;IRATI;Não;Reação tardia ou ineficiente do condutor;2;Tombamento;Com Vítimas Feridas;Anoitecer;Decrescente;Céu Claro;Simples;"Reta;Interseção de Vias";Sim;1273095;Automóvel;VW/GOL 1.0;2010;Passageiro;Ileso;8;Masculino;1;0;0;0;-25,4721224;-50,6371677;SPRF-PR;DEL08-PR;UOP02-DEL08-PR
715283;1595230;31/08/2025;domingo;17:30:00;PR;153;332,3;IRATI;Não;Reação tardia ou ineficiente do condutor;1;Colisão lateral mesmo sentido;Com Vítimas Feridas;Anoitecer;Decrescente;Céu Claro;Simples;"Reta;Interseção de Vias";Sim;1273095;Automóvel;VW/GOL 1.0;2010;Passageiro;Ileso;8;Masculino;1;0;0;0;-25,4721224;-50,6371677;SPRF-PR;DEL08-PR;UOP02-DEL08-PR
715283;1595230;31/08/2025;domingo;17:30:00;PR;153;332,3;IRATI;Não;Condutor deixou de manter distância do veículo da frente;3;Queda de ocupante de veículo;Com Vítimas Feridas;Anoitecer;Decrescente;Céu Claro;Simples;"Reta;Interseção de Vias";Sim;1273095;Automóvel;VW/GOL 1.0;2010;Passageiro;Ileso;8;Masculino;1;0;0;0;-25,4721224;-50,6371677;SPRF-PR;DEL08-PR;UOP02-DEL08-PR
715283;1595230;31/08/2025;domingo;17:30:00;PR;153;332,3;IRATI;Não;Condutor deixou de manter distância do veículo da frente;2;Tombamento;Com Vítimas Feridas;Anoitecer;Decrescente;Céu Claro;Simples;"Reta;Interseção de Vias";Sim;1273095;Automóvel;VW/GOL 1.0;2010;Passageiro;Ileso;8;Masculino;1;0;0;0;-25,4721224;-50,6371677;SPRF-PR;DEL08-PR;UOP02-DEL08-PR
715283;1595230;31/08/2025;domingo;17:30:00;PR;153;332,3;IRATI;Não;Condutor deixou de manter distância do veículo da frente;1;Colisão lateral mesmo sentido;Com Vítimas Feridas;Anoitecer;Decrescente;Céu Claro;Simples;"Reta;Interseção de Vias";Sim;1273095;Automóvel;VW/GOL 1.0;2010;Passageiro;Ileso;8;Masculino;1;0;0;0;-25,4721224;-50,6371677;SPRF-PR;DEL08-PR;UOP02-DEL08-PR
715283;1595230;31/08/2025;domingo;17:30:00;PR;153;332,3;IRATI;Sim;Acessar a via sem observar a presença dos outros veículos;3;Queda de ocupante de veículo;Com Vítimas Feridas;Anoitecer;Decrescente;Céu Claro;Simples;"Reta;Interseção de Vias";Sim;1273095;Automóvel;VW/GOL 1.0;2010;Passageiro;Ileso;8;Masculino;1;0;0;0;-25,4721224;-50,6371677;SPRF-PR;DEL08-PR;UOP02-DEL08-PR
715283;1595230;31/08/2025;domingo;17:30:00;PR;153;332,3;IRATI;Sim;Acessar a via sem observar a presença dos outros veículos;2;Tombamento;Com Vítimas Feridas;Anoitecer;Decrescente;Céu Claro;Simples;"Reta;Interseção de Vias";Sim;1273095;Automóvel;VW/GOL 1.0;2010;Passageiro;Ileso;8;Masculino;1;0;0;0;-25,4721224;-50,6371677;SPRF-PR;DEL08-PR;UOP02-DEL08-PR
715283;1595230;31/08/2025;domingo;17:30:00;PR;153;332,3;IRATI;Sim;Acessar a via sem observar a presença dos outros veículos;1;Colisão lateral mesmo sentido;Com Vítimas Feridas;Anoitecer;Decrescente;Céu Claro;Simples;"Reta;Interseção de Vias";Sim;1273095;Automóvel;VW/GOL 1.0;2010;Passageiro;Ileso;8;Masculino;1;0;0;0;-25,4721224;-50,6371677;SPRF-PR;DEL08-PR;UOP02-DEL08-PR
715730;1598566;02/09/2025;terça-feira;19:15:00;PR;369;172,7;ROLANDIA;Sim;Desrespeitar a preferência no cruzamento;3;Queda de ocupante de veículo;Com Vítimas Feridas;Plena Noite;Crescente;Nublado;Simples;"Interseção de Vias;Reta";Sim;1273963;Motocicleta;HONDA/CG 160 TITAN;2025;Passageiro;Ileso;11;Masculino;1;0;0;0;-23,3079162;-51,3669373;SPRF-PR;DEL07-PR;UOP01-DEL07-PR
715730;1598566;02/09/2025;terça-feira;19:15:00;PR;369;172,7;ROLANDIA;Sim;Desrespeitar a preferência no cruzamento;2;Tombamento;Com Vítimas Feridas;Plena Noite;Crescente;Nublado;Simples;"Interseção de Vias;Reta";Sim;1273963;Motocicleta;HONDA/CG 160 TITAN;2025;Passageiro;Ileso;11;Masculino;1;0;0;0;-23,3079162;-51,3669373;SPRF-PR;DEL07-PR;UOP01-DEL07-PR
715730;1598566;02/09/2025;terça-feira;19:15:00;PR;369;172,7;ROLANDIA;Sim;Desrespeitar a preferência no cruzamento;1;Colisão transversal;Com Vítimas Feridas;Plena Noite;Crescente;Nublado;Simples;"Interseção de Vias;Reta";Sim;1273963;Motocicleta;HONDA/CG 160 TITAN;2025;Passageiro;Ileso;11;Masculino;1;0;0;0;-23,3079162;-51,3669373;SPRF-PR;DEL07-PR;UOP01-DEL07-PR
716179;1599416;04/09/2025;quinta-feira;23:00:00;PR;369;237;JANDAIA DO SUL;Sim;Ausência de reação do condutor;1;Colisão traseira;Com Vítimas Feridas;Plena Noite;Crescente;Céu Claro;Simples;Reta;Não;1276476;Automóvel;GM/CORSA GLS;2000;Passageiro;Ileso;14;Masculino;1;0;0;0;-23,64362;-51,68055;SPRF-PR;DEL09-PR;UOP01-DEL09-PR
716179;1599415;04/09/2025;quinta-feira;23:00:00;PR;369;237;JANDAIA DO SUL;Sim;Ausência de reação do condutor;1;Colisão traseira;Com Vítimas Feridas;Plena Noite;Crescente;Céu Claro;Simples;Reta;Não;1276476;Automóvel;GM/CORSA GLS;2000;Passageiro;Lesões Leves;10;Feminino;0;1;0;0;-23,64362;-51,68055;SPRF-PR;DEL09-PR;UOP01-DEL09-PR
716179;1599416;04/09/2025;quinta-feira;23:00:00;PR;369;237;JANDAIA DO SUL;Não;Condutor deixou de manter distância do veículo da frente;1;Colisão traseira;Com Vítimas Feridas;Plena Noite;Crescente;Céu Claro;Simples;Reta;Não;1276476;Automóvel;GM/CORSA GLS;2000;Passageiro;Ileso;14;Masculino;1;0;0;0;-23,64362;-51,68055;SPRF-PR;DEL09-PR;UOP01-DEL09-PR
716179;1599415;04/09/2025;quinta-feira;23:00:00;PR;369;237;JANDAIA DO SUL;Não;Condutor deixou de manter distância do veículo da frente;1;Colisão traseira;Com Vítimas Feridas;Plena Noite;Crescente;Céu Claro;Simples;Reta;Não;1276476;Automóvel;GM/CORSA GLS;2000;Passageiro;Lesões Leves;10;Feminino;0;1;0;0;-23,64362;-51,68055;SPRF-PR;DEL09-PR;UOP01-DEL09-PR
716301;1597754;05/09/2025;sexta-feira;13:45:00;PR;277;31,9;MORRETES;Sim;Condutor deixou de manter distância do veículo da frente;2;Engavetamento;Com Vítimas Feridas;Pleno dia;Decrescente;Garoa/Chuvisco;Dupla;"Declive;Curva";Não;1275133;Camioneta;FORD/ECOSPORT XLS1.6FLEX;2006;Passageiro;Ileso;7;Masculino;1;0;0;0;-25,56142735;-48,81210415;SPRF-PR;DEL01-PR;UOP05-DEL01-PR
716301;1597753;05/09/2025;sexta-feira;13:45:00;PR;277;31,9;MORRETES;Sim;Condutor deixou de manter distância do veículo da frente;2;Engavetamento;Com Vítimas Feridas;Pleno dia;Decrescente;Garoa/Chuvisco;Dupla;"Declive;Curva";Não;1275133;Camioneta;FORD/ECOSPORT XLS1.6FLEX;2006;Passageiro;Ileso;5;Masculino;1;0;0;0;-25,56142735;-48,81210415;SPRF-PR;DEL01-PR;UOP05-DEL01-PR
716301;1597743;05/09/2025;sexta-feira;13:45:00;PR;277;31,9;MORRETES;Sim;Condutor deixou de manter distância do veículo da frente;2;Engavetamento;Com Vítimas Feridas;Pleno dia;Decrescente;Garoa/Chuvisco;Dupla;"Declive;Curva";Não;1275133;Camioneta;FORD/ECOSPORT XLS1.6FLEX;2006;Passageiro;Ileso;11;Feminino;1;0;0;0;-25,56142735;-48,81210415;SPRF-PR;DEL01-PR;UOP05-DEL01-PR
716301;1597754;05/09/2025;sexta-feira;13:45:00;PR;277;31,9;MORRETES;Sim;Condutor deixou de manter distância do veículo da frente;1;Colisão com objeto;Com Vítimas Feridas;Pleno dia;Decrescente;Garoa/Chuvisco;Dupla;"Declive;Curva";Não;1275133;Camioneta;FORD/ECOSPORT XLS1.6FLEX;2006;Passageiro;Ileso;7;Masculino;1;0;0;0;-25,56142735;-48,81210415;SPRF-PR;DEL01-PR;UOP05-DEL01-PR
716301;1597753;05/09/2025;sexta-feira;13:45:00;PR;277;31,9;MORRETES;Sim;Condutor deixou de manter distância do veículo da frente;1;Colisão com objeto;Com Vítimas Feridas;Pleno dia;Decrescente;Garoa/Chuvisco;Dupla;"Declive;Curva";Não;1275133;Camioneta;FORD/ECOSPORT XLS1.6FLEX;2006;Passageiro;Ileso;5;Masculino;1;0;0;0;-25,56142735;-48,81210415;SPRF-PR;DEL01-PR;UOP05-DEL01-PR
716301;1597743;05/09/2025;sexta-feira;13:45:00;PR;277;31,9;MORRETES;Sim;Condutor deixou de manter distância do veículo da frente;1;Colisão com objeto;Com Vítimas Feridas;Pleno dia;Decrescente;Garoa/Chuvisco;Dupla;"Declive;Curva";Não;1275133;Camioneta;FORD/ECOSPORT XLS1.6FLEX;2006;Passageiro;Ileso;11;Feminino;1;0;0;0;-25,56142735;-48,81210415;SPRF-PR;DEL01-PR;UOP05-DEL01-PR
716363;1597890;05/09/2025;sexta-feira;18:15:00;PR;116;208,9;RIO NEGRO;Sim;Ausência de reação do condutor;3;Queda de ocupante de veículo;Com Vítimas Feridas;Anoitecer;Crescente;Garoa/Chuvisco;Simples;"Reta;Aclive";Sim;1275280;Automóvel;FIAT/PALIO ELX;2003;Passageiro;Ileso;14;Feminino;1;0;0;0;-26,084385;-49,777018;SPRF-SC;DEL06-SC;UOP01-DEL06-SC
716363;1597890;05/09/2025;sexta-feira;18:15:00;PR;116;208,9;RIO NEGRO;Sim;Ausência de reação do condutor;2;Tombamento;Com Vítimas Feridas;Anoitecer;Crescente;Garoa/Chuvisco;Simples;"Reta;Aclive";Sim;1275280;Automóvel;FIAT/PALIO ELX;2003;Passageiro;Ileso;14;Feminino;1;0;0;0;-26,084385;-49,777018;SPRF-SC;DEL06-SC;UOP01-DEL06-SC
716363;1597890;05/09/2025;sexta-feira;18:15:00;PR;116;208,9;RIO NEGRO;Sim;Ausência de reação do condutor;1;Colisão transversal;Com Vítimas Feridas;Anoitecer;Crescente;Garoa/Chuvisco;Simples;"Reta;Aclive";Sim;1275280;Automóvel;FIAT/PALIO ELX;2003;Passageiro;Ileso;14;Feminino;1;0;0;0;-26,084385;-49,777018;SPRF-SC;DEL06-SC;UOP01-DEL06-SC
716428;1600258;05/09/2025;sexta-feira;21:58:00;PR;369;456;CORBELIA;Sim;Desrespeitar a preferência no cruzamento;1;Colisão transversal;Com Vítimas Feridas;Plena Noite;Decrescente;Nublado;Simples;"Interseção de Vias;Declive";Não;1275377;Automóvel;FIAT/PALIO EDX;1997;Passageiro;Lesões Leves;7;Masculino;0;1;0;0;-24,587789;-53,201117;SPRF-PR;DEL04-PR;UOP03-DEL04-PR
716428;1600257;05/09/2025;sexta-feira;21:58:00;PR;369;456;CORBELIA;Sim;Desrespeitar a preferência no cruzamento;1;Colisão transversal;Com Vítimas Feridas;Plena Noite;Decrescente;Nublado;Simples;"Interseção de Vias;Declive";Não;1275377;Automóvel;FIAT/PALIO EDX;1997;Passageiro;Lesões Leves;11;Masculino;0;1;0;0;-24,587789;-53,201117;SPRF-PR;DEL04-PR;UOP03-DEL04-PR