id;pesid;data_inversa;dia_semana;horario;uf;br;km;municipio;causa_principal;causa_acidente;ordem_tipo_acidente;tipo_acidente;classificacao_acidente;fase_dia;sentido_via;condicao_metereologica;tipo_pista;tracado_via;uso_solo;id_veiculo;tipo_veiculo;marca;ano_fabricacao_veiculo;tipo_envolvido;estado_fisico;idade;sexo;ilesos;feridos_leves;feridos_graves;mortos;latitude;longitude;regional;delegacia;uop
718826;1605848;16/09/2025;terça-feira;16:30:00;PR;376;486,9;PONTA GROSSA;Sim;Objeto estático sobre o leito carroçável;1;Colisão traseira;Com Vítimas Feridas;Pleno dia;Decrescente;Céu Claro;Dupla;Reta;Sim;1280172;Ônibus;VOLVO/MPOLO PARADISO R;2019;Passageiro;Ileso;7;Masculino;1;0;0;0;-25,119763;-50,18519;SPRF-PR;DEL03-PR;UOP04-DEL03-PR
718826;1605855;16/09/2025;terça-feira;16:30:00;PR;376;486,9;PONTA GROSSA;Sim;Objeto estático sobre o leito carroçável;1;Colisão traseira;Com Vítimas Feridas;Pleno dia;Decrescente;Céu Claro;Dupla;Reta;Sim;1280172;Ônibus;VOLVO/MPOLO PARADISO R;2019;Passageiro;Ileso;5;Masculino;1;0;0;0;-25,119763;-50,18519;SPRF-PR;DEL03-PR;UOP04-DEL03-PR
718826;1605849;16/09/2025;terça-feira;16:30:00;PR;376;486,9;PONTA GROSSA;Sim;Objeto estático sobre o leito carroçável;1;Colisão traseira;Com Vítimas Feridas;Pleno dia;Decrescente;Céu Claro;Dupla;Reta;Sim;1280172;Ônibus;VOLVO/MPOLO PARADISO R;2019;Passageiro;Ileso;12;Feminino;1;0;0;0;-25,119763;-50,18519;SPRF-PR;DEL03-PR;UOP04-DEL03-PR
718826;1605857;16/09/2025;terça-feira;16:30:00;PR;376;486,9;PONTA GROSSA;Sim;Objeto estático sobre o leito carroçável;1;Colisão traseira;Com Vítimas Feridas;Pleno dia;Decrescente;Céu Claro;Dupla;Reta;Sim;1280172;Ônibus;VOLVO/MPOLO PARADISO R;2019;Passageiro;Ileso;9;Feminino;1;0;0;0;-25,119763;-50,18519;SPRF-PR;DEL03-PR;UOP04-DEL03-PR
718826;1605862;16/09/2025;terça-feira;16:30:00;PR;376;486,9;PONTA GROSSA;Sim;Objeto estático sobre o leito carroçável;1;Colisão traseira;Com Vítimas Feridas;Pleno dia;Decrescente;Céu Claro;Dupla;Reta;Sim;1280172;Ônibus;VOLVO/MPOLO PARADISO R;2019;Passageiro;Ileso;5;Feminino;1;0;0;0;-25,119763;-50,18519;SPRF-PR;DEL03-PR;UOP04-DEL03-PR
718826;1605865;16/09/2025;terça-feira;16:30:00;PR;376;486,9;PONTA GROSSA;Sim;Objeto estático sobre o leito carroçável;1;Colisão traseira;Com Vítimas Feridas;Pleno dia;Decrescente;Céu Claro;Dupla;Reta;Sim;1280172;Ônibus;VOLVO/MPOLO PARADISO R;2019;Passageiro;Ileso;8;Feminino;1;0;0;0;-25,119763;-50,18519;SPRF-PR;DEL03-PR;UOP04-DEL03-PR
718826;1605867;16/09/2025;terça-feira;16:30:00;PR;376;486,9;PONTA GROSSA;Sim;Objeto estático sobre o leito carroçável;1;Colisão traseira;Com Vítimas Feridas;Pleno dia;Decrescente;Céu Claro;Dupla;Reta;Sim;1280172;Ônibus;VOLVO/MPOLO PARADISO R;2019;Passageiro;Ileso;8;Feminino;1;0;0;0;-25,119763;-50,18519;SPRF-PR;DEL03-PR;UOP04-DEL03-PR
718826;1605869;16/09/2025;terça-feira;16:30:00;PR;376;486,9;PONTA GROSSA;Sim;Objeto estático sobre o leito carroçável;1;Colisão traseira;Com Vítimas Feridas;Pleno dia;Decrescente;Céu Claro;Dupla;Reta;Sim;1280172;Ônibus;VOLVO/MPOLO PARADISO R;2019;Passageiro;Ileso;8;Masculino;1;0;0;0;-25,119763;-50,18519;SPRF-PR;DEL03-PR;UOP04-DEL03-PR
718984;1604446;17/09/2025;quarta-feira;13:50:00;PR;376;399;TIBAGI;Não;Ausência de reação do condutor;1;Capotamento;Com Vítimas Feridas;Pleno dia;Decrescente;Céu Claro;Dupla;"Reta;Declive";Não;1280555;Camioneta;JEEP/COMPASS LONGITUDE F;2018;Passageiro;Ileso;9;Masculino;1;0;0;0;-24,58102;-50,68156;SPRF-PR;DEL03-PR;UOP02-DEL03-PR
718984;1604443;17/09/2025;quarta-feira;13:50:00;PR;376;399;TIBAGI;Não;Ausência de reação do condutor;1;Capotamento;Com Vítimas Feridas;Pleno dia;Decrescente;Céu Claro;Dupla;"Reta;Declive";Não;1280555;Camioneta;JEEP/COMPASS LONGITUDE F;2018;Passageiro;Lesões Leves;8;Feminino;0;1;0;0;-24,58102;-50,68156;SPRF-PR;DEL03-PR;UOP02-DEL03-PR
718984;1604446;17/09/2025;quarta-feira;13:50:00;PR;376;399;TIBAGI;Sim;Velocidade Incompatível;1;Capotamento;Com Vítimas Feridas;Pleno dia;Decrescente;Céu Claro;Dupla;"Reta;Declive";Não;1280555;Camioneta;JEEP/COMPASS LONGITUDE F;2018;Passageiro;Ileso;9;Masculino;1;0;0;0;-24,58102;-50,68156;SPRF-PR;DEL03-PR;UOP02-DEL03-PR
718984;1604443;17/09/2025;quarta-feira;13:50:00;PR;376;399;TIBAGI;Sim;Velocidade Incompatível;1;Capotamento;Com Vítimas Feridas;Pleno dia;Decrescente;Céu Claro;Dupla;"Reta;Declive";Não;1280555;Camioneta;JEEP/COMPASS LONGITUDE F;2018;Passageiro;Lesões Leves;8;Feminino;0;1;0;0;-24,58102;-50,68156;SPRF-PR;DEL03-PR;UOP02-DEL03-PR
719080;1604561;17/09/2025;quarta-feira;20:15:00;PR;153;343;IRATI;Não;Iluminação deficiente;1;Saída de leito carroçável;Com Vítimas Feridas;Plena Noite;Crescente;Céu Claro;Simples;Reta;Não;1280699;Automóvel;CHEVROLET/CELTA 1.0L LT;2012;Passageiro;Lesões Leves;8;Feminino;0;1;0;0;-25,56148;-50,67825;SPRF-PR;DEL08-PR;UOP02-DEL08-PR
719080;1604561;17/09/2025;quarta-feira;20:15:00;PR;153;343;IRATI;Não;Falta de acostamento;1;Saída de leito carroçável;Com Vítimas Feridas;Plena Noite;Crescente;Céu Claro;Simples;Reta;Não;1280699;Automóvel;CHEVROLET/CELTA 1.0L LT;2012;Passageiro;Lesões Leves;8;Feminino;0;1;0;0;-25,56148;-50,67825;SPRF-PR;DEL08-PR;UOP02-DEL08-PR
719080;1604561;17/09/2025;quarta-feira;20:15:00;PR;153;343;IRATI;Sim;Reação tardia ou ineficiente do condutor;1;Saída de leito carroçável;Com Vítimas Feridas;Plena Noite;Crescente;Céu Claro;Simples;Reta;Não;1280699;Automóvel;CHEVROLET/CELTA 1.0L LT;2012;Passageiro;Lesões Leves;8;Feminino;0;1;0;0;-25,56148;-50,67825;SPRF-PR;DEL08-PR;UOP02-DEL08-PR
719239;1605023;18/09/2025;quinta-feira;18:00:00;PR;277;720;FOZ DO IGUACU;Sim;Ultrapassagem Indevida;3;Queda de ocupante de veículo;Com Vítimas Feridas;Pleno dia;Decrescente;Nublado;Simples;Retorno Regulamentado;Sim;1281083;Caminhão-trator;I/SCANIA 113 360 TRATOR;1989;Condutor;Ileso;4;Masculino;1;0;0;0;-25,48466542;-54,49625373;SPRF-PR;DEL05-PR;UOP03-DEL05-PR
719239;1605023;18/09/2025;quinta-feira;18:00:00;PR;277;720;FOZ DO IGUACU;Sim;Ultrapassagem Indevida;2;Tombamento;Com Vítimas Feridas;Pleno dia;Decrescente;Nublado;Simples;Retorno Regulamentado;Sim;1281083;Caminhão-trator;I/SCANIA 113 360 TRATOR;1989;Condutor;Ileso;4;Masculino;1;0;0;0;-25,48466542;-54,49625373;SPRF-PR;DEL05-PR;UOP03-DEL05-PR
719239;1605023;18/09/2025;quinta-feira;18:00:00;PR;277;720;FOZ DO IGUACU;Sim;Ultrapassagem Indevida;1;Colisão lateral mesmo sentido;Com Vítimas Feridas;Pleno dia;Decrescente;Nublado;Simples;Retorno Regulamentado;Sim;1281083;Caminhão-trator;I/SCANIA 113 360 TRATOR;1989;Condutor;Ileso;4;Masculino;1;0;0;0;-25,48466542;-54,49625373;SPRF-PR;DEL05-PR;UOP03-DEL05-PR
719252;1604978;18/09/2025;quinta-feira;19:00:00;PR;277;57;SAO JOSE DOS PINHAIS;Não;Reação tardia ou ineficiente do condutor;1;Atropelamento de Pedestre;Com Vítimas Feridas;Plena Noite;Crescente;Nublado;Dupla;Reta;Não;NA;NA;NA/NA;NA;Pedestre;Lesões Graves;12;Masculino;0;0;1;0;-25,564403;-49,008908;SPRF-PR;DEL01-PR;UOP01-DEL01-PR
719252;1604978;18/09/2025;quinta-feira;19:00:00;PR;277;57;SAO JOSE DOS PINHAIS;Sim;Pedestre cruzava a pista fora da faixa;1;Atropelamento de Pedestre;Com Vítimas Feridas;Plena Noite;Crescente;Nublado;Dupla;Reta;Não;NA;NA;NA/NA;NA;Pedestre;Lesões Graves;12;Masculino;0;0;1;0;-25,564403;-49,008908;SPRF-PR;DEL01-PR;UOP01-DEL01-PR
719399;1605330;19/09/2025;sexta-feira;10:45:00;PR;158;400,5;LARANJEIRAS DO SUL;Sim;Ausência de reação do condutor;1;Colisão lateral mesmo sentido;Com Vítimas Feridas;Pleno dia;Decrescente;Céu Claro;Simples;Reta;Não;1281357;Automóvel;GM/CELTA 2P SPIRIT;2005;Passageiro;Lesões Leves;5;Feminino;0;1;0;0;-25,334886;-52,359539;SPRF-PR;DEL04-PR;UOP02-DEL04-PR
719429;1608227;19/09/2025;sexta-feira;15:15:00;PR;476;278;SAO MATEUS DO SUL;Não;Reação tardia ou ineficiente do condutor;1;Colisão transversal;Com Vítimas Feridas;Pleno dia;Crescente;Céu Claro;Simples;Rotatória;Sim;1281581;Caminhonete;I/VW AMAROK CD 4X4 S;2013;Passageiro;Ileso;1;Masculino;1;0;0;0;-25,86818567;-50,39518538;SPRF-PR;DEL02-PR;UOP03-DEL02-PR
719429;1608227;19/09/2025;sexta-feira;15:15:00;PR;476;278;SAO MATEUS DO SUL;Sim;Acessar a via sem observar a presença dos outros veículos;1;Colisão transversal;Com Vítimas Feridas;Pleno dia;Crescente;Céu Claro;Simples;Rotatória;Sim;1281581;Caminhonete;I/VW AMAROK CD 4X4 S;2013;Passageiro;Ileso;1;Masculino;1;0;0;0;-25,86818567;-50,39518538;SPRF-PR;DEL02-PR;UOP03-DEL02-PR
719733;1606093;20/09/2025;sábado;19:46:00;PR;369;138;IBIPORA;Sim;Velocidade Incompatível;1;Atropelamento de Pedestre;Com Vítimas Feridas;Plena Noite;Crescente;Céu Claro;Simples;Reta;Sim;NA;NA;NA/NA;NA;Pedestre;Lesões Leves;7;Masculino;0;1;0;0;-23,27367415;-51,05558608;SPRF-PR;DEL07-PR;UOP01-DEL07-PR
719778;1606160;20/09/2025;sábado;21:15:00;PR;376;168;MARINGA;Não;Acessar a via sem observar a presença dos outros veículos;2;Incêndio;Sem Vítimas;Anoitecer;Crescente;Céu Claro;Dupla;Declive;Não;1282073;Automóvel;GM/ASTRA SEDAN ELITE;2004;Passageiro;Ileso;15;Feminino;1;0;0;0;-23,394046;-52,008242;SPRF-PR;DEL09-PR;UOP01-DEL09-PR
719778;1606160;20/09/2025;sábado;21:15:00;PR;376;168;MARINGA;Não;Acessar a via sem observar a presença dos outros veículos;1;Saída de leito carroçável;Sem Vítimas;Anoitecer;Crescente;Céu Claro;Dupla;Declive;Não;1282073;Automóvel;GM/ASTRA SEDAN ELITE;2004;Passageiro;Ileso;15;Feminino;1;0;0;0;-23,394046;-52,008242;SPRF-PR;DEL09-PR;UOP01-DEL09-PR
719778;1606160;20/09/2025;sábado;21:15:00;PR;376;168;MARINGA;Sim;Manobra de mudança de faixa;2;Incêndio;Sem Vítimas;Anoitecer;Crescente;Céu Claro;Dupla;Declive;Não;1282073;Automóvel;GM/ASTRA SEDAN ELITE;2004;Passageiro;Ileso;15;Feminino;1;0;0;0;-23,394046;-52,008242;SPRF-PR;DEL09-PR;UOP01-DEL09-PR
719778;1606160;20/09/2025;sábado;21:15:00;PR;376;168;MARINGA;Sim;Manobra de mudança de faixa;1;Saída de leito carroçável;Sem Vítimas;Anoitecer;Crescente;Céu Claro;Dupla;Declive;Não;1282073;Automóvel;GM/ASTRA SEDAN ELITE;2004;Passageiro;Ileso;15;Feminino;1;0;0;0;-23,394046;-52,008242;SPRF-PR;DEL09-PR;UOP01-DEL09-PR
719788;1608114;20/09/2025;sábado;22:20:00;PR;369;19,6;CAMBARA;Sim;Pedestre - Ingestão de álcool/ substâncias psicoativas;1;Atropelamento de Pedestre;Com Vítimas Feridas;Pleno dia;Crescente;Céu Claro;Simples;"Reta;Interseção de Vias";Sim;1282125;Automóvel;CHEVROLET/ONIX 1.0MT LT;2016;Passageiro;Ileso;9;Feminino;1;0;0;0;-23,036257;-50,077818;SPRF-PR;DEL07-PR;UOP05-DEL07-PR
719903;1606460;21/09/2025;domingo;09:50:00;PR;376;99;PARANAVAI;Sim;Ausência de reação do condutor;2;Capotamento;Com Vítimas Fatais;Pleno dia;Decrescente;Sol;Simples;Reta;Não;1282320;Utilitário;I/MMC PAJERO SP4X4 HPE D;2005;Passageiro;Óbito;3;Feminino;0;0;0;1;-23,01968656;-52,50119582;SPRF-PR;DEL09-PR;UOP02-DEL09-PR
719903;1606459;21/09/2025;domingo;09:50:00;PR;376;99;PARANAVAI;Sim;Ausência de reação do condutor;2;Capotamento;Com Vítimas Fatais;Pleno dia;Decrescente;Sol;Simples;Reta;Não;1282320;Utilitário;I/MMC PAJERO SP4X4 HPE D;2005;Passageiro;Lesões Leves;5;Feminino;0;1;0;0;-23,01968656;-52,50119582;SPRF-PR;DEL09-PR;UOP02-DEL09-PR
719903;1606460;21/09/2025;domingo;09:50:00;PR;376;99;CASCAVEL;Sim;Ausência de reação do condutor;1;Saída de leito carroçável;Com Vítimas Fatais;Pleno dia;Decrescente;Sol;Simples;Reta;Não;1282320;Utilitário;I/MMC PAJERO SP4X4 HPE D;2005;Passageiro;Óbito;3;Feminino;0;0;0;1;-23,01968656;-52,50119582;SPRF-PR;DEL09-PR;UOP02-DEL09-PR
719903;1606459;21/09/2025;domingo;09:50:00;PR;376;99;PARANAVAI;Sim;Ausência de reação do condutor;1;Saída de leito carroçável;Com Vítimas Fatais;Pleno dia;Decrescente;Sol;Simples;Reta;Não;1282320;Utilitário;I/MMC PAJERO SP4X4 HPE D;2005;Passageiro;Lesões Leves;5;Feminino;0;1;0;0;-23,01968656;-52,50119582;SPRF-PR;DEL09-PR;UOP02-DEL09-PR
719975;1606677;21/09/2025;domingo;12:50:00;PR;376;524;PALMEIRA;Não;Chuva;1;Colisão lateral mesmo sentido;Com Vítimas Feridas;Pleno dia;Crescente;Chuva;Dupla;"Viaduto;Reta;Declive";Não;1282444;Automóvel;GM/CELTA 4P SPIRIT;2008;Passageiro;Ileso;4;Masculino;1;0;0;0;-25,299419;-49,892136;SPRF-PR;DEL03-PR;UOP04-DEL03-PR
719975;1606677;21/09/2025;domingo;12:50:00;PR;376;524;PALMEIRA;Sim;Reação tardia ou ineficiente do condutor;1;Colisão lateral mesmo sentido;Com Vítimas Feridas;Pleno dia;Crescente;Chuva;Dupla;"Viaduto;Reta;Declive";Não;1282444;Automóvel;GM/CELTA 4P SPIRIT;2008;Passageiro;Ileso;4;Masculino;1;0;0;0;-25,299419;-49,892136;SPRF-PR;DEL03-PR;UOP04-DEL03-PR
720068;1606941;21/09/2025;domingo;20:40:00;PR;369;178,6;ROLANDIA;Não;Chuva;2;Capotamento;Sem Vítimas;Plena Noite;Crescente;Chuva;Dupla;"Retorno Regulamentado;Reta";Sim;1282582;Automóvel;CHEV/PRISMA 1.4AT LTZ;2013;Passageiro;Ileso;13;Masculino;1;0;0;0;-23,3577235;-51,3959628;SPRF-PR;DEL07-PR;UOP01-DEL07-PR
720068;1606941;21/09/2025;domingo;20:40:00;PR;369;178,6;ROLANDIA;Não;Chuva;1;Saída de leito carroçável;Sem Vítimas;Plena Noite;Crescente;Chuva;Dupla;"Retorno Regulamentado;Reta";Sim;1282582;Automóvel;CHEV/PRISMA 1.4AT LTZ;2013;Passageiro;Ileso;13;Masculino;1;0;0;0;-23,3577235;-51,3959628;SPRF-PR;DEL07-PR;UOP01-DEL07-PR
720068;1606941;21/09/2025;domingo;20:40:00;PR;369;178,6;ROLANDIA;Não;Acumulo de água sobre o pavimento;2;Capotamento;Sem Vítimas;Plena Noite;Crescente;Chuva;Dupla;"Retorno Regulamentado;Reta";Sim;1282582;Automóvel;CHEV/PRISMA 1.4AT LTZ;2013;Passageiro;Ileso;13;Masculino;1;0;0;0;-23,3577235;-51,3959628;SPRF-PR;DEL07-PR;UOP01-DEL07-PR
720068;1606941;21/09/2025;domingo;20:40:00;PR;369;178,6;ROLANDIA;Não;Acumulo de água sobre o pavimento;1;Saída de leito carroçável;Sem Vítimas;Plena Noite;Crescente;Chuva;Dupla;"Retorno Regulamentado;Reta";Sim;1282582;Automóvel;CHEV/PRISMA 1.4AT LTZ;2013;Passageiro;Ileso;13;Masculino;1;0;0;0;-23,3577235;-51,3959628;SPRF-PR;DEL07-PR;UOP01-DEL07-PR
720068;1606941;21/09/2025;domingo;20:40:00;PR;369;178,6;ROLANDIA;Sim;Ingestão de álcool pelo condutor;2;Capotamento;Sem Vítimas;Plena Noite;Crescente;Chuva;Dupla;"Retorno Regulamentado;Reta";Sim;1282582;Automóvel;CHEV/PRISMA 1.4AT LTZ;2013;Passageiro;Ileso;13;Masculino;1;0;0;0;-23,3577235;-51,3959628;SPRF-PR;DEL07-PR;UOP01-DEL07-PR
720068;1606941;21/09/2025;domingo;20:40:00;PR;369;178,6;ROLANDIA;Sim;Ingestão de álcool pelo condutor;1;Saída de leito carroçável;Sem Vítimas;Plena Noite;Crescente;Chuva;Dupla;"Retorno Regulamentado;Reta";Sim;1282582;Automóvel;CHEV/PRISMA 1.4AT LTZ;2013;Passageiro;Ileso;13;Masculino;1;0;0;0;-23,3577235;-51,3959628;SPRF-PR;DEL07-PR;UOP01-DEL07-PR
720233;1607329;22/09/2025;segunda-feira;12:00:00;PR;373;415;FOZ DO JORDAO;Não;Acessar a via sem observar a presença dos outros veículos;2;Saída de leito carroçável;Com Vítimas Feridas;Pleno dia;Crescente;Céu Claro;Simples;"Declive;Reta";Sim;1282979;Automóvel;GM/KADETT GL;1994;Passageiro;Lesões Leves;16;Feminino;0;1;0;0;-25,67284;-52,12472;SPRF-PR;DEL08-PR;UOP01-DEL08-PR
720233;1607336;22/09/2025;segunda-feira;12:00:00;PR;373;415;FOZ DO JORDAO;Não;Acessar a via sem observar a presença dos outros veículos;2;Saída de leito carroçável;Com Vítimas Feridas;Pleno dia;Crescente;Céu Claro;Simples;"Declive;Reta";Sim;1282980;Automóvel;I/CITROEN C4L A THP FFEX;2015;Passageiro;Lesões Leves;14;Feminino;0;1;0;0;-25,67284;-52,12472;SPRF-PR;DEL08-PR;UOP01-DEL08-PR
720233;1607329;22/09/2025;segunda-feira;12:00:00;PR;373;415;FOZ DO JORDAO;Não;Acessar a via sem observar a presença dos outros veículos;1;Colisão transversal;Com Vítimas Feridas;Pleno dia;Crescente;Céu Claro;Simples;"Declive;Reta";Sim;1282979;Automóvel;GM/KADETT GL;1994;Passageiro;Lesões Leves;16;Feminino;0;1;0;0;-25,67284;-52,12472;SPRF-PR;DEL08-PR;UOP01-DEL08-PR
720233;1607336;22/09/2025;segunda-feira;12:00:00;PR;373;415;FOZ DO JORDAO;Não;Acessar a via sem observar a presença dos outros veículos;1;Colisão transversal;Com Vítimas Feridas;Pleno dia;Crescente;Céu Claro;Simples;"Declive;Reta";Sim;1282980;Automóvel;I/CITROEN C4L A THP FFEX;2015;Passageiro;Lesões Leves;14;Feminino;0;1;0;0;-25,67284;-52,12472;SPRF-PR;DEL08-PR;UOP01-DEL08-PR
720233;1607329;22/09/2025;segunda-feira;12:00:00;PR;373;415;FOZ DO JORDAO;Sim;Desrespeitar a preferência no cruzamento;2;Saída de leito carroçável;Com Vítimas Feridas;Pleno dia;Crescente;Céu Claro;Simples;"Declive;Reta";Sim;1282979;Automóvel;GM/KADETT GL;1994;Passageiro;Lesões Leves;16;Feminino;0;1;0;0;-25,67284;-52,12472;SPRF-PR;DEL08-PR;UOP01-DEL08-PR
720233;1607336;22/09/2025;segunda-feira;12:00:00;PR;373;415;FOZ DO JORDAO;Sim;Desrespeitar a preferência no cruzamento;2;Saída de leito carroçável;Com Vítimas Feridas;Pleno dia;Crescente;Céu Claro;Simples;"Declive;Reta";Sim;1282980;Automóvel;I/CITROEN C4L A THP FFEX;2015;Passageiro;Lesões Leves;14;Feminino;0;1;0;0;-25,67284;-52,12472;SPRF-PR;DEL08-PR;UOP01-DEL08-PR
720233;1607329;22/09/2025;segunda-feira;12:00:00;PR;373;415;FOZ DO JORDAO;Sim;Desrespeitar a preferência no cruzamento;1;Colisão transversal;Com Vítimas Feridas;Pleno dia;Crescente;Céu Claro;Simples;"Declive;Reta";Sim;1282979;Automóvel;GM/KADETT GL;1994;Passageiro;Lesões Leves;16;Feminino;0;1;0;0;-25,67284;-52,12472;SPRF-PR;DEL08-PR;UOP01-DEL08-PR
720233;1607336;22/09/2025;segunda-feira;12:00:00;PR;373;415;FOZ DO JORDAO;Sim;Desrespeitar a preferência no cruzamento;1;Colisão transversal;Com Vítimas Feridas;Pleno dia;Crescente;Céu Claro;Simples;"Declive;Reta";Sim;1282980;Automóvel;I/CITROEN C4L A THP FFEX;2015;Passageiro;Lesões Leves;14;Feminino;0;1;0;0;-25,67284;-52,12472;SPRF-PR;DEL08-PR;UOP01-DEL08-PR
720266;1607355;22/09/2025;segunda-feira;10:30:00;PR;476;75,9;RIO BRANCO DO SUL;Não;Ausência de reação do condutor;1;Colisão frontal;Com Vítimas Feridas;Pleno dia;Decrescente;Chuva;Simples;"Declive;Curva";Não;1282923;Automóvel;FORD/FIESTA FLEX;2014;Passageiro;Lesões Leves;16;Feminino;0;1;0;0;-25,1014213;-49,10862772;SPRF-PR;DEL01-PR;UOP01-DEL01-PR
720266;1607355;22/09/2025;segunda-feira;10:30:00;PR;476;75,9;RIO BRANCO DO SUL;Não;Reação tardia ou ineficiente do condutor;1;Colisão frontal;Com Vítimas Feridas;Pleno dia;Decrescente;Chuva;Simples;"Declive;Curva";Não;1282923;Automóvel;FORD/FIESTA FLEX;2014;Passageiro;Lesões Leves;16;Feminino;0;1;0;0;-25,1014213;-49,10862772;SPRF-PR;DEL01-PR;UOP01-DEL01-PR
720266;1607355;22/09/2025;segunda-feira;10:30:00;PR;476;75,9;RIO BRANCO DO SUL;Não;Avarias e/ou desgaste excessivo no pneu;1;Colisão frontal;Com Vítimas Feridas;Pleno dia;Decrescente;Chuva;Simples;"Declive;Curva";Não;1282923;Automóvel;FORD/FIESTA FLEX;2014;Passageiro;Lesões Leves;16;Feminino;0;1;0;0;-25,1014213;-49,10862772;SPRF-PR;DEL01-PR;UOP01-DEL01-PR
720266;1607355;22/09/2025;segunda-feira;10:30:00;PR;476;75,9;RIO BRANCO DO SUL;Não;Chuva;1;Colisão frontal;Com Vítimas Feridas;Pleno dia;Decrescente;Chuva;Simples;"Declive;Curva";Não;1282923;Automóvel;FORD/FIESTA FLEX;2014;Passageiro;Lesões Leves;16;Feminino;0;1;0;0;-25,1014213;-49,10862772;SPRF-PR;DEL01-PR;UOP01-DEL01-PR
720266;1607355;22/09/2025;segunda-feira;10:30:00;PR;476;75,9;RIO BRANCO DO SUL;Não;Acumulo de óleo sobre o pavimento;1;Colisão frontal;Com Vítimas Feridas;Pleno dia;Decrescente;Chuva;Simples;"Declive;Curva";Não;1282923;Automóvel;FORD/FIESTA FLEX;2014;Passageiro;Lesões Leves;16;Feminino;0;1;0;0;-25,1014213;-49,10862772;SPRF-PR;DEL01-PR;UOP01-DEL01-PR
720266;1607355;22/09/2025;segunda-feira;10:30:00;PR;476;75,9;RIO BRANCO DO SUL;Não;Acumulo de água sobre o pavimento;1;Colisão frontal;Com Vítimas Feridas;Pleno dia;Decrescente;Chuva;Simples;"Declive;Curva";Não;1282923;Automóvel;FORD/FIESTA FLEX;2014;Passageiro;Lesões Leves;16;Feminino;0;1;0;0;-25,1014213;-49,10862772;SPRF-PR;DEL01-PR;UOP01-DEL01-PR
720266;1607355;22/09/2025;segunda-feira;10:30:00;PR;476;75,9;RIO BRANCO DO SUL;Sim;Velocidade Incompatível;1;Colisão frontal;Com Vítimas Feridas;Pleno dia;Decrescente;Chuva;Simples;"Declive;Curva";Não;1282923;Automóvel;FORD/FIESTA FLEX;2014;Passageiro;Lesões Leves;16;Feminino;0;1;0;0;-25,1014213;-49,10862772;SPRF-PR;DEL01-PR;UOP01-DEL01-PR
720310;1607383;10/09/2025;quarta-feira;10:30:00;PR;153;308;IMBITUVA;Sim;Ausência de reação do condutor;2;Saída de leito carroçável;Com Vítimas Fatais;Pleno dia;Decrescente;Céu Claro;Simples;Reta;Não;1283022;Automóvel;VW/GOL 1.6 POWER;2007;Passageiro;Lesões Graves;0;Masculino;0;0;1;0;-25,27966;-50,639812;SPRF-PR;DEL08-PR;UOP02-DEL08-PR
720310;1607383;10/09/2025;quarta-feira;10:30:00;PR;153;308;IMBITUVA;Sim;Ausência de reação do condutor;1;Colisão frontal;Com Vítimas Fatais;Pleno dia;Decrescente;Céu Claro;Simples;Reta;Não;1283022;Automóvel;VW/GOL 1.6 POWER;2007;Passageiro;Lesões Graves;0;Masculino;0;0;1;0;-25,27966;-50,639812;SPRF-PR;DEL08-PR;UOP02-DEL08-PR
720326;1607454;22/09/2025;segunda-feira;17:45:00;PR;369;504,9;CASCAVEL;Sim;Entrada inopinada do pedestre;1;Atropelamento de Pedestre;Com Vítimas Fatais;Pleno dia;Crescente;Céu Claro;Simples;Reta;Sim;NA;NA;NA/NA;NA;Pedestre;Óbito;16;Feminino;0;0;0;1;-24,94;-53,397;SPRF-PR;DEL04-PR;UOP01-DEL04-PR
720326;1607452;22/09/2025;segunda-feira;17:45:00;PR;369;504,9;CASCAVEL;Sim;Entrada inopinada do pedestre;1;Atropelamento de Pedestre;Com Vítimas Fatais;Pleno dia;Crescente;Céu Claro;Simples;Reta;Sim;NA;NA;NA/NA;NA;Pedestre;Óbito;15;Feminino;0;0;0;1;-24,94;-53,397;SPRF-PR;DEL04-PR;UOP01-DEL04-PR
720326;1607454;22/09/2025;segunda-feira;17:45:00;PR;369;504,9;CASCAVEL;Não;Ausência de reação do condutor;1;Atropelamento de Pedestre;Com Vítimas Fatais;Pleno dia;Crescente;Céu Claro;Simples;Reta;Sim;NA;NA;NA/NA;NA;Pedestre;Óbito;16;Feminino;0;0;0;1;-24,94;-53,397;SPRF-PR;DEL04-PR;UOP01-DEL04-PR
720326;1607452;22/09/2025;segunda-feira;17:45:00;PR;369;504,9;CASCAVEL;Não;Ausência de reação do condutor;1;Atropelamento de Pedestre;Com Vítimas Fatais;Pleno dia;Crescente;Céu Claro;Simples;Reta;Sim;NA;NA;NA/NA;NA;Pedestre;Óbito;15;Feminino;0;0;0;1;-24,94;-53,397;SPRF-PR;DEL04-PR;UOP01-DEL04-PR
720326;1607454;22/09/2025;segunda-feira;17:45:00;PR;369;504,9;CASCAVEL;Não;Área urbana sem a presença de local apropriado para a travessia de pedestres;1;Atropelamento de Pedestre;Com Vítimas Fatais;Pleno dia;Crescente;Céu Claro;Simples;Reta;Sim;NA;NA;NA/NA;NA;Pedestre;Óbito;16;Feminino;0;0;0;1;-24,94;-53,397;SPRF-PR;DEL04-PR;UOP01-DEL04-PR