id;pesid;data_inversa;dia_semana;horario;uf;br;km;municipio;causa_principal;causa_acidente;ordem_tipo_acidente;tipo_acidente;classificacao_acidente;fase_dia;sentido_via;condicao_metereologica;tipo_pista;tracado_via;uso_solo;id_veiculo;tipo_veiculo;marca;ano_fabricacao_veiculo;tipo_envolvido;estado_fisico;idade;sexo;ilesos;feridos_leves;feridos_graves;mortos;latitude;longitude;regional;delegacia;uop
720326;1607452;22/09/2025;segunda-feira;17:45:00;PR;369;504,9;CASCAVEL;Não;Área urbana sem a presença de local apropriado para a travessia de pedestres;1;Atropelamento de Pedestre;Com Vítimas Fatais;Pleno dia;Crescente;Céu Claro;Simples;Reta;Sim;NA;NA;NA/NA;NA;Pedestre;Óbito;15;Feminino;0;0;0;1;-24,94;-53,397;SPRF-PR;DEL04-PR;UOP01-DEL04-PR
720358;1609138;22/09/2025;segunda-feira;21:40:00;PR;116;14,8;CAMPINA GRANDE DO SUL;Não;Chuva;2;Capotamento;Com Vítimas Fatais;Plena Noite;Crescente;Garoa/Chuvisco;Dupla;Curva;Não;1283136;Caminhonete;I/TOYOTA HILUX CD4X2 SR;2008;Passageiro;Lesões Graves;2;Masculino;0;0;1;0;-25,098325;-48,68105;SPRF-PR;DEL01-PR;UOP02-DEL01-PR
720358;1609138;22/09/2025;segunda-feira;21:40:00;PR;116;14,8;CAMPINA GRANDE DO SUL;Não;Chuva;1;Saída de leito carroçável;Com Vítimas Fatais;Plena Noite;Crescente;Garoa/Chuvisco;Dupla;Curva;Não;1283136;Caminhonete;I/TOYOTA HILUX CD4X2 SR;2008;Passageiro;Lesões Graves;2;Masculino;0;0;1;0;-25,098325;-48,68105;SPRF-PR;DEL01-PR;UOP02-DEL01-PR
720358;1609138;22/09/2025;segunda-feira;21:40:00;PR;116;14,8;CAMPINA GRANDE DO SUL;Sim;Velocidade Incompatível;2;Capotamento;Com Vítimas Fatais;Plena Noite;Crescente;Garoa/Chuvisco;Dupla;Curva;Não;1283136;Caminhonete;I/TOYOTA HILUX CD4X2 SR;2008;Passageiro;Lesões Graves;2;Masculino;0;0;1;0;-25,098325;-48,68105;SPRF-PR;DEL01-PR;UOP02-DEL01-PR
720358;1609138;22/09/2025;segunda-feira;21:40:00;PR;116;14,8;CAMPINA GRANDE DO SUL;Sim;Velocidade Incompatível;1;Saída de leito carroçável;Com Vítimas Fatais;Plena Noite;Crescente;Garoa/Chuvisco;Dupla;Curva;Não;1283136;Caminhonete;I/TOYOTA HILUX CD4X2 SR;2008;Passageiro;Lesões Graves;2;Masculino;0;0;1;0;-25,098325;-48,68105;SPRF-PR;DEL01-PR;UOP02-DEL01-PR
720418;1607727;06/07/2025;domingo;20:50:00;PR;376;186;SARANDI;Sim;Manobra de mudança de faixa;2;Capotamento;Com Vítimas Feridas;Plena Noite;Decrescente;Céu Claro;Dupla;Reta;Sim;1283259;Caminhonete;I/FORD RANGER XLT CD4 32;2014;Passageiro;Ileso;7;Feminino;1;0;0;0;-23,447166;-51,860702;SPRF-PR;DEL09-PR;UOP01-DEL09-PR
720418;1607726;06/07/2025;domingo;20:50:00;PR;376;186;SARANDI;Sim;Manobra de mudança de faixa;2;Capotamento;Com Vítimas Feridas;Plena Noite;Decrescente;Céu Claro;Dupla;Reta;Sim;1283259;Caminhonete;I/FORD RANGER XLT CD4 32;2014;Passageiro;Ileso;6;Masculino;1;0;0;0;-23,447166;-51,860702;SPRF-PR;DEL09-PR;UOP01-DEL09-PR
720418;1607727;06/07/2025;domingo;20:50:00;PR;376;186;SARANDI;Sim;Manobra de mudança de faixa;1;Colisão traseira;Com Vítimas Feridas;Plena Noite;Decrescente;Céu Claro;Dupla;Reta;Sim;1283259;Caminhonete;I/FORD RANGER XLT CD4 32;2014;Passageiro;Ileso;7;Feminino;1;0;0;0;-23,447166;-51,860702;SPRF-PR;DEL09-PR;UOP01-DEL09-PR
720418;1607726;06/07/2025;domingo;20:50:00;PR;376;186;SARANDI;Sim;Manobra de mudança de faixa;1;Colisão traseira;Com Vítimas Feridas;Plena Noite;Decrescente;Céu Claro;Dupla;Reta;Sim;1283259;Caminhonete;I/FORD RANGER XLT CD4 32;2014;Passageiro;Ileso;6;Masculino;1;0;0;0;-23,447166;-51,860702;SPRF-PR;DEL09-PR;UOP01-DEL09-PR
720418;1607727;06/07/2025;domingo;20:50:00;PR;376;186;SARANDI;Não;Frear bruscamente;2;Capotamento;Com Vítimas Feridas;Plena Noite;Decrescente;Céu Claro;Dupla;Reta;Sim;1283259;Caminhonete;I/FORD RANGER XLT CD4 32;2014;Passageiro;Ileso;7;Feminino;1;0;0;0;-23,447166;-51,860702;SPRF-PR;DEL09-PR;UOP01-DEL09-PR
720418;1607726;06/07/2025;domingo;20:50:00;PR;376;186;SARANDI;Não;Frear bruscamente;2;Capotamento;Com Vítimas Feridas;Plena Noite;Decrescente;Céu Claro;Dupla;Reta;Sim;1283259;Caminhonete;I/FORD RANGER XLT CD4 32;2014;Passageiro;Ileso;6;Masculino;1;0;0;0;-23,447166;-51,860702;SPRF-PR;DEL09-PR;UOP01-DEL09-PR
720418;1607727;06/07/2025;domingo;20:50:00;PR;376;186;SARANDI;Não;Frear bruscamente;1;Colisão traseira;Com Vítimas Feridas;Plena Noite;Decrescente;Céu Claro;Dupla;Reta;Sim;1283259;Caminhonete;I/FORD RANGER XLT CD4 32;2014;Passageiro;Ileso;7;Feminino;1;0;0;0;-23,447166;-51,860702;SPRF-PR;DEL09-PR;UOP01-DEL09-PR
720418;1607726;06/07/2025;domingo;20:50:00;PR;376;186;SARANDI;Não;Frear bruscamente;1;Colisão traseira;Com Vítimas Feridas;Plena Noite;Decrescente;Céu Claro;Dupla;Reta;Sim;1283259;Caminhonete;I/FORD RANGER XLT CD4 32;2014;Passageiro;Ileso;6;Masculino;1;0;0;0;-23,447166;-51,860702;SPRF-PR;DEL09-PR;UOP01-DEL09-PR
720515;1608098;23/09/2025;terça-feira;19:15:00;PR;163;11;BARRACAO;Sim;Ausência de reação do condutor;1;Saída de leito carroçável;Com Vítimas Feridas;Plena Noite;Crescente;Céu Claro;Simples;Reta;Sim;1283554;Automóvel;VW/GOL SPECIAL;1999;Passageiro;Lesões Leves;5;Feminino;0;1;0;0;-26,24062;-53,635243;SPRF-PR;DEL02-PR;UOP02-DEL02-PR
720522;1608001;23/09/2025;terça-feira;20:00:00;PR;469;0,2;FOZ DO IGUACU;Sim;Ausência de reação do condutor;2;Queda de ocupante de veículo;Com Vítimas Feridas;Pleno dia;Decrescente;Céu Claro;Dupla;"Curva;Rotatória";Sim;1283477;Motocicleta;Não Informado/Não Informado;2018;Condutor;Lesões Leves;16;Masculino;0;1;0;0;-25,57716923;-54,55502629;SPRF-PR;DEL05-PR;UOP04-DEL05-PR
720522;1608001;23/09/2025;terça-feira;20:00:00;PR;469;0,2;FOZ DO IGUACU;Sim;Ausência de reação do condutor;1;Tombamento;Com Vítimas Feridas;Pleno dia;Decrescente;Céu Claro;Dupla;"Curva;Rotatória";Sim;1283477;Motocicleta;Não Informado/Não Informado;2018;Condutor;Lesões Leves;16;Masculino;0;1;0;0;-25,57716923;-54,55502629;SPRF-PR;DEL05-PR;UOP04-DEL05-PR
720539;1608054;23/09/2025;terça-feira;23:57:00;PR;277;694;SAO MIGUEL DO IGUACU;Sim;Acessar a via sem observar a presença dos outros veículos;1;Colisão lateral mesmo sentido;Com Vítimas Feridas;Plena Noite;Crescente;Céu Claro;Dupla;"Reta;Interseção de Vias";Não;1283516;Automóvel;I/FIAT SIENA ELX FLEX;2009;Passageiro;Ileso;7;Feminino;1;0;0;0;-25,3729326;-54,2731461;SPRF-PR;DEL05-PR;UOP01-DEL05-PR
720573;1608275;24/09/2025;quarta-feira;07:50:00;PR;277;650,6;MATELANDIA;Sim;Desrespeitar a preferência no cruzamento;1;Colisão transversal;Com Vítimas Feridas;Pleno dia;Crescente;Céu Claro;Simples;"Rotatória;Reta;Interseção de Vias";Sim;1283705;Automóvel;TOYOTA/COROLLA SEG18VVT;2006;Passageiro;Lesões Graves;11;Masculino;0;0;1;0;-25,194885;-53,941252;SPRF-PR;DEL05-PR;UOP02-DEL05-PR
720573;1608276;24/09/2025;quarta-feira;07:50:00;PR;277;650,6;MATELANDIA;Sim;Desrespeitar a preferência no cruzamento;1;Colisão transversal;Com Vítimas Feridas;Pleno dia;Crescente;Céu Claro;Simples;"Rotatória;Reta;Interseção de Vias";Sim;1283705;Automóvel;TOYOTA/COROLLA SEG18VVT;2006;Passageiro;Lesões Graves;13;Masculino;0;0;1;0;-25,194885;-53,941252;SPRF-PR;DEL05-PR;UOP02-DEL05-PR
720573;1608277;24/09/2025;quarta-feira;07:50:00;PR;277;650,6;MATELANDIA;Sim;Desrespeitar a preferência no cruzamento;1;Colisão transversal;Com Vítimas Feridas;Pleno dia;Crescente;Céu Claro;Simples;"Rotatória;Reta;Interseção de Vias";Sim;1283705;Automóvel;TOYOTA/COROLLA SEG18VVT;2006;Passageiro;Lesões Leves;5;Feminino;0;1;0;0;-25,194885;-53,941252;SPRF-PR;DEL05-PR;UOP02-DEL05-PR
720762;1609581;25/09/2025;quinta-feira;07:00:00;PR;476;277;SAO MATEUS DO SUL;Sim;Ultrapassagem Indevida;1;Colisão frontal;Com Vítimas Feridas;Pleno dia;Decrescente;Céu Claro;Simples;Reta;Sim;1284851;Automóvel;FIAT/SIENA ATTRACT 1.0;2019;Passageiro;Lesões Graves;1;Feminino;0;0;1;0;-25,87967783;-50,42803252;SPRF-PR;DEL02-PR;UOP03-DEL02-PR
720762;1609577;25/09/2025;quinta-feira;07:00:00;PR;476;277;SAO MATEUS DO SUL;Sim;Ultrapassagem Indevida;1;Colisão frontal;Com Vítimas Feridas;Pleno dia;Decrescente;Céu Claro;Simples;Reta;Sim;1284851;Automóvel;FIAT/SIENA ATTRACT 1.0;2019;Passageiro;Lesões Graves;4;Feminino;0;0;1;0;-25,87967783;-50,42803252;SPRF-PR;DEL02-PR;UOP03-DEL02-PR
721086;1611135;26/09/2025;sexta-feira;20:45:00;PR;277;143;BALSA NOVA;Sim;Demais falhas mecânicas ou elétricas;1;Incêndio;Sem Vítimas;Plena Noite;Crescente;Céu Claro;Dupla;Curva;Não;1284645;Automóvel;RENAULT/MEGANEGT DYN 16;2011;Passageiro;Ileso;7;Masculino;1;0;0;0;-25,47;-49,69;SPRF-PR;DEL03-PR;UOP03-DEL03-PR
721086;1611134;26/09/2025;sexta-feira;20:45:00;PR;277;143;BALSA NOVA;Sim;Demais falhas mecânicas ou elétricas;1;Incêndio;Sem Vítimas;Plena Noite;Crescente;Céu Claro;Dupla;Curva;Não;1284645;Automóvel;RENAULT/MEGANEGT DYN 16;2011;Passageiro;Ileso;11;Masculino;1;0;0;0;-25,47;-49,69;SPRF-PR;DEL03-PR;UOP03-DEL03-PR
721086;1611132;26/09/2025;sexta-feira;20:45:00;PR;277;143;BALSA NOVA;Sim;Demais falhas mecânicas ou elétricas;1;Incêndio;Sem Vítimas;Plena Noite;Crescente;Céu Claro;Dupla;Curva;Não;1284645;Automóvel;RENAULT/MEGANEGT DYN 16;2011;Passageiro;Ileso;12;Feminino;1;0;0;0;-25,47;-49,69;SPRF-PR;DEL03-PR;UOP03-DEL03-PR
721163;1618928;27/09/2025;sábado;04:30:00;PR;376;521;PONTA GROSSA;Sim;Condutor Dormindo;1;Saída de leito carroçável;Sem Vítimas;Plena Noite;Crescente;Ignorado;Dupla;Reta;Não;1284780;Camioneta;JEEP/RENEGADE LNGTD AT;2017;Passageiro;Ileso;12;Masculino;1;0;0;0;-25,26092907;-49,97815651;SPRF-PR;DEL03-PR;UOP04-DEL03-PR
721163;1618927;27/09/2025;sábado;04:30:00;PR;376;521;PONTA GROSSA;Sim;Condutor Dormindo;1;Saída de leito carroçável;Sem Vítimas;Plena Noite;Crescente;Ignorado;Dupla;Reta;Não;1284780;Camioneta;JEEP/RENEGADE LNGTD AT;2017;Passageiro;Ileso;4;Masculino;1;0;0;0;-25,26092907;-49,97815651;SPRF-PR;DEL03-PR;UOP04-DEL03-PR
721197;1609604;27/09/2025;sábado;10:40:00;PR;153;335;IRATI;Não;Condutor deixou de manter distância do veículo da frente;2;Colisão traseira;Com Vítimas Feridas;Pleno dia;Decrescente;Céu Claro;Simples;Reta;Sim;1284875;Automóvel;TOYOTA/COROLLA XEI20FLEX;2015;Passageiro;Ileso;3;Feminino;1;0;0;0;-25,49731327;-50,64797044;SPRF-PR;DEL08-PR;UOP02-DEL08-PR
721197;1609584;27/09/2025;sábado;10:40:00;PR;153;335;IRATI;Não;Condutor deixou de manter distância do veículo da frente;2;Colisão traseira;Com Vítimas Feridas;Pleno dia;Decrescente;Céu Claro;Simples;Reta;Sim;1284854;Automóvel;VW/GOL 1.0;2007;Passageiro;Lesões Leves;13;Feminino;0;1;0;0;-25,49731327;-50,64797044;SPRF-PR;DEL08-PR;UOP02-DEL08-PR
721197;1609604;27/09/2025;sábado;10:40:00;PR;153;335;IRATI;Não;Condutor deixou de manter distância do veículo da frente;1;Colisão traseira;Com Vítimas Feridas;Pleno dia;Decrescente;Céu Claro;Simples;Reta;Sim;1284875;Automóvel;TOYOTA/COROLLA XEI20FLEX;2015;Passageiro;Ileso;3;Feminino;1;0;0;0;-25,49731327;-50,64797044;SPRF-PR;DEL08-PR;UOP02-DEL08-PR
721197;1609584;27/09/2025;sábado;10:40:00;PR;153;335;IRATI;Não;Condutor deixou de manter distância do veículo da frente;1;Colisão traseira;Com Vítimas Feridas;Pleno dia;Decrescente;Céu Claro;Simples;Reta;Sim;1284854;Automóvel;VW/GOL 1.0;2007;Passageiro;Lesões Leves;13;Feminino;0;1;0;0;-25,49731327;-50,64797044;SPRF-PR;DEL08-PR;UOP02-DEL08-PR
721197;1609604;27/09/2025;sábado;10:40:00;PR;153;335;IRATI;Sim;Reação tardia ou ineficiente do condutor;2;Colisão traseira;Com Vítimas Feridas;Pleno dia;Decrescente;Céu Claro;Simples;Reta;Sim;1284875;Automóvel;TOYOTA/COROLLA XEI20FLEX;2015;Passageiro;Ileso;3;Feminino;1;0;0;0;-25,49731327;-50,64797044;SPRF-PR;DEL08-PR;UOP02-DEL08-PR
721197;1609584;27/09/2025;sábado;10:40:00;PR;153;335;IRATI;Sim;Reação tardia ou ineficiente do condutor;2;Colisão traseira;Com Vítimas Feridas;Pleno dia;Decrescente;Céu Claro;Simples;Reta;Sim;1284854;Automóvel;VW/GOL 1.0;2007;Passageiro;Lesões Leves;13;Feminino;0;1;0;0;-25,49731327;-50,64797044;SPRF-PR;DEL08-PR;UOP02-DEL08-PR
721197;1609604;27/09/2025;sábado;10:40:00;PR;153;335;IRATI;Sim;Reação tardia ou ineficiente do condutor;1;Colisão traseira;Com Vítimas Feridas;Pleno dia;Decrescente;Céu Claro;Simples;Reta;Sim;1284875;Automóvel;TOYOTA/COROLLA XEI20FLEX;2015;Passageiro;Ileso;3;Feminino;1;0;0;0;-25,49731327;-50,64797044;SPRF-PR;DEL08-PR;UOP02-DEL08-PR
721197;1609584;27/09/2025;sábado;10:40:00;PR;153;335;IRATI;Sim;Reação tardia ou ineficiente do condutor;1;Colisão traseira;Com Vítimas Feridas;Pleno dia;Decrescente;Céu Claro;Simples;Reta;Sim;1284854;Automóvel;VW/GOL 1.0;2007;Passageiro;Lesões Leves;13;Feminino;0;1;0;0;-25,49731327;-50,64797044;SPRF-PR;DEL08-PR;UOP02-DEL08-PR
721256;1609884;27/09/2025;sábado;15:10:00;PR;116;15;COLOMBO;Não;Reação tardia ou ineficiente do condutor;1;Colisão traseira;Com Vítimas Feridas;Pleno dia;Decrescente;Céu Claro;Dupla;Reta;Sim;1285091;Automóvel;FORD/KA SE AT 1.5 HA C;2019;Passageiro;Ileso;8;Masculino;1;0;0;0;-25,38235883;-49,16535258;SPRF-PR;DEL01-PR;UOP02-DEL01-PR
721256;1609884;27/09/2025;sábado;15:10:00;PR;116;15;COLOMBO;Sim;Condutor deixou de manter distância do veículo da frente;1;Colisão traseira;Com Vítimas Feridas;Pleno dia;Decrescente;Céu Claro;Dupla;Reta;Sim;1285091;Automóvel;FORD/KA SE AT 1.5 HA C;2019;Passageiro;Ileso;8;Masculino;1;0;0;0;-25,38235883;-49,16535258;SPRF-PR;DEL01-PR;UOP02-DEL01-PR
721265;1609862;27/09/2025;sábado;15:45:00;PR;277;221,4;TEIXEIRA SOARES;Não;Demais Fenômenos da natureza;3;Tombamento;Com Vítimas Fatais;Pleno dia;Decrescente;Céu Claro;Simples;"Reta;Declive";Não;1284977;Caminhonete;FIAT/TORO FREEDOM AT;2018;Passageiro;Lesões Leves;13;Masculino;0;1;0;0;-25,468471;-50,403049;SPRF-PR;DEL08-PR;UOP02-DEL08-PR
721265;1609862;27/09/2025;sábado;15:45:00;PR;277;221,4;TEIXEIRA SOARES;Não;Demais Fenômenos da natureza;2;Capotamento;Com Vítimas Fatais;Pleno dia;Decrescente;Céu Claro;Simples;"Reta;Declive";Não;1284977;Caminhonete;FIAT/TORO FREEDOM AT;2018;Passageiro;Lesões Leves;13;Masculino;0;1;0;0;-25,468471;-50,403049;SPRF-PR;DEL08-PR;UOP02-DEL08-PR
721265;1609862;27/09/2025;sábado;15:45:00;PR;277;221,4;TEIXEIRA SOARES;Não;Demais Fenômenos da natureza;1;Colisão frontal;Com Vítimas Fatais;Pleno dia;Decrescente;Céu Claro;Simples;"Reta;Declive";Não;1284977;Caminhonete;FIAT/TORO FREEDOM AT;2018;Passageiro;Lesões Leves;13;Masculino;0;1;0;0;-25,468471;-50,403049;SPRF-PR;DEL08-PR;UOP02-DEL08-PR
721265;1609862;27/09/2025;sábado;15:45:00;PR;277;221,4;TEIXEIRA SOARES;Sim;Transitar na contramão;3;Tombamento;Com Vítimas Fatais;Pleno dia;Decrescente;Céu Claro;Simples;"Reta;Declive";Não;1284977;Caminhonete;FIAT/TORO FREEDOM AT;2018;Passageiro;Lesões Leves;13;Masculino;0;1;0;0;-25,468471;-50,403049;SPRF-PR;DEL08-PR;UOP02-DEL08-PR
721265;1609862;27/09/2025;sábado;15:45:00;PR;277;221,4;TEIXEIRA SOARES;Sim;Transitar na contramão;2;Capotamento;Com Vítimas Fatais;Pleno dia;Decrescente;Céu Claro;Simples;"Reta;Declive";Não;1284977;Caminhonete;FIAT/TORO FREEDOM AT;2018;Passageiro;Lesões Leves;13;Masculino;0;1;0;0;-25,468471;-50,403049;SPRF-PR;DEL08-PR;UOP02-DEL08-PR
721265;1609862;27/09/2025;sábado;15:45:00;PR;277;221,4;TEIXEIRA SOARES;Sim;Transitar na contramão;1;Colisão frontal;Com Vítimas Fatais;Pleno dia;Decrescente;Céu Claro;Simples;"Reta;Declive";Não;1284977;Caminhonete;FIAT/TORO FREEDOM AT;2018;Passageiro;Lesões Leves;13;Masculino;0;1;0;0;-25,468471;-50,403049;SPRF-PR;DEL08-PR;UOP02-DEL08-PR
721601;1610575;28/09/2025;domingo;20:30:00;PR;163;250;TOLEDO;Não;Ingestão de álcool pelo condutor;3;Queda de ocupante de veículo;Com Vítimas Fatais;Plena Noite;Crescente;Céu Claro;Dupla;Reta;Não;1285600;Automóvel;VW/NOVO GOL TL MCV;2017;Passageiro;Ileso;8;Masculino;1;0;0;0;-24,68546336;-53,77358884;SPRF-PR;DEL06-PR;UOP02-DEL06-PR
721601;1610575;28/09/2025;domingo;20:30:00;PR;163;250;TOLEDO;Não;Ingestão de álcool pelo condutor;2;Tombamento;Com Vítimas Fatais;Plena Noite;Crescente;Céu Claro;Dupla;Reta;Não;1285600;Automóvel;VW/NOVO GOL TL MCV;2017;Passageiro;Ileso;8;Masculino;1;0;0;0;-24,68546336;-53,77358884;SPRF-PR;DEL06-PR;UOP02-DEL06-PR
721601;1610575;28/09/2025;domingo;20:30:00;PR;163;250;TOLEDO;Não;Ingestão de álcool pelo condutor;1;Colisão frontal;Com Vítimas Fatais;Plena Noite;Crescente;Céu Claro;Dupla;Reta;Não;1285600;Automóvel;VW/NOVO GOL TL MCV;2017;Passageiro;Ileso;8;Masculino;1;0;0;0;-24,68546336;-53,77358884;SPRF-PR;DEL06-PR;UOP02-DEL06-PR
721601;1610575;28/09/2025;domingo;20:30:00;PR;163;250;TOLEDO;Sim;Transitar na contramão;3;Queda de ocupante de veículo;Com Vítimas Fatais;Plena Noite;Crescente;Céu Claro;Dupla;Reta;Não;1285600;Automóvel;VW/NOVO GOL TL MCV;2017;Passageiro;Ileso;8;Masculino;1;0;0;0;-24,68546336;-53,77358884;SPRF-PR;DEL06-PR;UOP02-DEL06-PR
721601;1610575;28/09/2025;domingo;20:30:00;PR;163;250;TOLEDO;Sim;Transitar na contramão;2;Tombamento;Com Vítimas Fatais;Plena Noite;Crescente;Céu Claro;Dupla;Reta;Não;1285600;Automóvel;VW/NOVO GOL TL MCV;2017;Passageiro;Ileso;8;Masculino;1;0;0;0;-24,68546336;-53,77358884;SPRF-PR;DEL06-PR;UOP02-DEL06-PR
721601;1610575;28/09/2025;domingo;20:30:00;PR;163;250;TOLEDO;Sim;Transitar na contramão;1;Colisão frontal;Com Vítimas Fatais;Plena Noite;Crescente;Céu Claro;Dupla;Reta;Não;1285600;Automóvel;VW/NOVO GOL TL MCV;2017;Passageiro;Ileso;8;Masculino;1;0;0;0;-24,68546336;-53,77358884;SPRF-PR;DEL06-PR;UOP02-DEL06-PR
721637;1610646;21/09/2025;domingo;17:00:00;PR;376;442;TIBAGI;Não;Reação tardia ou ineficiente do condutor;1;Capotamento;Com Vítimas Feridas;Pleno dia;Crescente;Chuva;Dupla;Reta;Não;1285645;Automóvel;FIAT/PALIO YOUNG;2001;Passageiro;Lesões Leves;2;Feminino;0;1;0;0;-24,5343185;-50,69452286;SPRF-PR;DEL03-PR;UOP02-DEL03-PR
721637;1610646;21/09/2025;domingo;17:00:00;PR;376;442;TIBAGI;Sim;Chuva;1;Capotamento;Com Vítimas Feridas;Pleno dia;Crescente;Chuva;Dupla;Reta;Não;1285645;Automóvel;FIAT/PALIO YOUNG;2001;Passageiro;Lesões Leves;2;Feminino;0;1;0;0;-24,5343185;-50,69452286;SPRF-PR;DEL03-PR;UOP02-DEL03-PR
721760;1612670;29/09/2025;segunda-feira;19:30:00;PR;116;138;MANDIRITUBA;Sim;Reação tardia ou ineficiente do condutor;1;Atropelamento de Pedestre;Com Vítimas Feridas;Plena Noite;Crescente;Céu Claro;Dupla;"Reta;Aclive";Não;1285980;Automóvel;HONDA/CIVIC LX;1999;Passageiro;Ileso;10;Feminino;1;0;0;0;-25,752525;-49,317341;SPRF-PR;DEL01-PR;UOP03-DEL01-PR
721760;1612667;29/09/2025;segunda-feira;19:30:00;PR;116;138;MANDIRITUBA;Sim;Reação tardia ou ineficiente do condutor;1;Atropelamento de Pedestre;Com Vítimas Feridas;Plena Noite;Crescente;Céu Claro;Dupla;"Reta;Aclive";Não;1285980;Automóvel;HONDA/CIVIC LX;1999;Passageiro;Ileso;16;Feminino;1;0;0;0;-25,752525;-49,317341;SPRF-PR;DEL01-PR;UOP03-DEL01-PR
721887;1611358;30/09/2025;terça-feira;13:35:00;PR;376;614;SAO JOSE DOS PINHAIS;Não;Ausência de sinalização;1;Colisão traseira;Com Vítimas Feridas;Pleno dia;Crescente;Nublado;Múltipla;"Viaduto;Reta";Sim;1286190;Automóvel;VW/LOGUS CLI;1995;Passageiro;Lesões Leves;5;Masculino;0;1;0;0;-25,572744;-49,180464;SPRF-PR;DEL01-PR;UOP03-DEL01-PR
721887;1611358;30/09/2025;terça-feira;13:35:00;PR;376;614;SAO JOSE DOS PINHAIS;Não;Demais falhas mecânicas ou elétricas;1;Colisão traseira;Com Vítimas Feridas;Pleno dia;Crescente;Nublado;Múltipla;"Viaduto;Reta";Sim;1286190;Automóvel;VW/LOGUS CLI;1995;Passageiro;Lesões Leves;5;Masculino;0;1;0;0;-25,572744;-49,180464;SPRF-PR;DEL01-PR;UOP03-DEL01-PR
721887;1611358;30/09/2025;terça-feira;13:35:00;PR;376;614;SAO JOSE DOS PINHAIS;Não;Velocidade Incompatível;1;Colisão traseira;Com Vítimas Feridas;Pleno dia;Crescente;Nublado;Múltipla;"Viaduto;Reta";Sim;1286190;Automóvel;VW/LOGUS CLI;1995;Passageiro;Lesões Leves;5;Masculino;0;1;0;0;-25,572744;-49,180464;SPRF-PR;DEL01-PR;UOP03-DEL01-PR
721887;1611358;30/09/2025;terça-feira;13:35:00;PR;376;614;SAO JOSE DOS PINHAIS;Sim;Reação tardia ou ineficiente do condutor;1;Colisão traseira;Com Vítimas Feridas;Pleno dia;Crescente;Nublado;Múltipla;"Viaduto;Reta";Sim;1286190;Automóvel;VW/LOGUS CLI;1995;Passageiro;Lesões Leves;5;Masculino;0;1;0;0;-25,572744;-49,180464;SPRF-PR;DEL01-PR;UOP03-DEL01-PR
722196;1612043;02/10/2025;quinta-feira;07:40:00;PR;158;532;PATO BRANCO;Não;Condutor deixou de manter distância do veículo da frente;2;Queda de ocupante de veículo;Com Vítimas Feridas;Pleno dia;Decrescente;Céu Claro;Simples;"Aclive;Reta";Sim;1286840;Motocicleta;YAMAHA/YBR 125E;2001;Condutor;Lesões Leves;15;Masculino;0;1;0;0;-26,21461027;-52,68078446;SPRF-PR;DEL02-PR;UOP01-DEL02-PR
722196;1612043;02/10/2025;quinta-feira;07:40:00;PR;158;532;PATO BRANCO;Não;Condutor deixou de manter distância do veículo da frente;1;Colisão lateral mesmo sentido;Com Vítimas Feridas;Pleno dia;Decrescente;Céu Claro;Simples;"Aclive;Reta";Sim;1286840;Motocicleta;YAMAHA/YBR 125E;2001;Condutor;Lesões Leves;15;Masculino;0;1;0;0;-26,21461027;-52,68078446;SPRF-PR;DEL02-PR;UOP01-DEL02-PR
722196;1612043;02/10/2025;quinta-feira;07:40:00;PR;158;532;PATO BRANCO;Sim;Ultrapassagem Indevida;2;Queda de ocupante de veículo;Com Vítimas Feridas;Pleno dia;Decrescente;Céu Claro;Simples;"Aclive;Reta";Sim;1286840;Motocicleta;YAMAHA/YBR 125E;2001;Condutor;Lesões Leves;15;Masculino;0;1;0;0;-26,21461027;-52,68078446;SPRF-PR;DEL02-PR;UOP01-DEL02-PR
722196;1612043;02/10/2025;quinta-feira;07:40:00;PR;158;532;PATO BRANCO;Sim;Ultrapassagem Indevida;1;Colisão lateral mesmo sentido;Com Vítimas Feridas;Pleno dia;Decrescente;Céu Claro;Simples;"Aclive;Reta";Sim;1286840;Motocicleta;YAMAHA/YBR 125E;2001;Condutor;Lesões Leves;15;Masculino;0;1;0;0;-26,21461027;-52,68078446;SPRF-PR;DEL02-PR;UOP01-DEL02-PR
722281;1612238;10/07/2025;quinta-feira;13:30:00;PR;376;211;MANDAGUARI;Sim;Condutor Dormindo;1;Colisão traseira;Com Vítimas Feridas;Pleno dia;Decrescente;Céu Claro;Dupla;Curva;Não;1287005;Automóvel;I/CHEV CRUZE LT NB AT;2019;Passageiro;Lesões Leves;11;Masculino;0;1;0;0;-23,54973905;-51,66936368;SPRF-PR;DEL09-PR;UOP01-DEL09-PR
722281;1612237;10/07/2025;quinta-feira;13:30:00;PR;376;211;MANDAGUARI;Sim;Condutor Dormindo;1;Colisão traseira;Com Vítimas Feridas;Pleno dia;Decrescente;Céu Claro;Dupla;Curva;Não;1287005;Automóvel;I/CHEV CRUZE LT NB AT;2019;Passageiro;Lesões Leves;14;Feminino;0;1;0;0;-23,54973905;-51,66936368;SPRF-PR;DEL09-PR;UOP01-DEL09-PR