id;pesid;data_inversa;dia_semana;horario;uf;br;km;municipio;causa_principal;causa_acidente;ordem_tipo_acidente;tipo_acidente;classificacao_acidente;fase_dia;sentido_via;condicao_metereologica;tipo_pista;tracado_via;uso_solo;id_veiculo;tipo_veiculo;marca;ano_fabricacao_veiculo;tipo_envolvido;estado_fisico;idade;sexo;ilesos;feridos_leves;feridos_graves;mortos;latitude;longitude;regional;delegacia;uop
722396;1614325;03/10/2025;sexta-feira;07:30:00;PR;116;111,4;CURITIBA;Sim;Ausência de reação do condutor;1;Engavetamento;Com Vítimas Feridas;Pleno dia;Crescente;Nublado;Dupla;Reta;Não;1288677;Automóvel;I/PEUGEOT 308 ALLURE BVA;2013;Passageiro;Lesões Leves;7;Masculino;0;1;0;0;-25,559133;-49,266348;SPRF-PR;DEL01-PR;UOP03-DEL01-PR
722398;1612607;03/10/2025;sexta-feira;06:30:00;PR;376;75,5;GUAIRACA;Sim;Desrespeitar a preferência no cruzamento;1;Colisão transversal;Com Vítimas Feridas;Pleno dia;Crescente;Céu Claro;Simples;Interseção de Vias;Não;1287318;Automóvel;I/CHEVROLET AGILE LTZ;2010;Passageiro;Lesões Graves;9;Masculino;0;0;1;0;-22,9542181;-52,701558;SPRF-PR;DEL09-PR;UOP02-DEL09-PR
722459;1612772;03/10/2025;sexta-feira;11:50:00;PR;153;82,7;CONSELHEIRO MAIRINCK;Sim;Desrespeitar a preferência no cruzamento;1;Colisão transversal;Com Vítimas Fatais;Pleno dia;Decrescente;Céu Claro;Simples;"Interseção de Vias;Rotatória";Não;1287447;Automóvel;VW/SANTANA;1998;Passageiro;Ileso;1;Masculino;1;0;0;0;-23,62737;-50,14771;SPRF-PR;DEL07-PR;UOP04-DEL07-PR
722466;1612675;03/10/2025;sexta-feira;07:45:00;PR;376;332;ORTIGUEIRA;Não;Demais falhas mecânicas ou elétricas;2;Colisão com objeto;Com Vítimas Feridas;Pleno dia;Crescente;Chuva;Simples;"Curva;Declive";Não;1287383;Automóvel;CHEV/PRISMA 1.4MT LT;2019;Passageiro;Lesões Leves;15;Feminino;0;1;0;0;-24,11842778;-51,01984262;SPRF-PR;DEL07-PR;UOP02-DEL07-PR
722466;1612676;03/10/2025;sexta-feira;07:45:00;PR;376;332;ORTIGUEIRA;Não;Demais falhas mecânicas ou elétricas;2;Colisão com objeto;Com Vítimas Feridas;Pleno dia;Crescente;Chuva;Simples;"Curva;Declive";Não;1287383;Automóvel;CHEV/PRISMA 1.4MT LT;2019;Passageiro;Lesões Graves;10;Masculino;0;0;1;0;-24,11842778;-51,01984262;SPRF-PR;DEL07-PR;UOP02-DEL07-PR
722466;1612675;03/10/2025;sexta-feira;07:45:00;PR;376;332;ORTIGUEIRA;Não;Demais falhas mecânicas ou elétricas;1;Saída de leito carroçável;Com Vítimas Feridas;Pleno dia;Crescente;Chuva;Simples;"Curva;Declive";Não;1287383;Automóvel;CHEV/PRISMA 1.4MT LT;2019;Passageiro;Lesões Leves;15;Feminino;0;1;0;0;-24,11842778;-51,01984262;SPRF-PR;DEL07-PR;UOP02-DEL07-PR
722466;1612676;03/10/2025;sexta-feira;07:45:00;PR;376;332;ORTIGUEIRA;Não;Demais falhas mecânicas ou elétricas;1;Saída de leito carroçável;Com Vítimas Feridas;Pleno dia;Crescente;Chuva;Simples;"Curva;Declive";Não;1287383;Automóvel;CHEV/PRISMA 1.4MT LT;2019;Passageiro;Lesões Graves;10;Masculino;0;0;1;0;-24,11842778;-51,01984262;SPRF-PR;DEL07-PR;UOP02-DEL07-PR
722466;1612675;03/10/2025;sexta-feira;07:45:00;PR;376;332;ORTIGUEIRA;Sim;Chuva;2;Colisão com objeto;Com Vítimas Feridas;Pleno dia;Crescente;Chuva;Simples;"Curva;Declive";Não;1287383;Automóvel;CHEV/PRISMA 1.4MT LT;2019;Passageiro;Lesões Leves;15;Feminino;0;1;0;0;-24,11842778;-51,01984262;SPRF-PR;DEL07-PR;UOP02-DEL07-PR
722466;1612676;03/10/2025;sexta-feira;07:45:00;PR;376;332;ORTIGUEIRA;Sim;Chuva;2;Colisão com objeto;Com Vítimas Feridas;Pleno dia;Crescente;Chuva;Simples;"Curva;Declive";Não;1287383;Automóvel;CHEV/PRISMA 1.4MT LT;2019;Passageiro;Lesões Graves;10;Masculino;0;0;1;0;-24,11842778;-51,01984262;SPRF-PR;DEL07-PR;UOP02-DEL07-PR
722466;1612675;03/10/2025;sexta-feira;07:45:00;PR;376;332;ORTIGUEIRA;Sim;Chuva;1;Saída de leito carroçável;Com Vítimas Feridas;Pleno dia;Crescente;Chuva;Simples;"Curva;Declive";Não;1287383;Automóvel;CHEV/PRISMA 1.4MT LT;2019;Passageiro;Lesões Leves;15;Feminino;0;1;0;0;-24,11842778;-51,01984262;SPRF-PR;DEL07-PR;UOP02-DEL07-PR
722466;1612676;03/10/2025;sexta-feira;07:45:00;PR;376;332;ORTIGUEIRA;Sim;Chuva;1;Saída de leito carroçável;Com Vítimas Feridas;Pleno dia;Crescente;Chuva;Simples;"Curva;Declive";Não;1287383;Automóvel;CHEV/PRISMA 1.4MT LT;2019;Passageiro;Lesões Graves;10;Masculino;0;0;1;0;-24,11842778;-51,01984262;SPRF-PR;DEL07-PR;UOP02-DEL07-PR
722597;1613042;03/10/2025;sexta-feira;17:30:00;PR;116;209,1;RIO NEGRO;Não;Chuva;1;Colisão transversal;Com Vítimas Feridas;Anoitecer;Decrescente;Chuva;Simples;"Retorno Regulamentado;Reta;Rotatória";Sim;1287656;Automóvel;VW/GOL SPECIAL;2001;Passageiro;Lesões Leves;6;Feminino;0;1;0;0;-26,08723611;-49,77967501;SPRF-SC;DEL06-SC;UOP01-DEL06-SC
722597;1613042;03/10/2025;sexta-feira;17:30:00;PR;116;209,1;RIO NEGRO;Sim;Acessar a via sem observar a presença dos outros veículos;1;Colisão transversal;Com Vítimas Feridas;Anoitecer;Decrescente;Chuva;Simples;"Retorno Regulamentado;Reta;Rotatória";Sim;1287656;Automóvel;VW/GOL SPECIAL;2001;Passageiro;Lesões Leves;6;Feminino;0;1;0;0;-26,08723611;-49,77967501;SPRF-SC;DEL06-SC;UOP01-DEL06-SC
722606;1613094;04/10/2025;sábado;02:45:00;PR;277;721,8;FOZ DO IGUACU;Sim;Desrespeitar a preferência no cruzamento;2;Colisão traseira;Com Vítimas Feridas;Plena Noite;Crescente;Céu Claro;Dupla;"Retorno Regulamentado;Reta";Sim;1287696;Automóvel;FORD/KA SE 1.5 SD;2015;Passageiro;Lesões Leves;2;Feminino;0;1;0;0;-25,4931588;-54,51668143;SPRF-PR;DEL05-PR;UOP03-DEL05-PR
722606;1613095;04/10/2025;sábado;02:45:00;PR;277;721,8;FOZ DO IGUACU;Sim;Desrespeitar a preferência no cruzamento;2;Colisão traseira;Com Vítimas Feridas;Plena Noite;Crescente;Céu Claro;Dupla;"Retorno Regulamentado;Reta";Sim;1287696;Automóvel;FORD/KA SE 1.5 SD;2015;Passageiro;Lesões Leves;11;Feminino;0;1;0;0;-25,4931588;-54,51668143;SPRF-PR;DEL05-PR;UOP03-DEL05-PR
722606;1613094;04/10/2025;sábado;02:45:00;PR;277;721,8;FOZ DO IGUACU;Sim;Desrespeitar a preferência no cruzamento;1;Colisão transversal;Com Vítimas Feridas;Plena Noite;Crescente;Céu Claro;Dupla;"Retorno Regulamentado;Reta";Sim;1287696;Automóvel;FORD/KA SE 1.5 SD;2015;Passageiro;Lesões Leves;2;Feminino;0;1;0;0;-25,4931588;-54,51668143;SPRF-PR;DEL05-PR;UOP03-DEL05-PR
722606;1613095;04/10/2025;sábado;02:45:00;PR;277;721,8;FOZ DO IGUACU;Sim;Desrespeitar a preferência no cruzamento;1;Colisão transversal;Com Vítimas Feridas;Plena Noite;Crescente;Céu Claro;Dupla;"Retorno Regulamentado;Reta";Sim;1287696;Automóvel;FORD/KA SE 1.5 SD;2015;Passageiro;Lesões Leves;11;Feminino;0;1;0;0;-25,4931588;-54,51668143;SPRF-PR;DEL05-PR;UOP03-DEL05-PR
722642;1616968;04/10/2025;sábado;05:47:00;PR;369;48;BANDEIRANTES;Sim;Ingestão de álcool pelo condutor;1;Colisão lateral sentido oposto;Sem Vítimas;Amanhecer;Crescente;Céu Claro;Simples;Reta;Não;1287753;Camioneta;I/HYUNDAI SANTA FE 3.5;2010;Passageiro;Ileso;12;Feminino;1;0;0;0;-23,11784284;-50,32158248;SPRF-PR;DEL07-PR;UOP05-DEL07-PR
722642;1616964;04/10/2025;sábado;05:47:00;PR;369;48;BANDEIRANTES;Sim;Ingestão de álcool pelo condutor;1;Colisão lateral sentido oposto;Sem Vítimas;Amanhecer;Crescente;Céu Claro;Simples;Reta;Não;1287753;Camioneta;I/HYUNDAI SANTA FE 3.5;2010;Passageiro;Ileso;10;Feminino;1;0;0;0;-23,11784284;-50,32158248;SPRF-PR;DEL07-PR;UOP05-DEL07-PR
722642;1616968;04/10/2025;sábado;05:47:00;PR;369;48;BANDEIRANTES;Não;Ingestão de substâncias psicoativas pelo condutor;1;Colisão lateral sentido oposto;Sem Vítimas;Amanhecer;Crescente;Céu Claro;Simples;Reta;Não;1287753;Camioneta;I/HYUNDAI SANTA FE 3.5;2010;Passageiro;Ileso;12;Feminino;1;0;0;0;-23,11784284;-50,32158248;SPRF-PR;DEL07-PR;UOP05-DEL07-PR
722642;1616964;04/10/2025;sábado;05:47:00;PR;369;48;BANDEIRANTES;Não;Ingestão de substâncias psicoativas pelo condutor;1;Colisão lateral sentido oposto;Sem Vítimas;Amanhecer;Crescente;Céu Claro;Simples;Reta;Não;1287753;Camioneta;I/HYUNDAI SANTA FE 3.5;2010;Passageiro;Ileso;10;Feminino;1;0;0;0;-23,11784284;-50,32158248;SPRF-PR;DEL07-PR;UOP05-DEL07-PR
722780;1615886;04/10/2025;sábado;19:35:00;PR;153;24,6;JACAREZINHO;Sim;Desrespeitar a preferência no cruzamento;1;Colisão transversal;Com Vítimas Feridas;Plena Noite;Crescente;Céu Claro;Simples;"Interseção de Vias;Curva";Não;1288057;Automóvel;GM/ASTRA GL;2001;Passageiro;Lesões Leves;5;Masculino;0;1;0;0;-23,18936802;-49,98590318;SPRF-PR;DEL07-PR;UOP04-DEL07-PR
722780;1615885;04/10/2025;sábado;19:35:00;PR;153;24,6;JACAREZINHO;Sim;Desrespeitar a preferência no cruzamento;1;Colisão transversal;Com Vítimas Feridas;Plena Noite;Crescente;Céu Claro;Simples;"Interseção de Vias;Curva";Não;1288057;Automóvel;GM/ASTRA GL;2001;Passageiro;Ileso;2;Feminino;1;0;0;0;-23,18936802;-49,98590318;SPRF-PR;DEL07-PR;UOP04-DEL07-PR
722780;1615884;04/10/2025;sábado;19:35:00;PR;153;24,6;JACAREZINHO;Sim;Desrespeitar a preferência no cruzamento;1;Colisão transversal;Com Vítimas Feridas;Plena Noite;Crescente;Céu Claro;Simples;"Interseção de Vias;Curva";Não;1288057;Automóvel;GM/ASTRA GL;2001;Passageiro;Lesões Leves;13;Masculino;0;1;0;0;-23,18936802;-49,98590318;SPRF-PR;DEL07-PR;UOP04-DEL07-PR
723382;1614914;07/10/2025;terça-feira;13:10:00;PR;277;31;MORRETES;Sim;Manobra de mudança de faixa;3;Colisão com objeto;Com Vítimas Feridas;Pleno dia;Crescente;Chuva;Dupla;Curva;Não;1289165;Automóvel;CHEVROLET/ONIX 1.0MT LT;2019;Passageiro;Lesões Leves;9;Masculino;0;1;0;0;-25,55991302;-48,80748774;SPRF-PR;DEL01-PR;UOP05-DEL01-PR
723382;1614913;07/10/2025;terça-feira;13:10:00;PR;277;31;MORRETES;Sim;Manobra de mudança de faixa;3;Colisão com objeto;Com Vítimas Feridas;Pleno dia;Crescente;Chuva;Dupla;Curva;Não;1289165;Automóvel;CHEVROLET/ONIX 1.0MT LT;2019;Passageiro;Lesões Leves;10;Feminino;0;1;0;0;-25,55991302;-48,80748774;SPRF-PR;DEL01-PR;UOP05-DEL01-PR
723382;1614914;07/10/2025;terça-feira;13:10:00;PR;277;31;MORRETES;Sim;Manobra de mudança de faixa;2;Capotamento;Com Vítimas Feridas;Pleno dia;Crescente;Chuva;Dupla;Curva;Não;1289165;Automóvel;CHEVROLET/ONIX 1.0MT LT;2019;Passageiro;Lesões Leves;9;Masculino;0;1;0;0;-25,55991302;-48,80748774;SPRF-PR;DEL01-PR;UOP05-DEL01-PR
723382;1614913;07/10/2025;terça-feira;13:10:00;PR;277;31;MORRETES;Sim;Manobra de mudança de faixa;2;Capotamento;Com Vítimas Feridas;Pleno dia;Crescente;Chuva;Dupla;Curva;Não;1289165;Automóvel;CHEVROLET/ONIX 1.0MT LT;2019;Passageiro;Lesões Leves;10;Feminino;0;1;0;0;-25,55991302;-48,80748774;SPRF-PR;DEL01-PR;UOP05-DEL01-PR
723382;1614914;07/10/2025;terça-feira;13:10:00;PR;277;31;MORRETES;Sim;Manobra de mudança de faixa;1;Saída de leito carroçável;Com Vítimas Feridas;Pleno dia;Crescente;Chuva;Dupla;Curva;Não;1289165;Automóvel;CHEVROLET/ONIX 1.0MT LT;2019;Passageiro;Lesões Leves;9;Masculino;0;1;0;0;-25,55991302;-48,80748774;SPRF-PR;DEL01-PR;UOP05-DEL01-PR
723382;1614913;07/10/2025;terça-feira;13:10:00;PR;277;31;MORRETES;Sim;Manobra de mudança de faixa;1;Saída de leito carroçável;Com Vítimas Feridas;Pleno dia;Crescente;Chuva;Dupla;Curva;Não;1289165;Automóvel;CHEVROLET/ONIX 1.0MT LT;2019;Passageiro;Lesões Leves;10;Feminino;0;1;0;0;-25,55991302;-48,80748774;SPRF-PR;DEL01-PR;UOP05-DEL01-PR
723414;1614965;07/10/2025;terça-feira;16:00:00;PR;116;42;CAMPINA GRANDE DO SUL;Não;Velocidade Incompatível;2;Tombamento;Com Vítimas Feridas;Pleno dia;Crescente;Garoa/Chuvisco;Dupla;Curva;Não;1289194;Camioneta;I/TOYOTA HILUX SW4 D;2002;Passageiro;Ileso;15;Feminino;1;0;0;0;-25,17771871;-48,87933254;SPRF-PR;DEL01-PR;UOP02-DEL01-PR
723414;1614961;07/10/2025;terça-feira;16:00:00;PR;116;42;CAMPINA GRANDE DO SUL;Não;Velocidade Incompatível;2;Tombamento;Com Vítimas Feridas;Pleno dia;Crescente;Garoa/Chuvisco;Dupla;Curva;Não;1289194;Camioneta;I/TOYOTA HILUX SW4 D;2002;Passageiro;Ileso;16;Feminino;1;0;0;0;-25,17771871;-48,87933254;SPRF-PR;DEL01-PR;UOP02-DEL01-PR
723414;1614965;07/10/2025;terça-feira;16:00:00;PR;116;42;CAMPINA GRANDE DO SUL;Não;Velocidade Incompatível;1;Colisão com objeto;Com Vítimas Feridas;Pleno dia;Crescente;Garoa/Chuvisco;Dupla;Curva;Não;1289194;Camioneta;I/TOYOTA HILUX SW4 D;2002;Passageiro;Ileso;15;Feminino;1;0;0;0;-25,17771871;-48,87933254;SPRF-PR;DEL01-PR;UOP02-DEL01-PR
723414;1614961;07/10/2025;terça-feira;16:00:00;PR;116;42;CAMPINA GRANDE DO SUL;Não;Velocidade Incompatível;1;Colisão com objeto;Com Vítimas Feridas;Pleno dia;Crescente;Garoa/Chuvisco;Dupla;Curva;Não;1289194;Camioneta;I/TOYOTA HILUX SW4 D;2002;Passageiro;Ileso;16;Feminino;1;0;0;0;-25,17771871;-48,87933254;SPRF-PR;DEL01-PR;UOP02-DEL01-PR
723414;1614965;07/10/2025;terça-feira;16:00:00;PR;116;42;CAMPINA GRANDE DO SUL;Sim;Reação tardia ou ineficiente do condutor;2;Tombamento;Com Vítimas Feridas;Pleno dia;Crescente;Garoa/Chuvisco;Dupla;Curva;Não;1289194;Camioneta;I/TOYOTA HILUX SW4 D;2002;Passageiro;Ileso;15;Feminino;1;0;0;0;-25,17771871;-48,87933254;SPRF-PR;DEL01-PR;UOP02-DEL01-PR
723414;1614961;07/10/2025;terça-feira;16:00:00;PR;116;42;CAMPINA GRANDE DO SUL;Sim;Reação tardia ou ineficiente do condutor;2;Tombamento;Com Vítimas Feridas;Pleno dia;Crescente;Garoa/Chuvisco;Dupla;Curva;Não;1289194;Camioneta;I/TOYOTA HILUX SW4 D;2002;Passageiro;Ileso;16;Feminino;1;0;0;0;-25,17771871;-48,87933254;SPRF-PR;DEL01-PR;UOP02-DEL01-PR
723414;1614965;07/10/2025;terça-feira;16:00:00;PR;116;42;CAMPINA GRANDE DO SUL;Sim;Reação tardia ou ineficiente do condutor;1;Colisão com objeto;Com Vítimas Feridas;Pleno dia;Crescente;Garoa/Chuvisco;Dupla;Curva;Não;1289194;Camioneta;I/TOYOTA HILUX SW4 D;2002;Passageiro;Ileso;15;Feminino;1;0;0;0;-25,17771871;-48,87933254;SPRF-PR;DEL01-PR;UOP02-DEL01-PR
723414;1614961;07/10/2025;terça-feira;16:00:00;PR;116;42;CAMPINA GRANDE DO SUL;Sim;Reação tardia ou ineficiente do condutor;1;Colisão com objeto;Com Vítimas Feridas;Pleno dia;Crescente;Garoa/Chuvisco;Dupla;Curva;Não;1289194;Camioneta;I/TOYOTA HILUX SW4 D;2002;Passageiro;Ileso;16;Feminino;1;0;0;0;-25,17771871;-48,87933254;SPRF-PR;DEL01-PR;UOP02-DEL01-PR
723473;1615075;07/10/2025;terça-feira;19:25:00;PR;277;0,2;PARANAGUA;Não;Iluminação deficiente;3;Queda de ocupante de veículo;Com Vítimas Feridas;Plena Noite;Crescente;Nublado;Dupla;Interseção de Vias;Sim;1289303;Bicicleta;Não Informado/Não Informado;0;Condutor;Lesões Graves;16;Feminino;0;0;1;0;-25,55641367;-48,56396763;SPRF-PR;DEL01-PR;UOP05-DEL01-PR
723473;1615075;07/10/2025;terça-feira;19:25:00;PR;277;0,2;PARANAGUA;Não;Iluminação deficiente;2;Tombamento;Com Vítimas Feridas;Plena Noite;Crescente;Nublado;Dupla;Interseção de Vias;Sim;1289303;Bicicleta;Não Informado/Não Informado;0;Condutor;Lesões Graves;16;Feminino;0;0;1;0;-25,55641367;-48,56396763;SPRF-PR;DEL01-PR;UOP05-DEL01-PR
723473;1615075;07/10/2025;terça-feira;19:25:00;PR;277;0,2;PARANAGUA;Não;Iluminação deficiente;1;Colisão transversal;Com Vítimas Feridas;Plena Noite;Crescente;Nublado;Dupla;Interseção de Vias;Sim;1289303;Bicicleta;Não Informado/Não Informado;0;Condutor;Lesões Graves;16;Feminino;0;0;1;0;-25,55641367;-48,56396763;SPRF-PR;DEL01-PR;UOP05-DEL01-PR
723473;1615075;07/10/2025;terça-feira;19:25:00;PR;277;0,2;PARANAGUA;Sim;Acessar a via sem observar a presença dos outros veículos;3;Queda de ocupante de veículo;Com Vítimas Feridas;Plena Noite;Crescente;Nublado;Dupla;Interseção de Vias;Sim;1289303;Bicicleta;Não Informado/Não Informado;0;Condutor;Lesões Graves;16;Feminino;0;0;1;0;-25,55641367;-48,56396763;SPRF-PR;DEL01-PR;UOP05-DEL01-PR
723473;1615075;07/10/2025;terça-feira;19:25:00;PR;277;0,2;PARANAGUA;Sim;Acessar a via sem observar a presença dos outros veículos;2;Tombamento;Com Vítimas Feridas;Plena Noite;Crescente;Nublado;Dupla;Interseção de Vias;Sim;1289303;Bicicleta;Não Informado/Não Informado;0;Condutor;Lesões Graves;16;Feminino;0;0;1;0;-25,55641367;-48,56396763;SPRF-PR;DEL01-PR;UOP05-DEL01-PR
723473;1615075;07/10/2025;terça-feira;19:25:00;PR;277;0,2;PARANAGUA;Sim;Acessar a via sem observar a presença dos outros veículos;1;Colisão transversal;Com Vítimas Feridas;Plena Noite;Crescente;Nublado;Dupla;Interseção de Vias;Sim;1289303;Bicicleta;Não Informado/Não Informado;0;Condutor;Lesões Graves;16;Feminino;0;0;1;0;-25,55641367;-48,56396763;SPRF-PR;DEL01-PR;UOP05-DEL01-PR
723578;1615518;08/10/2025;quarta-feira;11:30:00;PR;277;37,9;MORRETES;Sim;Reação tardia ou ineficiente do condutor;1;Saída de leito carroçável;Sem Vítimas;Pleno dia;Crescente;Chuva;Dupla;Curva;Não;1289649;Automóvel;HONDA/CIVIC LXS FLEX;2008;Passageiro;Ileso;4;Feminino;1;0;0;0;-25,5744;-48,8538;SPRF-PR;DEL01-PR;UOP05-DEL01-PR
723758;1615902;09/10/2025;quinta-feira;07:15:00;PR;277;586,4;CASCAVEL;Não;Acessar a via sem observar a presença dos outros veículos;3;Queda de ocupante de veículo;Com Vítimas Feridas;Pleno dia;Crescente;Nublado;Simples;"Interseção de Vias;Reta";Sim;1289978;Automóvel;I/RENAULT FLUENCE PRI20A;2012;Passageiro;Ileso;15;Feminino;1;0;0;0;-24,9665933;-53,4241781;SPRF-PR;DEL04-PR;UOP01-DEL04-PR
723758;1615902;09/10/2025;quinta-feira;07:15:00;PR;277;586,4;CASCAVEL;Não;Acessar a via sem observar a presença dos outros veículos;2;Tombamento;Com Vítimas Feridas;Pleno dia;Crescente;Nublado;Simples;"Interseção de Vias;Reta";Sim;1289978;Automóvel;I/RENAULT FLUENCE PRI20A;2012;Passageiro;Ileso;15;Feminino;1;0;0;0;-24,9665933;-53,4241781;SPRF-PR;DEL04-PR;UOP01-DEL04-PR
723758;1615902;09/10/2025;quinta-feira;07:15:00;PR;277;586,4;CASCAVEL;Não;Acessar a via sem observar a presença dos outros veículos;1;Colisão transversal;Com Vítimas Feridas;Pleno dia;Crescente;Nublado;Simples;"Interseção de Vias;Reta";Sim;1289978;Automóvel;I/RENAULT FLUENCE PRI20A;2012;Passageiro;Ileso;15;Feminino;1;0;0;0;-24,9665933;-53,4241781;SPRF-PR;DEL04-PR;UOP01-DEL04-PR
723758;1615902;09/10/2025;quinta-feira;07:15:00;PR;277;586,4;CASCAVEL;Sim;Desrespeitar a preferência no cruzamento;3;Queda de ocupante de veículo;Com Vítimas Feridas;Pleno dia;Crescente;Nublado;Simples;"Interseção de Vias;Reta";Sim;1289978;Automóvel;I/RENAULT FLUENCE PRI20A;2012;Passageiro;Ileso;15;Feminino;1;0;0;0;-24,9665933;-53,4241781;SPRF-PR;DEL04-PR;UOP01-DEL04-PR
723758;1615902;09/10/2025;quinta-feira;07:15:00;PR;277;586,4;CASCAVEL;Sim;Desrespeitar a preferência no cruzamento;2;Tombamento;Com Vítimas Feridas;Pleno dia;Crescente;Nublado;Simples;"Interseção de Vias;Reta";Sim;1289978;Automóvel;I/RENAULT FLUENCE PRI20A;2012;Passageiro;Ileso;15;Feminino;1;0;0;0;-24,9665933;-53,4241781;SPRF-PR;DEL04-PR;UOP01-DEL04-PR
723758;1615902;09/10/2025;quinta-feira;07:15:00;PR;277;586,4;CASCAVEL;Sim;Desrespeitar a preferência no cruzamento;1;Colisão transversal;Com Vítimas Feridas;Pleno dia;Crescente;Nublado;Simples;"Interseção de Vias;Reta";Sim;1289978;Automóvel;I/RENAULT FLUENCE PRI20A;2012;Passageiro;Ileso;15;Feminino;1;0;0;0;-24,9665933;-53,4241781;SPRF-PR;DEL04-PR;UOP01-DEL04-PR
723873;1616031;09/10/2025;quinta-feira;14:20:00;PR;163;7,7;BARRACAO;Sim;Acessar a via sem observar a presença dos outros veículos;2;Saída de leito carroçável;Com Vítimas Feridas;Pleno dia;Decrescente;Nublado;Simples;Reta;Sim;1290067;Automóvel;CHEVROLET/CRUZE LT HB;2013;Passageiro;Lesões Leves;12;Feminino;0;1;0;0;-26,257745;-53,61852;SPRF-PR;DEL02-PR;UOP02-DEL02-PR
723873;1616031;09/10/2025;quinta-feira;14:20:00;PR;163;7,7;BARRACAO;Sim;Acessar a via sem observar a presença dos outros veículos;1;Colisão transversal;Com Vítimas Feridas;Pleno dia;Decrescente;Nublado;Simples;Reta;Sim;1290067;Automóvel;CHEVROLET/CRUZE LT HB;2013;Passageiro;Lesões Leves;12;Feminino;0;1;0;0;-26,257745;-53,61852;SPRF-PR;DEL02-PR;UOP02-DEL02-PR
723881;1616246;09/10/2025;quinta-feira;12:22:00;PR;476;297,6;SAO MATEUS DO SUL;Sim;Desrespeitar a preferência no cruzamento;1;Colisão transversal;Com Vítimas Feridas;Pleno dia;Decrescente;Garoa/Chuvisco;Simples;Reta;Não;1290080;Caminhão-trator;SCANIA/R124 LA6X2NA 420;2007;Passageiro;Lesões Leves;5;Masculino;0;1;0;0;-25,97387;-50,54581;SPRF-PR;DEL02-PR;UOP03-DEL02-PR
723881;1616245;09/10/2025;quinta-feira;12:22:00;PR;476;297,6;SAO MATEUS DO SUL;Sim;Desrespeitar a preferência no cruzamento;1;Colisão transversal;Com Vítimas Feridas;Pleno dia;Decrescente;Garoa/Chuvisco;Simples;Reta;Não;1290080;Caminhão-trator;SCANIA/R124 LA6X2NA 420;2007;Passageiro;Lesões Leves;3;Masculino;0;1;0;0;-25,97387;-50,54581;SPRF-PR;DEL02-PR;UOP03-DEL02-PR
723881;1616244;09/10/2025;quinta-feira;12:22:00;PR;476;297,6;SAO MATEUS DO SUL;Sim;Desrespeitar a preferência no cruzamento;1;Colisão transversal;Com Vítimas Feridas;Pleno dia;Decrescente;Garoa/Chuvisco;Simples;Reta;Não;1290080;Caminhão-trator;SCANIA/R124 LA6X2NA 420;2007;Passageiro;Lesões Graves;0;Feminino;0;0;1;0;-25,97387;-50,54581;SPRF-PR;DEL02-PR;UOP03-DEL02-PR
724014;1618805;10/10/2025;sexta-feira;09:50:00;PR;476;168,9;CONTENDA;Sim;Condutor deixou de manter distância do veículo da frente;2;Colisão com objeto;Com Vítimas Fatais;Pleno dia;Decrescente;Garoa/Chuvisco;Simples;Reta;Não;1290392;Automóvel;FORD/FIESTA 1.6;2002;Passageiro;Óbito;16;Masculino;0;0;0;1;-25,66802011;-49,50164644;SPRF-PR;DEL01-PR;UOP06-DEL01-PR
724014;1618803;10/10/2025;sexta-feira;09:50:00;PR;476;168,9;CONTENDA;Sim;Condutor deixou de manter distância do veículo da frente;2;Colisão com objeto;Com Vítimas Fatais;Pleno dia;Decrescente;Garoa/Chuvisco;Simples;Reta;Não;1290392;Automóvel;FORD/FIESTA 1.6;2002;Passageiro;Lesões Graves;14;Masculino;0;0;1;0;-25,66802011;-49,50164644;SPRF-PR;DEL01-PR;UOP06-DEL01-PR
724014;1618805;10/10/2025;sexta-feira;09:50:00;PR;476;168,9;CONTENDA;Sim;Condutor deixou de manter distância do veículo da frente;1;Colisão frontal;Com Vítimas Fatais;Pleno dia;Decrescente;Garoa/Chuvisco;Simples;Reta;Não;1290392;Automóvel;FORD/FIESTA 1.6;2002;Passageiro;Óbito;16;Masculino;0;0;0;1;-25,66802011;-49,50164644;SPRF-PR;DEL01-PR;UOP06-DEL01-PR
724014;1618803;10/10/2025;sexta-feira;09:50:00;PR;476;168,9;CONTENDA;Sim;Condutor deixou de manter distância do veículo da frente;1;Colisão frontal;Com Vítimas Fatais;Pleno dia;Decrescente;Garoa/Chuvisco;Simples;Reta;Não;1290392;Automóvel;FORD/FIESTA 1.6;2002;Passageiro;Lesões Graves;14;Masculino;0;0;1;0;-25,66802011;-49,50164644;SPRF-PR;DEL01-PR;UOP06-DEL01-PR
724226;1616922;11/10/2025;sábado;06:15:00;PR;277;65,8;SAO JOSE DOS PINHAIS;Sim;Estacionar ou parar em local proibido;3;Queda de ocupante de veículo;Com Vítimas Feridas;Amanhecer;Crescente;Nublado;Simples;Reta;Não;1290787;Caminhonete;VW/SAVEIRO CS RB MPI;2022;Passageiro;Ileso;13;Masculino;1;0;0;0;-25,52981;-49,086441;SPRF-PR;DEL01-PR;UOP01-DEL01-PR