id;pesid;data_inversa;dia_semana;horario;uf;br;km;municipio;causa_principal;causa_acidente;ordem_tipo_acidente;tipo_acidente;classificacao_acidente;fase_dia;sentido_via;condicao_metereologica;tipo_pista;tracado_via;uso_solo;id_veiculo;tipo_veiculo;marca;ano_fabricacao_veiculo;tipo_envolvido;estado_fisico;idade;sexo;ilesos;feridos_leves;feridos_graves;mortos;latitude;longitude;regional;delegacia;uop
724226;1616922;11/10/2025;sábado;06:15:00;PR;277;65,8;SAO JOSE DOS PINHAIS;Sim;Estacionar ou parar em local proibido;2;Tombamento;Com Vítimas Feridas;Amanhecer;Crescente;Nublado;Simples;Reta;Não;1290787;Caminhonete;VW/SAVEIRO CS RB MPI;2022;Passageiro;Ileso;13;Masculino;1;0;0;0;-25,52981;-49,086441;SPRF-PR;DEL01-PR;UOP01-DEL01-PR
724226;1616922;11/10/2025;sábado;06:15:00;PR;277;65,8;SAO JOSE DOS PINHAIS;Sim;Estacionar ou parar em local proibido;1;Colisão transversal;Com Vítimas Feridas;Amanhecer;Crescente;Nublado;Simples;Reta;Não;1290787;Caminhonete;VW/SAVEIRO CS RB MPI;2022;Passageiro;Ileso;13;Masculino;1;0;0;0;-25,52981;-49,086441;SPRF-PR;DEL01-PR;UOP01-DEL01-PR
724340;1617191;11/10/2025;sábado;16:45:00;PR;277;585;CASCAVEL;Não;Reação tardia ou ineficiente do condutor;2;Saída de leito carroçável;Com Vítimas Feridas;Pleno dia;Decrescente;Céu Claro;Simples;Reta;Não;1290983;Automóvel;CHEVROLET/ONIX 1.0MT LT;2017;Passageiro;Lesões Leves;14;Feminino;0;1;0;0;-24,96385658;-53,41554463;SPRF-PR;DEL04-PR;UOP01-DEL04-PR
724340;1617191;11/10/2025;sábado;16:45:00;PR;277;585;CASCAVEL;Não;Reação tardia ou ineficiente do condutor;1;Colisão frontal;Com Vítimas Feridas;Pleno dia;Decrescente;Céu Claro;Simples;Reta;Não;1290983;Automóvel;CHEVROLET/ONIX 1.0MT LT;2017;Passageiro;Lesões Leves;14;Feminino;0;1;0;0;-24,96385658;-53,41554463;SPRF-PR;DEL04-PR;UOP01-DEL04-PR
724340;1617191;11/10/2025;sábado;16:45:00;PR;277;585;CASCAVEL;Não;Manobra de mudança de faixa;2;Saída de leito carroçável;Com Vítimas Feridas;Pleno dia;Decrescente;Céu Claro;Simples;Reta;Não;1290983;Automóvel;CHEVROLET/ONIX 1.0MT LT;2017;Passageiro;Lesões Leves;14;Feminino;0;1;0;0;-24,96385658;-53,41554463;SPRF-PR;DEL04-PR;UOP01-DEL04-PR
724340;1617191;11/10/2025;sábado;16:45:00;PR;277;585;CASCAVEL;Não;Manobra de mudança de faixa;1;Colisão frontal;Com Vítimas Feridas;Pleno dia;Decrescente;Céu Claro;Simples;Reta;Não;1290983;Automóvel;CHEVROLET/ONIX 1.0MT LT;2017;Passageiro;Lesões Leves;14;Feminino;0;1;0;0;-24,96385658;-53,41554463;SPRF-PR;DEL04-PR;UOP01-DEL04-PR
724340;1617191;11/10/2025;sábado;16:45:00;PR;277;585;CASCAVEL;Sim;Transitar na contramão;2;Saída de leito carroçável;Com Vítimas Feridas;Pleno dia;Decrescente;Céu Claro;Simples;Reta;Não;1290983;Automóvel;CHEVROLET/ONIX 1.0MT LT;2017;Passageiro;Lesões Leves;14;Feminino;0;1;0;0;-24,96385658;-53,41554463;SPRF-PR;DEL04-PR;UOP01-DEL04-PR
724340;1617191;11/10/2025;sábado;16:45:00;PR;277;585;CASCAVEL;Sim;Transitar na contramão;1;Colisão frontal;Com Vítimas Feridas;Pleno dia;Decrescente;Céu Claro;Simples;Reta;Não;1290983;Automóvel;CHEVROLET/ONIX 1.0MT LT;2017;Passageiro;Lesões Leves;14;Feminino;0;1;0;0;-24,96385658;-53,41554463;SPRF-PR;DEL04-PR;UOP01-DEL04-PR
724479;1617516;12/10/2025;domingo;05:50:00;PR;369;195,9;ARAPONGAS;Não;Ingestão de álcool pelo condutor;1;Colisão transversal;Com Vítimas Feridas;Amanhecer;Crescente;Chuva;Dupla;Retorno Regulamentado;Não;1291231;Automóvel;VW/GOL 16V;2000;Passageiro;Lesões Leves;11;Feminino;0;1;0;0;-23,49158747;-51,4232254;SPRF-PR;DEL07-PR;UOP03-DEL07-PR
724479;1617516;12/10/2025;domingo;05:50:00;PR;369;195,9;ARAPONGAS;Sim;Desrespeitar a preferência no cruzamento;1;Colisão transversal;Com Vítimas Feridas;Amanhecer;Crescente;Chuva;Dupla;Retorno Regulamentado;Não;1291231;Automóvel;VW/GOL 16V;2000;Passageiro;Lesões Leves;11;Feminino;0;1;0;0;-23,49158747;-51,4232254;SPRF-PR;DEL07-PR;UOP03-DEL07-PR
724541;1617599;12/10/2025;domingo;11:40:00;PR;277;337;GUARAPUAVA;Não;Chuva;2;Capotamento;Com Vítimas Feridas;Pleno dia;Crescente;Chuva;Dupla;Curva;Não;1291294;Camioneta;I/CHEV EQUINOX PREMIER;2018;Passageiro;Ileso;0;Feminino;1;0;0;0;-25,33998;-51,41484;SPRF-PR;DEL08-PR;UOP01-DEL08-PR
724541;1617599;12/10/2025;domingo;11:40:00;PR;277;337;GUARAPUAVA;Não;Chuva;1;Saída de leito carroçável;Com Vítimas Feridas;Pleno dia;Crescente;Chuva;Dupla;Curva;Não;1291294;Camioneta;I/CHEV EQUINOX PREMIER;2018;Passageiro;Ileso;0;Feminino;1;0;0;0;-25,33998;-51,41484;SPRF-PR;DEL08-PR;UOP01-DEL08-PR
724541;1617599;12/10/2025;domingo;11:40:00;PR;277;337;GUARAPUAVA;Sim;Ausência de reação do condutor;2;Capotamento;Com Vítimas Feridas;Pleno dia;Crescente;Chuva;Dupla;Curva;Não;1291294;Camioneta;I/CHEV EQUINOX PREMIER;2018;Passageiro;Ileso;0;Feminino;1;0;0;0;-25,33998;-51,41484;SPRF-PR;DEL08-PR;UOP01-DEL08-PR
724541;1617599;12/10/2025;domingo;11:40:00;PR;277;337;GUARAPUAVA;Sim;Ausência de reação do condutor;1;Saída de leito carroçável;Com Vítimas Feridas;Pleno dia;Crescente;Chuva;Dupla;Curva;Não;1291294;Camioneta;I/CHEV EQUINOX PREMIER;2018;Passageiro;Ileso;0;Feminino;1;0;0;0;-25,33998;-51,41484;SPRF-PR;DEL08-PR;UOP01-DEL08-PR
724561;1617779;12/10/2025;domingo;14:50:00;PR;376;322;ORTIGUEIRA;Sim;Reação tardia ou ineficiente do condutor;1;Colisão transversal;Com Vítimas Feridas;Pleno dia;Crescente;Chuva;Simples;Reta;Não;1291398;Caminhonete;CHEVROLET/S10 LT DD4A;2019;Passageiro;Ileso;9;Feminino;1;0;0;0;-24,0516469;-51,06876612;SPRF-PR;DEL07-PR;UOP02-DEL07-PR
724561;1617777;12/10/2025;domingo;14:50:00;PR;376;322;ORTIGUEIRA;Sim;Reação tardia ou ineficiente do condutor;1;Colisão transversal;Com Vítimas Feridas;Pleno dia;Crescente;Chuva;Simples;Reta;Não;1291398;Caminhonete;CHEVROLET/S10 LT DD4A;2019;Passageiro;Ileso;13;Masculino;1;0;0;0;-24,0516469;-51,06876612;SPRF-PR;DEL07-PR;UOP02-DEL07-PR
724597;1617742;12/10/2025;domingo;17:10:00;PR;277;290;PRUDENTOPOLIS;Sim;Demais falhas mecânicas ou elétricas;1;Incêndio;Sem Vítimas;Pleno dia;Decrescente;Chuva;Simples;"Reta;Declive";Não;1291394;Caminhonete;I/VW AMAROK CD 4X4 TREND;2013;Passageiro;Ileso;9;Masculino;1;0;0;0;-25,318536;-51,015423;SPRF-PR;DEL08-PR;UOP02-DEL08-PR
724597;1617740;12/10/2025;domingo;17:10:00;PR;277;290;PRUDENTOPOLIS;Sim;Demais falhas mecânicas ou elétricas;1;Incêndio;Sem Vítimas;Pleno dia;Decrescente;Chuva;Simples;"Reta;Declive";Não;1291394;Caminhonete;I/VW AMAROK CD 4X4 TREND;2013;Passageiro;Ileso;13;Masculino;1;0;0;0;-25,318536;-51,015423;SPRF-PR;DEL08-PR;UOP02-DEL08-PR
724602;1618635;12/10/2025;domingo;16:30:00;PR;369;28,8;CAMBARA;Sim;Chuva;1;Colisão com objeto;Com Vítimas Feridas;Pleno dia;Crescente;Chuva;Simples;Reta;Não;1292051;Caminhonete;I/FORD RANGER XLTCD3D4A;2023;Passageiro;Lesões Leves;13;Masculino;0;1;0;0;-23,03781138;-50,16769258;SPRF-PR;DEL07-PR;UOP05-DEL07-PR
724793;1618353;13/10/2025;segunda-feira;13:25:00;PR;487;160;ARARUNA;Não;Sinalização mal posicionada;1;Colisão traseira;Com Vítimas Feridas;Pleno dia;Decrescente;Nublado;Simples;"Declive;Reta";Sim;1291829;Automóvel;HONDA/FIT LX;2005;Passageiro;Ileso;4;Feminino;1;0;0;0;-23,971872;-52,558846;SPRF-PR;DEL09-PR;UOP03-DEL09-PR
724793;1618351;13/10/2025;segunda-feira;13:25:00;PR;487;160;ARARUNA;Não;Sinalização mal posicionada;1;Colisão traseira;Com Vítimas Feridas;Pleno dia;Decrescente;Nublado;Simples;"Declive;Reta";Sim;1291829;Automóvel;HONDA/FIT LX;2005;Passageiro;Ileso;1;Feminino;1;0;0;0;-23,971872;-52,558846;SPRF-PR;DEL09-PR;UOP03-DEL09-PR
724793;1618353;13/10/2025;segunda-feira;13:25:00;PR;487;160;ARARUNA;Não;Reação tardia ou ineficiente do condutor;1;Colisão traseira;Com Vítimas Feridas;Pleno dia;Decrescente;Nublado;Simples;"Declive;Reta";Sim;1291829;Automóvel;HONDA/FIT LX;2005;Passageiro;Ileso;4;Feminino;1;0;0;0;-23,971872;-52,558846;SPRF-PR;DEL09-PR;UOP03-DEL09-PR
724793;1618351;13/10/2025;segunda-feira;13:25:00;PR;487;160;ARARUNA;Não;Reação tardia ou ineficiente do condutor;1;Colisão traseira;Com Vítimas Feridas;Pleno dia;Decrescente;Nublado;Simples;"Declive;Reta";Sim;1291829;Automóvel;HONDA/FIT LX;2005;Passageiro;Ileso;1;Feminino;1;0;0;0;-23,971872;-52,558846;SPRF-PR;DEL09-PR;UOP03-DEL09-PR
724793;1618353;13/10/2025;segunda-feira;13:25:00;PR;487;160;ARARUNA;Não;Ausência de reação do condutor;1;Colisão traseira;Com Vítimas Feridas;Pleno dia;Decrescente;Nublado;Simples;"Declive;Reta";Sim;1291829;Automóvel;HONDA/FIT LX;2005;Passageiro;Ileso;4;Feminino;1;0;0;0;-23,971872;-52,558846;SPRF-PR;DEL09-PR;UOP03-DEL09-PR
724793;1618351;13/10/2025;segunda-feira;13:25:00;PR;487;160;ARARUNA;Não;Ausência de reação do condutor;1;Colisão traseira;Com Vítimas Feridas;Pleno dia;Decrescente;Nublado;Simples;"Declive;Reta";Sim;1291829;Automóvel;HONDA/FIT LX;2005;Passageiro;Ileso;1;Feminino;1;0;0;0;-23,971872;-52,558846;SPRF-PR;DEL09-PR;UOP03-DEL09-PR
724793;1618353;13/10/2025;segunda-feira;13:25:00;PR;487;160;ARARUNA;Sim;Condutor deixou de manter distância do veículo da frente;1;Colisão traseira;Com Vítimas Feridas;Pleno dia;Decrescente;Nublado;Simples;"Declive;Reta";Sim;1291829;Automóvel;HONDA/FIT LX;2005;Passageiro;Ileso;4;Feminino;1;0;0;0;-23,971872;-52,558846;SPRF-PR;DEL09-PR;UOP03-DEL09-PR
724793;1618351;13/10/2025;segunda-feira;13:25:00;PR;487;160;ARARUNA;Sim;Condutor deixou de manter distância do veículo da frente;1;Colisão traseira;Com Vítimas Feridas;Pleno dia;Decrescente;Nublado;Simples;"Declive;Reta";Sim;1291829;Automóvel;HONDA/FIT LX;2005;Passageiro;Ileso;1;Feminino;1;0;0;0;-23,971872;-52,558846;SPRF-PR;DEL09-PR;UOP03-DEL09-PR
724879;1619725;13/10/2025;segunda-feira;21:10:00;PR;277;720,5;FOZ DO IGUACU;Sim;Acessar a via sem observar a presença dos outros veículos;3;Saída de leito carroçável;Com Vítimas Feridas;Plena Noite;Crescente;Céu Claro;Dupla;Reta;Sim;1291978;Automóvel;VW/GOL 1.0;2008;Passageiro;Lesões Leves;0;Masculino;0;1;0;0;-25,489401;-54,5074117;SPRF-PR;DEL05-PR;UOP03-DEL05-PR
724879;1619723;13/10/2025;segunda-feira;21:10:00;PR;277;720,5;FOZ DO IGUACU;Sim;Acessar a via sem observar a presença dos outros veículos;3;Saída de leito carroçável;Com Vítimas Feridas;Plena Noite;Crescente;Céu Claro;Dupla;Reta;Sim;1291978;Automóvel;VW/GOL 1.0;2008;Passageiro;Lesões Leves;2;Masculino;0;1;0;0;-25,489401;-54,5074117;SPRF-PR;DEL05-PR;UOP03-DEL05-PR
724879;1619725;13/10/2025;segunda-feira;21:10:00;PR;277;720,5;FOZ DO IGUACU;Sim;Acessar a via sem observar a presença dos outros veículos;2;Colisão traseira;Com Vítimas Feridas;Plena Noite;Crescente;Céu Claro;Dupla;Reta;Sim;1291978;Automóvel;VW/GOL 1.0;2008;Passageiro;Lesões Leves;0;Masculino;0;1;0;0;-25,489401;-54,5074117;SPRF-PR;DEL05-PR;UOP03-DEL05-PR
724879;1619723;13/10/2025;segunda-feira;21:10:00;PR;277;720,5;FOZ DO IGUACU;Sim;Acessar a via sem observar a presença dos outros veículos;2;Colisão traseira;Com Vítimas Feridas;Plena Noite;Crescente;Céu Claro;Dupla;Reta;Sim;1291978;Automóvel;VW/GOL 1.0;2008;Passageiro;Lesões Leves;2;Masculino;0;1;0;0;-25,489401;-54,5074117;SPRF-PR;DEL05-PR;UOP03-DEL05-PR
724879;1619725;13/10/2025;segunda-feira;21:10:00;PR;277;720,5;FOZ DO IGUACU;Sim;Acessar a via sem observar a presença dos outros veículos;1;Colisão traseira;Com Vítimas Feridas;Plena Noite;Crescente;Céu Claro;Dupla;Reta;Sim;1291978;Automóvel;VW/GOL 1.0;2008;Passageiro;Lesões Leves;0;Masculino;0;1;0;0;-25,489401;-54,5074117;SPRF-PR;DEL05-PR;UOP03-DEL05-PR
724879;1619723;13/10/2025;segunda-feira;21:10:00;PR;277;720,5;FOZ DO IGUACU;Sim;Acessar a via sem observar a presença dos outros veículos;1;Colisão traseira;Com Vítimas Feridas;Plena Noite;Crescente;Céu Claro;Dupla;Reta;Sim;1291978;Automóvel;VW/GOL 1.0;2008;Passageiro;Lesões Leves;2;Masculino;0;1;0;0;-25,489401;-54,5074117;SPRF-PR;DEL05-PR;UOP03-DEL05-PR
725191;1619253;15/10/2025;quarta-feira;14:03:00;PR;369;84;CORNELIO PROCOPIO;Não;Velocidade Incompatível;2;Capotamento;Com Vítimas Feridas;Pleno dia;Crescente;Céu Claro;Simples;Reta;Sim;1292567;Automóvel;I/NISSAN SENTRA S;2007;Passageiro;Lesões Leves;3;Feminino;0;1;0;0;-23,1592;-50,6079;SPRF-PR;DEL07-PR;UOP05-DEL07-PR
725191;1619253;15/10/2025;quarta-feira;14:03:00;PR;369;84;CORNELIO PROCOPIO;Não;Velocidade Incompatível;1;Colisão transversal;Com Vítimas Feridas;Pleno dia;Crescente;Céu Claro;Simples;Reta;Sim;1292567;Automóvel;I/NISSAN SENTRA S;2007;Passageiro;Lesões Leves;3;Feminino;0;1;0;0;-23,1592;-50,6079;SPRF-PR;DEL07-PR;UOP05-DEL07-PR
725191;1619253;15/10/2025;quarta-feira;14:03:00;PR;369;84;CORNELIO PROCOPIO;Sim;Acessar a via sem observar a presença dos outros veículos;2;Capotamento;Com Vítimas Feridas;Pleno dia;Crescente;Céu Claro;Simples;Reta;Sim;1292567;Automóvel;I/NISSAN SENTRA S;2007;Passageiro;Lesões Leves;3;Feminino;0;1;0;0;-23,1592;-50,6079;SPRF-PR;DEL07-PR;UOP05-DEL07-PR
725191;1619253;15/10/2025;quarta-feira;14:03:00;PR;369;84;CORNELIO PROCOPIO;Sim;Acessar a via sem observar a presença dos outros veículos;1;Colisão transversal;Com Vítimas Feridas;Pleno dia;Crescente;Céu Claro;Simples;Reta;Sim;1292567;Automóvel;I/NISSAN SENTRA S;2007;Passageiro;Lesões Leves;3;Feminino;0;1;0;0;-23,1592;-50,6079;SPRF-PR;DEL07-PR;UOP05-DEL07-PR
725254;1619447;15/10/2025;quarta-feira;20:00:00;PR;277;30,1;MORRETES;Sim;Entrada inopinada do pedestre;1;Atropelamento de Pedestre;Com Vítimas Fatais;Plena Noite;Crescente;Céu Claro;Dupla;Curva;Sim;NA;NA;NA/NA;NA;Pedestre;Óbito;11;Feminino;0;0;0;1;-25,55313988;-48,80066796;SPRF-PR;DEL01-PR;UOP05-DEL01-PR
725254;1619447;15/10/2025;quarta-feira;20:00:00;PR;277;30,1;MORRETES;Não;Iluminação deficiente;1;Atropelamento de Pedestre;Com Vítimas Fatais;Plena Noite;Crescente;Céu Claro;Dupla;Curva;Sim;NA;NA;NA/NA;NA;Pedestre;Óbito;11;Feminino;0;0;0;1;-25,55313988;-48,80066796;SPRF-PR;DEL01-PR;UOP05-DEL01-PR
725254;1619447;15/10/2025;quarta-feira;20:00:00;PR;277;30,1;MORRETES;Não;Área urbana sem a presença de local apropriado para a travessia de pedestres;1;Atropelamento de Pedestre;Com Vítimas Fatais;Plena Noite;Crescente;Céu Claro;Dupla;Curva;Sim;NA;NA;NA/NA;NA;Pedestre;Óbito;11;Feminino;0;0;0;1;-25,55313988;-48,80066796;SPRF-PR;DEL01-PR;UOP05-DEL01-PR
725355;1619599;10/08/2025;domingo;18:30:00;PR;277;119;CAMPO LARGO;Sim;Reação tardia ou ineficiente do condutor;1;Colisão traseira;Sem Vítimas;Plena Noite;Decrescente;Céu Claro;Dupla;Reta;Não;1292876;Automóvel;I/RENAULT SYMBOL EX1616V;2012;Passageiro;Ileso;12;Masculino;1;0;0;0;-25,44674;-49,47281;SPRF-PR;DEL03-PR;UOP03-DEL03-PR
725355;1619597;10/08/2025;domingo;18:30:00;PR;277;119;CAMPO LARGO;Sim;Reação tardia ou ineficiente do condutor;1;Colisão traseira;Sem Vítimas;Plena Noite;Decrescente;Céu Claro;Dupla;Reta;Não;1292876;Automóvel;I/RENAULT SYMBOL EX1616V;2012;Passageiro;Ileso;6;Masculino;1;0;0;0;-25,44674;-49,47281;SPRF-PR;DEL03-PR;UOP03-DEL03-PR
725456;1619904;16/10/2025;quinta-feira;18:40:00;PR;369;154,6;LONDRINA;Sim;Ausência de reação do condutor;2;Tombamento;Com Vítimas Feridas;Anoitecer;Decrescente;Céu Claro;Dupla;Reta;Sim;1293109;Automóvel;HYUNDAI/HB20S 1.0M COMF;2014;Passageiro;Ileso;14;Masculino;1;0;0;0;-23,29698849;-51,20363681;SPRF-PR;DEL07-PR;UOP01-DEL07-PR
725456;1619904;16/10/2025;quinta-feira;18:40:00;PR;369;154,6;LONDRINA;Sim;Ausência de reação do condutor;1;Colisão traseira;Com Vítimas Feridas;Anoitecer;Decrescente;Céu Claro;Dupla;Reta;Sim;1293109;Automóvel;HYUNDAI/HB20S 1.0M COMF;2014;Passageiro;Ileso;14;Masculino;1;0;0;0;-23,29698849;-51,20363681;SPRF-PR;DEL07-PR;UOP01-DEL07-PR
725477;1620020;16/10/2025;quinta-feira;18:30:00;PR;153;208,1;TIBAGI;Não;Transitar no Acostamento;1;Colisão frontal;Com Vítimas Feridas;Pleno dia;Crescente;Nublado;Simples;Reta;Não;1293209;Automóvel;RENAULT/LOGAN AUT 1016V;2012;Passageiro;Lesões Graves;15;Feminino;0;0;1;0;-24,53908333;-50,44675;SPRF-PR;DEL03-PR;UOP02-DEL03-PR
725477;1620020;16/10/2025;quinta-feira;18:30:00;PR;153;208,1;TIBAGI;Não;Velocidade Incompatível;1;Colisão frontal;Com Vítimas Feridas;Pleno dia;Crescente;Nublado;Simples;Reta;Não;1293209;Automóvel;RENAULT/LOGAN AUT 1016V;2012;Passageiro;Lesões Graves;15;Feminino;0;0;1;0;-24,53908333;-50,44675;SPRF-PR;DEL03-PR;UOP02-DEL03-PR
725477;1620020;16/10/2025;quinta-feira;18:30:00;PR;153;208,1;TIBAGI;Não;Ultrapassagem Indevida;1;Colisão frontal;Com Vítimas Feridas;Pleno dia;Crescente;Nublado;Simples;Reta;Não;1293209;Automóvel;RENAULT/LOGAN AUT 1016V;2012;Passageiro;Lesões Graves;15;Feminino;0;0;1;0;-24,53908333;-50,44675;SPRF-PR;DEL03-PR;UOP02-DEL03-PR
725477;1620020;16/10/2025;quinta-feira;18:30:00;PR;153;208,1;TIBAGI;Sim;Reação tardia ou ineficiente do condutor;1;Colisão frontal;Com Vítimas Feridas;Pleno dia;Crescente;Nublado;Simples;Reta;Não;1293209;Automóvel;RENAULT/LOGAN AUT 1016V;2012;Passageiro;Lesões Graves;15;Feminino;0;0;1;0;-24,53908333;-50,44675;SPRF-PR;DEL03-PR;UOP02-DEL03-PR
725652;1620369;17/10/2025;sexta-feira;17:15:00;PR;277;31;MORRETES;Não;Ausência de reação do condutor;1;Atropelamento de Pedestre;Com Vítimas Feridas;Anoitecer;Decrescente;Nublado;Simples;Reta;Sim;NA;NA;NA/NA;NA;Pedestre;Lesões Leves;14;Feminino;0;1;0;0;-25,557477;-48,804003;SPRF-PR;DEL01-PR;UOP05-DEL01-PR
725652;1620369;17/10/2025;sexta-feira;17:15:00;PR;277;31;MORRETES;Sim;Entrada inopinada do pedestre;1;Atropelamento de Pedestre;Com Vítimas Feridas;Anoitecer;Decrescente;Nublado;Simples;Reta;Sim;NA;NA;NA/NA;NA;Pedestre;Lesões Leves;14;Feminino;0;1;0;0;-25,557477;-48,804003;SPRF-PR;DEL01-PR;UOP05-DEL01-PR
725661;1621366;17/10/2025;sexta-feira;17:10:00;PR;163;238,2;TOLEDO;Não;Reação tardia ou ineficiente do condutor;3;Tombamento;Com Vítimas Feridas;Pleno dia;Decrescente;Nublado;Dupla;"Aclive;Reta";Não;1293634;Camioneta;VW/KOMBI;2013;Passageiro;Lesões Leves;11;Masculino;0;1;0;0;-24,7376537;-53,6958658;SPRF-PR;DEL04-PR;UOP01-DEL04-PR
725661;1621366;17/10/2025;sexta-feira;17:10:00;PR;163;238,2;TOLEDO;Não;Reação tardia ou ineficiente do condutor;2;Saída de leito carroçável;Com Vítimas Feridas;Pleno dia;Decrescente;Nublado;Dupla;"Aclive;Reta";Não;1293634;Camioneta;VW/KOMBI;2013;Passageiro;Lesões Leves;11;Masculino;0;1;0;0;-24,7376537;-53,6958658;SPRF-PR;DEL04-PR;UOP01-DEL04-PR
725661;1621366;17/10/2025;sexta-feira;17:10:00;PR;163;238,2;TOLEDO;Não;Reação tardia ou ineficiente do condutor;1;Colisão traseira;Com Vítimas Feridas;Pleno dia;Decrescente;Nublado;Dupla;"Aclive;Reta";Não;1293634;Camioneta;VW/KOMBI;2013;Passageiro;Lesões Leves;11;Masculino;0;1;0;0;-24,7376537;-53,6958658;SPRF-PR;DEL04-PR;UOP01-DEL04-PR
725661;1621366;17/10/2025;sexta-feira;17:10:00;PR;163;238,2;TOLEDO;Sim;Velocidade Incompatível;3;Tombamento;Com Vítimas Feridas;Pleno dia;Decrescente;Nublado;Dupla;"Aclive;Reta";Não;1293634;Camioneta;VW/KOMBI;2013;Passageiro;Lesões Leves;11;Masculino;0;1;0;0;-24,7376537;-53,6958658;SPRF-PR;DEL04-PR;UOP01-DEL04-PR
725661;1621366;17/10/2025;sexta-feira;17:10:00;PR;163;238,2;TOLEDO;Sim;Velocidade Incompatível;2;Saída de leito carroçável;Com Vítimas Feridas;Pleno dia;Decrescente;Nublado;Dupla;"Aclive;Reta";Não;1293634;Camioneta;VW/KOMBI;2013;Passageiro;Lesões Leves;11;Masculino;0;1;0;0;-24,7376537;-53,6958658;SPRF-PR;DEL04-PR;UOP01-DEL04-PR
725661;1621366;17/10/2025;sexta-feira;17:10:00;PR;163;238,2;TOLEDO;Sim;Velocidade Incompatível;1;Colisão traseira;Com Vítimas Feridas;Pleno dia;Decrescente;Nublado;Dupla;"Aclive;Reta";Não;1293634;Camioneta;VW/KOMBI;2013;Passageiro;Lesões Leves;11;Masculino;0;1;0;0;-24,7376537;-53,6958658;SPRF-PR;DEL04-PR;UOP01-DEL04-PR
725733;1620539;17/10/2025;sexta-feira;18:45:00;PR;376;258;CALIFORNIA;Sim;Avarias e/ou desgaste excessivo no pneu;2;Colisão com objeto;Com Vítimas Feridas;Plena Noite;Decrescente;Chuva;Simples;Curva;Não;1293651;Automóvel;I/RENAULT CLIO CAM1016VH;2008;Passageiro;Lesões Graves;0;Feminino;0;0;1;0;-23,682876;-51,350355;SPRF-PR;DEL07-PR;UOP03-DEL07-PR
725733;1620533;17/10/2025;sexta-feira;18:45:00;PR;376;258;CALIFORNIA;Sim;Avarias e/ou desgaste excessivo no pneu;2;Colisão com objeto;Com Vítimas Feridas;Plena Noite;Decrescente;Chuva;Simples;Curva;Não;1293651;Automóvel;I/RENAULT CLIO CAM1016VH;2008;Passageiro;Lesões Leves;15;Masculino;0;1;0;0;-23,682876;-51,350355;SPRF-PR;DEL07-PR;UOP03-DEL07-PR
725733;1620539;17/10/2025;sexta-feira;18:45:00;PR;376;258;CALIFORNIA;Sim;Avarias e/ou desgaste excessivo no pneu;1;Saída de leito carroçável;Com Vítimas Feridas;Plena Noite;Decrescente;Chuva;Simples;Curva;Não;1293651;Automóvel;I/RENAULT CLIO CAM1016VH;2008;Passageiro;Lesões Graves;0;Feminino;0;0;1;0;-23,682876;-51,350355;SPRF-PR;DEL07-PR;UOP03-DEL07-PR
725733;1620533;17/10/2025;sexta-feira;18:45:00;PR;376;258;CALIFORNIA;Sim;Avarias e/ou desgaste excessivo no pneu;1;Saída de leito carroçável;Com Vítimas Feridas;Plena Noite;Decrescente;Chuva;Simples;Curva;Não;1293651;Automóvel;I/RENAULT CLIO CAM1016VH;2008;Passageiro;Lesões Leves;15;Masculino;0;1;0;0;-23,682876;-51,350355;SPRF-PR;DEL07-PR;UOP03-DEL07-PR
725738;1622483;17/10/2025;sexta-feira;20:20:00;PR;376;96,8;PARANAVAI;Sim;Ultrapassagem Indevida;1;Capotamento;Com Vítimas Feridas;Plena Noite;Crescente;Nublado;Simples;Curva;Não;1293699;Automóvel;VW/GOL 1.0 GIV;2011;Passageiro;Lesões Leves;6;Masculino;0;1;0;0;-23,015158;-52,511806;SPRF-PR;DEL09-PR;UOP02-DEL09-PR
725738;1622480;17/10/2025;sexta-feira;20:20:00;PR;376;96,8;PARANAVAI;Sim;Ultrapassagem Indevida;1;Capotamento;Com Vítimas Feridas;Plena Noite;Crescente;Nublado;Simples;Curva;Não;1293699;Automóvel;VW/GOL 1.0 GIV;2011;Passageiro;Ileso;8;Feminino;1;0;0;0;-23,015158;-52,511806;SPRF-PR;DEL09-PR;UOP02-DEL09-PR
725774;1620626;18/10/2025;sábado;01:50:00;PR;376;228;APUCARANA;Sim;Ingestão de álcool pelo condutor;1;Saída de leito carroçável;Com Vítimas Feridas;Plena Noite;Decrescente;Nublado;Dupla;Reta;Não;1293733;Automóvel;FORD/FIESTA SUPERCHARGER;2004;Passageiro;Lesões Leves;12;Masculino;0;1;0;0;-23,574581;-51,551147;SPRF-PR;DEL07-PR;UOP03-DEL07-PR
725864;1621029;18/10/2025;sábado;12:00:00;PR;116;127;FAZENDA RIO GRANDE;Não;Ausência de reação do condutor;3;Colisão com objeto;Com Vítimas Feridas;Pleno dia;Decrescente;Céu Claro;Dupla;Reta;Sim;1294014;Automóvel;RENAULT/KWID INTENS 10MT;2018;Passageiro;Lesões Leves;12;Feminino;0;1;0;0;-25,656408;-49,311955;SPRF-PR;DEL01-PR;UOP03-DEL01-PR