id;pesid;data_inversa;dia_semana;horario;uf;br;km;municipio;causa_principal;causa_acidente;ordem_tipo_acidente;tipo_acidente;classificacao_acidente;fase_dia;sentido_via;condicao_metereologica;tipo_pista;tracado_via;uso_solo;id_veiculo;tipo_veiculo;marca;ano_fabricacao_veiculo;tipo_envolvido;estado_fisico;idade;sexo;ilesos;feridos_leves;feridos_graves;mortos;latitude;longitude;regional;delegacia;uop
725864;1621028;18/10/2025;sábado;12:00:00;PR;116;127;FAZENDA RIO GRANDE;Não;Ausência de reação do condutor;3;Colisão com objeto;Com Vítimas Feridas;Pleno dia;Decrescente;Céu Claro;Dupla;Reta;Sim;1294014;Automóvel;RENAULT/KWID INTENS 10MT;2018;Passageiro;Ileso;15;Masculino;1;0;0;0;-25,656408;-49,311955;SPRF-PR;DEL01-PR;UOP03-DEL01-PR
725864;1621027;18/10/2025;sábado;12:00:00;PR;116;127;FAZENDA RIO GRANDE;Não;Ausência de reação do condutor;3;Colisão com objeto;Com Vítimas Feridas;Pleno dia;Decrescente;Céu Claro;Dupla;Reta;Sim;1294014;Automóvel;RENAULT/KWID INTENS 10MT;2018;Passageiro;Lesões Leves;7;Masculino;0;1;0;0;-25,656408;-49,311955;SPRF-PR;DEL01-PR;UOP03-DEL01-PR
725864;1621029;18/10/2025;sábado;12:00:00;PR;116;127;FAZENDA RIO GRANDE;Não;Ausência de reação do condutor;2;Capotamento;Com Vítimas Feridas;Pleno dia;Decrescente;Céu Claro;Dupla;Reta;Sim;1294014;Automóvel;RENAULT/KWID INTENS 10MT;2018;Passageiro;Lesões Leves;12;Feminino;0;1;0;0;-25,656408;-49,311955;SPRF-PR;DEL01-PR;UOP03-DEL01-PR
725864;1621028;18/10/2025;sábado;12:00:00;PR;116;127;FAZENDA RIO GRANDE;Não;Ausência de reação do condutor;2;Capotamento;Com Vítimas Feridas;Pleno dia;Decrescente;Céu Claro;Dupla;Reta;Sim;1294014;Automóvel;RENAULT/KWID INTENS 10MT;2018;Passageiro;Ileso;15;Masculino;1;0;0;0;-25,656408;-49,311955;SPRF-PR;DEL01-PR;UOP03-DEL01-PR
725864;1621027;18/10/2025;sábado;12:00:00;PR;116;127;FAZENDA RIO GRANDE;Não;Ausência de reação do condutor;2;Capotamento;Com Vítimas Feridas;Pleno dia;Decrescente;Céu Claro;Dupla;Reta;Sim;1294014;Automóvel;RENAULT/KWID INTENS 10MT;2018;Passageiro;Lesões Leves;7;Masculino;0;1;0;0;-25,656408;-49,311955;SPRF-PR;DEL01-PR;UOP03-DEL01-PR
725864;1621029;18/10/2025;sábado;12:00:00;PR;116;127;FAZENDA RIO GRANDE;Não;Ausência de reação do condutor;1;Saída de leito carroçável;Com Vítimas Feridas;Pleno dia;Decrescente;Céu Claro;Dupla;Reta;Sim;1294014;Automóvel;RENAULT/KWID INTENS 10MT;2018;Passageiro;Lesões Leves;12;Feminino;0;1;0;0;-25,656408;-49,311955;SPRF-PR;DEL01-PR;UOP03-DEL01-PR
725864;1621028;18/10/2025;sábado;12:00:00;PR;116;127;FAZENDA RIO GRANDE;Não;Ausência de reação do condutor;1;Saída de leito carroçável;Com Vítimas Feridas;Pleno dia;Decrescente;Céu Claro;Dupla;Reta;Sim;1294014;Automóvel;RENAULT/KWID INTENS 10MT;2018;Passageiro;Ileso;15;Masculino;1;0;0;0;-25,656408;-49,311955;SPRF-PR;DEL01-PR;UOP03-DEL01-PR
725864;1621027;18/10/2025;sábado;12:00:00;PR;116;127;FAZENDA RIO GRANDE;Não;Ausência de reação do condutor;1;Saída de leito carroçável;Com Vítimas Feridas;Pleno dia;Decrescente;Céu Claro;Dupla;Reta;Sim;1294014;Automóvel;RENAULT/KWID INTENS 10MT;2018;Passageiro;Lesões Leves;7;Masculino;0;1;0;0;-25,656408;-49,311955;SPRF-PR;DEL01-PR;UOP03-DEL01-PR
725864;1621029;18/10/2025;sábado;12:00:00;PR;116;127;FAZENDA RIO GRANDE;Sim;Condutor Dormindo;3;Colisão com objeto;Com Vítimas Feridas;Pleno dia;Decrescente;Céu Claro;Dupla;Reta;Sim;1294014;Automóvel;RENAULT/KWID INTENS 10MT;2018;Passageiro;Lesões Leves;12;Feminino;0;1;0;0;-25,656408;-49,311955;SPRF-PR;DEL01-PR;UOP03-DEL01-PR
725864;1621028;18/10/2025;sábado;12:00:00;PR;116;127;FAZENDA RIO GRANDE;Sim;Condutor Dormindo;3;Colisão com objeto;Com Vítimas Feridas;Pleno dia;Decrescente;Céu Claro;Dupla;Reta;Sim;1294014;Automóvel;RENAULT/KWID INTENS 10MT;2018;Passageiro;Ileso;15;Masculino;1;0;0;0;-25,656408;-49,311955;SPRF-PR;DEL01-PR;UOP03-DEL01-PR
725864;1621027;18/10/2025;sábado;12:00:00;PR;116;127;FAZENDA RIO GRANDE;Sim;Condutor Dormindo;3;Colisão com objeto;Com Vítimas Feridas;Pleno dia;Decrescente;Céu Claro;Dupla;Reta;Sim;1294014;Automóvel;RENAULT/KWID INTENS 10MT;2018;Passageiro;Lesões Leves;7;Masculino;0;1;0;0;-25,656408;-49,311955;SPRF-PR;DEL01-PR;UOP03-DEL01-PR
725864;1621029;18/10/2025;sábado;12:00:00;PR;116;127;FAZENDA RIO GRANDE;Sim;Condutor Dormindo;2;Capotamento;Com Vítimas Feridas;Pleno dia;Decrescente;Céu Claro;Dupla;Reta;Sim;1294014;Automóvel;RENAULT/KWID INTENS 10MT;2018;Passageiro;Lesões Leves;12;Feminino;0;1;0;0;-25,656408;-49,311955;SPRF-PR;DEL01-PR;UOP03-DEL01-PR
725864;1621028;18/10/2025;sábado;12:00:00;PR;116;127;FAZENDA RIO GRANDE;Sim;Condutor Dormindo;2;Capotamento;Com Vítimas Feridas;Pleno dia;Decrescente;Céu Claro;Dupla;Reta;Sim;1294014;Automóvel;RENAULT/KWID INTENS 10MT;2018;Passageiro;Ileso;15;Masculino;1;0;0;0;-25,656408;-49,311955;SPRF-PR;DEL01-PR;UOP03-DEL01-PR
725864;1621027;18/10/2025;sábado;12:00:00;PR;116;127;FAZENDA RIO GRANDE;Sim;Condutor Dormindo;2;Capotamento;Com Vítimas Feridas;Pleno dia;Decrescente;Céu Claro;Dupla;Reta;Sim;1294014;Automóvel;RENAULT/KWID INTENS 10MT;2018;Passageiro;Lesões Leves;7;Masculino;0;1;0;0;-25,656408;-49,311955;SPRF-PR;DEL01-PR;UOP03-DEL01-PR
725864;1621029;18/10/2025;sábado;12:00:00;PR;116;127;FAZENDA RIO GRANDE;Sim;Condutor Dormindo;1;Saída de leito carroçável;Com Vítimas Feridas;Pleno dia;Decrescente;Céu Claro;Dupla;Reta;Sim;1294014;Automóvel;RENAULT/KWID INTENS 10MT;2018;Passageiro;Lesões Leves;12;Feminino;0;1;0;0;-25,656408;-49,311955;SPRF-PR;DEL01-PR;UOP03-DEL01-PR
725864;1621028;18/10/2025;sábado;12:00:00;PR;116;127;FAZENDA RIO GRANDE;Sim;Condutor Dormindo;1;Saída de leito carroçável;Com Vítimas Feridas;Pleno dia;Decrescente;Céu Claro;Dupla;Reta;Sim;1294014;Automóvel;RENAULT/KWID INTENS 10MT;2018;Passageiro;Ileso;15;Masculino;1;0;0;0;-25,656408;-49,311955;SPRF-PR;DEL01-PR;UOP03-DEL01-PR
725864;1621027;18/10/2025;sábado;12:00:00;PR;116;127;FAZENDA RIO GRANDE;Sim;Condutor Dormindo;1;Saída de leito carroçável;Com Vítimas Feridas;Pleno dia;Decrescente;Céu Claro;Dupla;Reta;Sim;1294014;Automóvel;RENAULT/KWID INTENS 10MT;2018;Passageiro;Lesões Leves;7;Masculino;0;1;0;0;-25,656408;-49,311955;SPRF-PR;DEL01-PR;UOP03-DEL01-PR
725985;1621123;18/10/2025;sábado;22:50:00;PR;116;126;FAZENDA RIO GRANDE;Não;Reação tardia ou ineficiente do condutor;1;Capotamento;Com Vítimas Feridas;Plena Noite;Crescente;Céu Claro;Dupla;Reta;Sim;1294124;Automóvel;GM/CORSA GL;1995;Passageiro;Lesões Leves;8;Masculino;0;1;0;0;-25,6489909;-49,3135191;SPRF-PR;DEL01-PR;UOP03-DEL01-PR
725985;1621123;18/10/2025;sábado;22:50:00;PR;116;126;FAZENDA RIO GRANDE;Sim;Ingestão de álcool pelo condutor;1;Capotamento;Com Vítimas Feridas;Plena Noite;Crescente;Céu Claro;Dupla;Reta;Sim;1294124;Automóvel;GM/CORSA GL;1995;Passageiro;Lesões Leves;8;Masculino;0;1;0;0;-25,6489909;-49,3135191;SPRF-PR;DEL01-PR;UOP03-DEL01-PR
726123;1628033;19/10/2025;domingo;15:50:00;PR;153;26;JACAREZINHO;Sim;Condutor deixou de manter distância do veículo da frente;1;Colisão traseira;Sem Vítimas;Pleno dia;Decrescente;Céu Claro;Simples;"Reta;Aclive";Não;1294440;Automóvel;CITROEN/C3 AIRCROSS GLXM;2011;Passageiro;Ileso;5;Masculino;1;0;0;0;-23,20309968;-49,9851687;SPRF-PR;DEL07-PR;UOP04-DEL07-PR
726153;1623650;19/10/2025;domingo;18:55:00;PR;369;188;ARAPONGAS;Não;Reação tardia ou ineficiente do condutor;1;Colisão traseira;Com Vítimas Feridas;Plena Noite;Decrescente;Céu Claro;Simples;Reta;Sim;1294503;Automóvel;FIAT/PUNTO ATTRACTIVE;2011;Passageiro;Ileso;16;Masculino;1;0;0;0;-23,421426;-51,424644;SPRF-PR;DEL07-PR;UOP03-DEL07-PR
726153;1623650;19/10/2025;domingo;18:55:00;PR;369;188;ARAPONGAS;Sim;Transitar no Acostamento;1;Colisão traseira;Com Vítimas Feridas;Plena Noite;Decrescente;Céu Claro;Simples;Reta;Sim;1294503;Automóvel;FIAT/PUNTO ATTRACTIVE;2011;Passageiro;Ileso;16;Masculino;1;0;0;0;-23,421426;-51,424644;SPRF-PR;DEL07-PR;UOP03-DEL07-PR
726195;1623804;19/10/2025;domingo;21:20:00;PR;277;60;SAO JOSE DOS PINHAIS;Não;Ausência de reação do condutor;1;Colisão traseira;Com Vítimas Feridas;Plena Noite;Crescente;Nublado;Dupla;Reta;Não;1294559;Automóvel;VW/GOL SPECIAL;1999;Passageiro;Lesões Leves;8;Masculino;0;1;0;0;-25,55226563;-49,03620657;SPRF-PR;DEL01-PR;UOP01-DEL01-PR
726195;1623801;19/10/2025;domingo;21:20:00;PR;277;60;SAO JOSE DOS PINHAIS;Não;Ausência de reação do condutor;1;Colisão traseira;Com Vítimas Feridas;Plena Noite;Crescente;Nublado;Dupla;Reta;Não;1294559;Automóvel;VW/GOL SPECIAL;1999;Passageiro;Lesões Leves;13;Feminino;0;1;0;0;-25,55226563;-49,03620657;SPRF-PR;DEL01-PR;UOP01-DEL01-PR
726195;1623800;19/10/2025;domingo;21:20:00;PR;277;60;SAO JOSE DOS PINHAIS;Não;Ausência de reação do condutor;1;Colisão traseira;Com Vítimas Feridas;Plena Noite;Crescente;Nublado;Dupla;Reta;Não;1294559;Automóvel;VW/GOL SPECIAL;1999;Passageiro;Lesões Leves;10;Feminino;0;1;0;0;-25,55226563;-49,03620657;SPRF-PR;DEL01-PR;UOP01-DEL01-PR
726195;1623799;19/10/2025;domingo;21:20:00;PR;277;60;SAO JOSE DOS PINHAIS;Não;Ausência de reação do condutor;1;Colisão traseira;Com Vítimas Feridas;Plena Noite;Crescente;Nublado;Dupla;Reta;Não;1294559;Automóvel;VW/GOL SPECIAL;1999;Passageiro;Lesões Leves;6;Feminino;0;1;0;0;-25,55226563;-49,03620657;SPRF-PR;DEL01-PR;UOP01-DEL01-PR
726195;1623804;19/10/2025;domingo;21:20:00;PR;277;60;SAO JOSE DOS PINHAIS;Sim;Ingestão de álcool pelo condutor;1;Colisão traseira;Com Vítimas Feridas;Plena Noite;Crescente;Nublado;Dupla;Reta;Não;1294559;Automóvel;VW/GOL SPECIAL;1999;Passageiro;Lesões Leves;8;Masculino;0;1;0;0;-25,55226563;-49,03620657;SPRF-PR;DEL01-PR;UOP01-DEL01-PR
726195;1623801;19/10/2025;domingo;21:20:00;PR;277;60;SAO JOSE DOS PINHAIS;Sim;Ingestão de álcool pelo condutor;1;Colisão traseira;Com Vítimas Feridas;Plena Noite;Crescente;Nublado;Dupla;Reta;Não;1294559;Automóvel;VW/GOL SPECIAL;1999;Passageiro;Lesões Leves;13;Feminino;0;1;0;0;-25,55226563;-49,03620657;SPRF-PR;DEL01-PR;UOP01-DEL01-PR
726195;1623800;19/10/2025;domingo;21:20:00;PR;277;60;SAO JOSE DOS PINHAIS;Sim;Ingestão de álcool pelo condutor;1;Colisão traseira;Com Vítimas Feridas;Plena Noite;Crescente;Nublado;Dupla;Reta;Não;1294559;Automóvel;VW/GOL SPECIAL;1999;Passageiro;Lesões Leves;10;Feminino;0;1;0;0;-25,55226563;-49,03620657;SPRF-PR;DEL01-PR;UOP01-DEL01-PR
726195;1623799;19/10/2025;domingo;21:20:00;PR;277;60;SAO JOSE DOS PINHAIS;Sim;Ingestão de álcool pelo condutor;1;Colisão traseira;Com Vítimas Feridas;Plena Noite;Crescente;Nublado;Dupla;Reta;Não;1294559;Automóvel;VW/GOL SPECIAL;1999;Passageiro;Lesões Leves;6;Feminino;0;1;0;0;-25,55226563;-49,03620657;SPRF-PR;DEL01-PR;UOP01-DEL01-PR
726271;1621864;12/10/2025;domingo;16:35:00;PR;373;234,5;IMBITUVA;Não;Manobra de mudança de faixa;1;Colisão frontal;Com Vítimas Feridas;Pleno dia;Crescente;Chuva;Simples;Reta;Não;1294652;Automóvel;FIAT/PALIO EX;1999;Passageiro;Lesões Graves;9;Feminino;0;0;1;0;-25,181825;-50,712016;SPRF-PR;DEL03-PR;UOP01-DEL03-PR
726271;1621864;12/10/2025;domingo;16:35:00;PR;373;234,5;IMBITUVA;Sim;Chuva;1;Colisão frontal;Com Vítimas Feridas;Pleno dia;Crescente;Chuva;Simples;Reta;Não;1294652;Automóvel;FIAT/PALIO EX;1999;Passageiro;Lesões Graves;9;Feminino;0;0;1;0;-25,181825;-50,712016;SPRF-PR;DEL03-PR;UOP01-DEL03-PR
726271;1621864;12/10/2025;domingo;16:35:00;PR;373;234,5;IMBITUVA;Não;Acumulo de água sobre o pavimento;1;Colisão frontal;Com Vítimas Feridas;Pleno dia;Crescente;Chuva;Simples;Reta;Não;1294652;Automóvel;FIAT/PALIO EX;1999;Passageiro;Lesões Graves;9;Feminino;0;0;1;0;-25,181825;-50,712016;SPRF-PR;DEL03-PR;UOP01-DEL03-PR
726271;1621864;12/10/2025;domingo;16:35:00;PR;373;234,5;IMBITUVA;Não;Avarias e/ou desgaste excessivo no pneu;1;Colisão frontal;Com Vítimas Feridas;Pleno dia;Crescente;Chuva;Simples;Reta;Não;1294652;Automóvel;FIAT/PALIO EX;1999;Passageiro;Lesões Graves;9;Feminino;0;0;1;0;-25,181825;-50,712016;SPRF-PR;DEL03-PR;UOP01-DEL03-PR
726375;1624071;20/10/2025;segunda-feira;14:40:00;PR;153;498,6;GENERAL CARNEIRO;Sim;Velocidade Incompatível;1;Colisão frontal;Com Vítimas Feridas;Pleno dia;Crescente;Sol;Simples;Curva;Não;1294863;Automóvel;HYUNDAI/HB20S10TA COMFOR;2023;Passageiro;Lesões Graves;1;Masculino;0;0;1;0;-26,4612815;-51,3228924;SPRF-PR;DEL02-PR;UOP03-DEL02-PR
726375;1624070;20/10/2025;segunda-feira;14:40:00;PR;153;498,6;GENERAL CARNEIRO;Sim;Velocidade Incompatível;1;Colisão frontal;Com Vítimas Feridas;Pleno dia;Crescente;Sol;Simples;Curva;Não;1294863;Automóvel;HYUNDAI/HB20S10TA COMFOR;2023;Passageiro;Lesões Graves;2;Masculino;0;0;1;0;-26,4612815;-51,3228924;SPRF-PR;DEL02-PR;UOP03-DEL02-PR
726728;1625266;22/10/2025;quarta-feira;11:40:00;PR;369;69,2;SANTA MARIANA;Sim;Demais falhas mecânicas ou elétricas;1;Queda de ocupante de veículo;Com Vítimas Feridas;Pleno dia;Decrescente;Céu Claro;Simples;Reta;Não;1295676;Motocicleta;YAMAHA/XTZ250 LANDER;2024;Passageiro;Lesões Leves;4;Masculino;0;1;0;0;-23,13925503;-50,48406601;SPRF-PR;DEL07-PR;UOP05-DEL07-PR
727025;1623866;23/10/2025;quinta-feira;19:15:00;PR;163;282;MARECHAL CANDIDO RONDON;Sim;Transitar na contramão;1;Colisão frontal;Com Vítimas Feridas;Plena Noite;Crescente;Céu Claro;Dupla;Reta;Não;1296182;Utilitário;JEEP/COMPASS LONGITUDE D;2021;Passageiro;Ileso;10;Feminino;1;0;0;0;-24,56428304;-54,03447239;SPRF-PR;DEL06-PR;UOP02-DEL06-PR
727025;1623865;23/10/2025;quinta-feira;19:15:00;PR;163;282;MARECHAL CANDIDO RONDON;Sim;Transitar na contramão;1;Colisão frontal;Com Vítimas Feridas;Plena Noite;Crescente;Céu Claro;Dupla;Reta;Não;1296182;Utilitário;JEEP/COMPASS LONGITUDE D;2021;Passageiro;Ileso;3;Feminino;1;0;0;0;-24,56428304;-54,03447239;SPRF-PR;DEL06-PR;UOP02-DEL06-PR
727427;1625028;25/10/2025;sábado;14:20:00;PR;476;163,3;ARAUCARIA;Não;Reação tardia ou ineficiente do condutor;3;Colisão com objeto;Com Vítimas Fatais;Pleno dia;Decrescente;Céu Claro;Simples;"Interseção de Vias;Reta";Não;1297123;Caminhonete;I/TOYOTA HILUX CD4X4 LE;2015;Passageiro;Lesões Leves;1;Masculino;0;1;0;0;-25,6350068;-49,4630117;SPRF-PR;DEL01-PR;UOP06-DEL01-PR
727427;1625028;25/10/2025;sábado;14:20:00;PR;476;163,3;ARAUCARIA;Não;Reação tardia ou ineficiente do condutor;2;Saída de leito carroçável;Com Vítimas Fatais;Pleno dia;Decrescente;Céu Claro;Simples;"Interseção de Vias;Reta";Não;1297123;Caminhonete;I/TOYOTA HILUX CD4X4 LE;2015;Passageiro;Lesões Leves;1;Masculino;0;1;0;0;-25,6350068;-49,4630117;SPRF-PR;DEL01-PR;UOP06-DEL01-PR
727427;1625028;25/10/2025;sábado;14:20:00;PR;476;163,3;ARAUCARIA;Não;Reação tardia ou ineficiente do condutor;1;Colisão frontal;Com Vítimas Fatais;Pleno dia;Decrescente;Céu Claro;Simples;"Interseção de Vias;Reta";Não;1297123;Caminhonete;I/TOYOTA HILUX CD4X4 LE;2015;Passageiro;Lesões Leves;1;Masculino;0;1;0;0;-25,6350068;-49,4630117;SPRF-PR;DEL01-PR;UOP06-DEL01-PR
727427;1625028;25/10/2025;sábado;14:20:00;PR;476;163,3;ARAUCARIA;Não;Condutor deixou de manter distância do veículo da frente;3;Colisão com objeto;Com Vítimas Fatais;Pleno dia;Decrescente;Céu Claro;Simples;"Interseção de Vias;Reta";Não;1297123;Caminhonete;I/TOYOTA HILUX CD4X4 LE;2015;Passageiro;Lesões Leves;1;Masculino;0;1;0;0;-25,6350068;-49,4630117;SPRF-PR;DEL01-PR;UOP06-DEL01-PR
727427;1625028;25/10/2025;sábado;14:20:00;PR;476;163,3;ARAUCARIA;Não;Condutor deixou de manter distância do veículo da frente;2;Saída de leito carroçável;Com Vítimas Fatais;Pleno dia;Decrescente;Céu Claro;Simples;"Interseção de Vias;Reta";Não;1297123;Caminhonete;I/TOYOTA HILUX CD4X4 LE;2015;Passageiro;Lesões Leves;1;Masculino;0;1;0;0;-25,6350068;-49,4630117;SPRF-PR;DEL01-PR;UOP06-DEL01-PR
727427;1625028;25/10/2025;sábado;14:20:00;PR;476;163,3;ARAUCARIA;Não;Condutor deixou de manter distância do veículo da frente;1;Colisão frontal;Com Vítimas Fatais;Pleno dia;Decrescente;Céu Claro;Simples;"Interseção de Vias;Reta";Não;1297123;Caminhonete;I/TOYOTA HILUX CD4X4 LE;2015;Passageiro;Lesões Leves;1;Masculino;0;1;0;0;-25,6350068;-49,4630117;SPRF-PR;DEL01-PR;UOP06-DEL01-PR
727427;1625028;25/10/2025;sábado;14:20:00;PR;476;163,3;ARAUCARIA;Não;Velocidade Incompatível;3;Colisão com objeto;Com Vítimas Fatais;Pleno dia;Decrescente;Céu Claro;Simples;"Interseção de Vias;Reta";Não;1297123;Caminhonete;I/TOYOTA HILUX CD4X4 LE;2015;Passageiro;Lesões Leves;1;Masculino;0;1;0;0;-25,6350068;-49,4630117;SPRF-PR;DEL01-PR;UOP06-DEL01-PR
727427;1625028;25/10/2025;sábado;14:20:00;PR;476;163,3;ARAUCARIA;Não;Velocidade Incompatível;2;Saída de leito carroçável;Com Vítimas Fatais;Pleno dia;Decrescente;Céu Claro;Simples;"Interseção de Vias;Reta";Não;1297123;Caminhonete;I/TOYOTA HILUX CD4X4 LE;2015;Passageiro;Lesões Leves;1;Masculino;0;1;0;0;-25,6350068;-49,4630117;SPRF-PR;DEL01-PR;UOP06-DEL01-PR
727427;1625028;25/10/2025;sábado;14:20:00;PR;476;163,3;ARAUCARIA;Não;Velocidade Incompatível;1;Colisão frontal;Com Vítimas Fatais;Pleno dia;Decrescente;Céu Claro;Simples;"Interseção de Vias;Reta";Não;1297123;Caminhonete;I/TOYOTA HILUX CD4X4 LE;2015;Passageiro;Lesões Leves;1;Masculino;0;1;0;0;-25,6350068;-49,4630117;SPRF-PR;DEL01-PR;UOP06-DEL01-PR
727427;1625028;25/10/2025;sábado;14:20:00;PR;476;163,3;ARAUCARIA;Sim;Ultrapassagem Indevida;3;Colisão com objeto;Com Vítimas Fatais;Pleno dia;Decrescente;Céu Claro;Simples;"Interseção de Vias;Reta";Não;1297123;Caminhonete;I/TOYOTA HILUX CD4X4 LE;2015;Passageiro;Lesões Leves;1;Masculino;0;1;0;0;-25,6350068;-49,4630117;SPRF-PR;DEL01-PR;UOP06-DEL01-PR
727427;1625028;25/10/2025;sábado;14:20:00;PR;476;163,3;ARAUCARIA;Sim;Ultrapassagem Indevida;2;Saída de leito carroçável;Com Vítimas Fatais;Pleno dia;Decrescente;Céu Claro;Simples;"Interseção de Vias;Reta";Não;1297123;Caminhonete;I/TOYOTA HILUX CD4X4 LE;2015;Passageiro;Lesões Leves;1;Masculino;0;1;0;0;-25,6350068;-49,4630117;SPRF-PR;DEL01-PR;UOP06-DEL01-PR
727427;1625028;25/10/2025;sábado;14:20:00;PR;476;163,3;ARAUCARIA;Sim;Ultrapassagem Indevida;1;Colisão frontal;Com Vítimas Fatais;Pleno dia;Decrescente;Céu Claro;Simples;"Interseção de Vias;Reta";Não;1297123;Caminhonete;I/TOYOTA HILUX CD4X4 LE;2015;Passageiro;Lesões Leves;1;Masculino;0;1;0;0;-25,6350068;-49,4630117;SPRF-PR;DEL01-PR;UOP06-DEL01-PR
727460;1625017;25/10/2025;sábado;16:55:00;PR;277;632,5;CEU AZUL;Sim;Ausência de reação do condutor;1;Engavetamento;Com Vítimas Feridas;Pleno dia;Crescente;Céu Claro;Simples;"Aclive;Reta";Não;1297112;Automóvel;CHEV/PRISMA 1.4MT LT;2015;Passageiro;Ileso;15;Masculino;1;0;0;0;-25,12153258;-53,80673759;SPRF-PR;DEL05-PR;UOP02-DEL05-PR
727460;1625008;25/10/2025;sábado;16:55:00;PR;277;632,5;CEU AZUL;Sim;Ausência de reação do condutor;1;Engavetamento;Com Vítimas Feridas;Pleno dia;Crescente;Céu Claro;Simples;"Aclive;Reta";Não;1297103;Automóvel;HONDA/CIVIC LX CVT;2020;Passageiro;Ileso;3;Masculino;1;0;0;0;-25,12153258;-53,80673759;SPRF-PR;DEL05-PR;UOP02-DEL05-PR
727639;1625334;26/10/2025;domingo;09:00:00;PR;376;432;IPIRANGA;Sim;Ausência de reação do condutor;2;Capotamento;Com Vítimas Feridas;Pleno dia;Decrescente;Chuva;Dupla;Reta;Não;1297366;Automóvel;FIAT/PUNTO 1.4;2008;Passageiro;Ileso;16;Masculino;1;0;0;0;-24,811682;-50,488175;SPRF-PR;DEL03-PR;UOP02-DEL03-PR
727639;1625333;26/10/2025;domingo;09:00:00;PR;376;432;IPIRANGA;Sim;Ausência de reação do condutor;2;Capotamento;Com Vítimas Feridas;Pleno dia;Decrescente;Chuva;Dupla;Reta;Não;1297366;Automóvel;FIAT/PUNTO 1.4;2008;Passageiro;Lesões Leves;6;Feminino;0;1;0;0;-24,811682;-50,488175;SPRF-PR;DEL03-PR;UOP02-DEL03-PR
727639;1625334;26/10/2025;domingo;09:00:00;PR;376;432;IPIRANGA;Sim;Ausência de reação do condutor;1;Saída de leito carroçável;Com Vítimas Feridas;Pleno dia;Decrescente;Chuva;Dupla;Reta;Não;1297366;Automóvel;FIAT/PUNTO 1.4;2008;Passageiro;Ileso;16;Masculino;1;0;0;0;-24,811682;-50,488175;SPRF-PR;DEL03-PR;UOP02-DEL03-PR
727639;1625333;26/10/2025;domingo;09:00:00;PR;376;432;IPIRANGA;Sim;Ausência de reação do condutor;1;Saída de leito carroçável;Com Vítimas Feridas;Pleno dia;Decrescente;Chuva;Dupla;Reta;Não;1297366;Automóvel;FIAT/PUNTO 1.4;2008;Passageiro;Lesões Leves;6;Feminino;0;1;0;0;-24,811682;-50,488175;SPRF-PR;DEL03-PR;UOP02-DEL03-PR
727644;1625331;26/10/2025;domingo;09:40:00;PR;376;431,5;TIBAGI;Sim;Chuva;1;Colisão com objeto;Com Vítimas Feridas;Pleno dia;Crescente;Chuva;Dupla;Curva;Não;1297368;Caminhonete;GM/S10 ADVANTAGE D;2008;Passageiro;Ileso;6;Masculino;1;0;0;0;-24,790619;-50,501323;SPRF-PR;DEL03-PR;UOP02-DEL03-PR
727681;1625441;26/10/2025;domingo;15:30:00;PR;376;277;MARILANDIA DO SUL;Sim;Reação tardia ou ineficiente do condutor;1;Capotamento;Com Vítimas Feridas;Pleno dia;Crescente;Chuva;Dupla;"Declive;Reta";Não;1297451;Automóvel;VW/VOYAGE 1.6 COMFORTL;2011;Passageiro;Lesões Leves;12;Feminino;0;1;0;0;-23,79059955;-51,26389951;SPRF-PR;DEL07-PR;UOP02-DEL07-PR
727758;1625614;26/10/2025;domingo;19:50:00;PR;369;190;ARAPONGAS;Sim;Ingestão de álcool pelo condutor;1;Saída de leito carroçável;Sem Vítimas;Plena Noite;Decrescente;Nublado;Dupla;Reta;Não;1297574;Automóvel;FIAT/UNO MILLE SX;1996;Passageiro;Ileso;6;Masculino;1;0;0;0;-23,43707366;-51,42208513;SPRF-PR;DEL07-PR;UOP03-DEL07-PR
727763;1627574;26/10/2025;domingo;21:20:00;PR;277;38;MORRETES;Sim;Reação tardia ou ineficiente do condutor;1;Colisão com objeto;Com Vítimas Feridas;Plena Noite;Crescente;Chuva;Dupla;Curva;Não;1297604;Caminhonete;CHEVROLET/S10 LT DD4A;2017;Passageiro;Lesões Leves;11;Masculino;0;1;0;0;-25,5740673;-48,8567037;SPRF-PR;DEL01-PR;UOP05-DEL01-PR
727763;1627567;26/10/2025;domingo;21:20:00;PR;277;38;MORRETES;Sim;Reação tardia ou ineficiente do condutor;1;Colisão com objeto;Com Vítimas Feridas;Plena Noite;Crescente;Chuva;Dupla;Curva;Não;1297604;Caminhonete;CHEVROLET/S10 LT DD4A;2017;Passageiro;Lesões Leves;9;Feminino;0;1;0;0;-25,5740673;-48,8567037;SPRF-PR;DEL01-PR;UOP05-DEL01-PR
727769;1625806;26/10/2025;domingo;21:00:00;PR;373;457;CHOPINZINHO;Sim;Transitar na contramão;3;Tombamento;Com Vítimas Fatais;Plena Noite;Crescente;Céu Claro;Simples;Reta;Não;1297658;Automóvel;FIAT/UNO MILLE EP;1996;Passageiro;Lesões Graves;15;Masculino;0;0;1;0;-25,92171489;-52,39082543;SPRF-PR;DEL02-PR;UOP01-DEL02-PR