id;pesid;data_inversa;dia_semana;horario;uf;br;km;municipio;causa_principal;causa_acidente;ordem_tipo_acidente;tipo_acidente;classificacao_acidente;fase_dia;sentido_via;condicao_metereologica;tipo_pista;tracado_via;uso_solo;id_veiculo;tipo_veiculo;marca;ano_fabricacao_veiculo;tipo_envolvido;estado_fisico;idade;sexo;ilesos;feridos_leves;feridos_graves;mortos;latitude;longitude;regional;delegacia;uop
727769;1625806;26/10/2025;domingo;21:00:00;PR;373;457;CHOPINZINHO;Sim;Transitar na contramão;2;Saída de leito carroçável;Com Vítimas Fatais;Plena Noite;Crescente;Céu Claro;Simples;Reta;Não;1297658;Automóvel;FIAT/UNO MILLE EP;1996;Passageiro;Lesões Graves;15;Masculino;0;0;1;0;-25,92171489;-52,39082543;SPRF-PR;DEL02-PR;UOP01-DEL02-PR
727769;1625806;26/10/2025;domingo;21:00:00;PR;373;457;CHOPINZINHO;Sim;Transitar na contramão;1;Colisão frontal;Com Vítimas Fatais;Plena Noite;Crescente;Céu Claro;Simples;Reta;Não;1297658;Automóvel;FIAT/UNO MILLE EP;1996;Passageiro;Lesões Graves;15;Masculino;0;0;1;0;-25,92171489;-52,39082543;SPRF-PR;DEL02-PR;UOP01-DEL02-PR
727868;1625926;27/10/2025;segunda-feira;09:20:00;PR;376;259;CALIFORNIA;Sim;Reação tardia ou ineficiente do condutor;1;Colisão traseira;Com Vítimas Feridas;Pleno dia;Decrescente;Céu Claro;Dupla;Reta;Não;1297836;Automóvel;CHEVROLET/ONIX 1.4AT ACT;2017;Passageiro;Ileso;5;Masculino;1;0;0;0;-23,69228445;-51,346;SPRF-PR;DEL07-PR;UOP03-DEL07-PR
727898;1626039;27/10/2025;segunda-feira;12:30:00;PR;376;179,5;MARINGA;Não;Condutor deixou de manter distância do veículo da frente;3;Queda de ocupante de veículo;Com Vítimas Feridas;Pleno dia;Decrescente;Nublado;Dupla;"Viaduto;Reta";Sim;1297932;Automóvel;CHEVROLET/ONIX 1.0MT LT;2014;Passageiro;Ileso;14;Feminino;1;0;0;0;-23,42091805;-51,90822634;SPRF-PR;DEL09-PR;UOP01-DEL09-PR
727898;1626039;27/10/2025;segunda-feira;12:30:00;PR;376;179,5;MARINGA;Não;Condutor deixou de manter distância do veículo da frente;2;Tombamento;Com Vítimas Feridas;Pleno dia;Decrescente;Nublado;Dupla;"Viaduto;Reta";Sim;1297932;Automóvel;CHEVROLET/ONIX 1.0MT LT;2014;Passageiro;Ileso;14;Feminino;1;0;0;0;-23,42091805;-51,90822634;SPRF-PR;DEL09-PR;UOP01-DEL09-PR
727898;1626039;27/10/2025;segunda-feira;12:30:00;PR;376;179,5;MARINGA;Não;Condutor deixou de manter distância do veículo da frente;1;Colisão traseira;Com Vítimas Feridas;Pleno dia;Decrescente;Nublado;Dupla;"Viaduto;Reta";Sim;1297932;Automóvel;CHEVROLET/ONIX 1.0MT LT;2014;Passageiro;Ileso;14;Feminino;1;0;0;0;-23,42091805;-51,90822634;SPRF-PR;DEL09-PR;UOP01-DEL09-PR
727898;1626039;27/10/2025;segunda-feira;12:30:00;PR;376;179,5;MARINGA;Sim;Ausência de reação do condutor;3;Queda de ocupante de veículo;Com Vítimas Feridas;Pleno dia;Decrescente;Nublado;Dupla;"Viaduto;Reta";Sim;1297932;Automóvel;CHEVROLET/ONIX 1.0MT LT;2014;Passageiro;Ileso;14;Feminino;1;0;0;0;-23,42091805;-51,90822634;SPRF-PR;DEL09-PR;UOP01-DEL09-PR
727898;1626039;27/10/2025;segunda-feira;12:30:00;PR;376;179,5;MARINGA;Sim;Ausência de reação do condutor;2;Tombamento;Com Vítimas Feridas;Pleno dia;Decrescente;Nublado;Dupla;"Viaduto;Reta";Sim;1297932;Automóvel;CHEVROLET/ONIX 1.0MT LT;2014;Passageiro;Ileso;14;Feminino;1;0;0;0;-23,42091805;-51,90822634;SPRF-PR;DEL09-PR;UOP01-DEL09-PR
727898;1626039;27/10/2025;segunda-feira;12:30:00;PR;376;179,5;MARINGA;Sim;Ausência de reação do condutor;1;Colisão traseira;Com Vítimas Feridas;Pleno dia;Decrescente;Nublado;Dupla;"Viaduto;Reta";Sim;1297932;Automóvel;CHEVROLET/ONIX 1.0MT LT;2014;Passageiro;Ileso;14;Feminino;1;0;0;0;-23,42091805;-51,90822634;SPRF-PR;DEL09-PR;UOP01-DEL09-PR
727958;1626154;27/10/2025;segunda-feira;16:50:00;PR;277;282;PRUDENTOPOLIS;Não;Frear bruscamente;1;Colisão traseira;Com Vítimas Feridas;Pleno dia;Crescente;Céu Claro;Simples;Reta;Não;1298010;Automóvel;HONDA/CITY EX CVT;2015;Passageiro;Ileso;12;Masculino;1;0;0;0;-25,34133667;-50,94168833;SPRF-PR;DEL08-PR;UOP02-DEL08-PR
727958;1626152;27/10/2025;segunda-feira;16:50:00;PR;277;282;PRUDENTOPOLIS;Não;Frear bruscamente;1;Colisão traseira;Com Vítimas Feridas;Pleno dia;Crescente;Céu Claro;Simples;Reta;Não;1298010;Automóvel;HONDA/CITY EX CVT;2015;Passageiro;Ileso;6;Masculino;1;0;0;0;-25,34133667;-50,94168833;SPRF-PR;DEL08-PR;UOP02-DEL08-PR
727958;1626154;27/10/2025;segunda-feira;16:50:00;PR;277;282;PRUDENTOPOLIS;Não;Velocidade Incompatível;1;Colisão traseira;Com Vítimas Feridas;Pleno dia;Crescente;Céu Claro;Simples;Reta;Não;1298010;Automóvel;HONDA/CITY EX CVT;2015;Passageiro;Ileso;12;Masculino;1;0;0;0;-25,34133667;-50,94168833;SPRF-PR;DEL08-PR;UOP02-DEL08-PR
727958;1626152;27/10/2025;segunda-feira;16:50:00;PR;277;282;PRUDENTOPOLIS;Não;Velocidade Incompatível;1;Colisão traseira;Com Vítimas Feridas;Pleno dia;Crescente;Céu Claro;Simples;Reta;Não;1298010;Automóvel;HONDA/CITY EX CVT;2015;Passageiro;Ileso;6;Masculino;1;0;0;0;-25,34133667;-50,94168833;SPRF-PR;DEL08-PR;UOP02-DEL08-PR
727958;1626154;27/10/2025;segunda-feira;16:50:00;PR;277;282;PRUDENTOPOLIS;Não;Condutor deixou de manter distância do veículo da frente;1;Colisão traseira;Com Vítimas Feridas;Pleno dia;Crescente;Céu Claro;Simples;Reta;Não;1298010;Automóvel;HONDA/CITY EX CVT;2015;Passageiro;Ileso;12;Masculino;1;0;0;0;-25,34133667;-50,94168833;SPRF-PR;DEL08-PR;UOP02-DEL08-PR
727958;1626152;27/10/2025;segunda-feira;16:50:00;PR;277;282;PRUDENTOPOLIS;Não;Condutor deixou de manter distância do veículo da frente;1;Colisão traseira;Com Vítimas Feridas;Pleno dia;Crescente;Céu Claro;Simples;Reta;Não;1298010;Automóvel;HONDA/CITY EX CVT;2015;Passageiro;Ileso;6;Masculino;1;0;0;0;-25,34133667;-50,94168833;SPRF-PR;DEL08-PR;UOP02-DEL08-PR
727958;1626154;27/10/2025;segunda-feira;16:50:00;PR;277;282;PRUDENTOPOLIS;Sim;Reação tardia ou ineficiente do condutor;1;Colisão traseira;Com Vítimas Feridas;Pleno dia;Crescente;Céu Claro;Simples;Reta;Não;1298010;Automóvel;HONDA/CITY EX CVT;2015;Passageiro;Ileso;12;Masculino;1;0;0;0;-25,34133667;-50,94168833;SPRF-PR;DEL08-PR;UOP02-DEL08-PR
727958;1626152;27/10/2025;segunda-feira;16:50:00;PR;277;282;PRUDENTOPOLIS;Sim;Reação tardia ou ineficiente do condutor;1;Colisão traseira;Com Vítimas Feridas;Pleno dia;Crescente;Céu Claro;Simples;Reta;Não;1298010;Automóvel;HONDA/CITY EX CVT;2015;Passageiro;Ileso;6;Masculino;1;0;0;0;-25,34133667;-50,94168833;SPRF-PR;DEL08-PR;UOP02-DEL08-PR
728062;1626389;18/09/2025;quinta-feira;09:05:00;PR;369;395,8;JURANDA;Sim;Acessar a via sem observar a presença dos outros veículos;3;Colisão com objeto;Com Vítimas Feridas;Pleno dia;Crescente;Céu Claro;Simples;Reta;Sim;1298182;Automóvel;TOYOTA/COROLLA XEI20FLEX;2010;Passageiro;Lesões Leves;10;Feminino;0;1;0;0;-24,34699354;-52,73410527;SPRF-PR;DEL04-PR;UOP03-DEL04-PR
728062;1626387;18/09/2025;quinta-feira;09:05:00;PR;369;395,8;JURANDA;Sim;Acessar a via sem observar a presença dos outros veículos;3;Colisão com objeto;Com Vítimas Feridas;Pleno dia;Crescente;Céu Claro;Simples;Reta;Sim;1298182;Automóvel;TOYOTA/COROLLA XEI20FLEX;2010;Passageiro;Ileso;4;Masculino;1;0;0;0;-24,34699354;-52,73410527;SPRF-PR;DEL04-PR;UOP03-DEL04-PR
728062;1626389;18/09/2025;quinta-feira;09:05:00;PR;369;395,8;JURANDA;Sim;Acessar a via sem observar a presença dos outros veículos;2;Saída de leito carroçável;Com Vítimas Feridas;Pleno dia;Crescente;Céu Claro;Simples;Reta;Sim;1298182;Automóvel;TOYOTA/COROLLA XEI20FLEX;2010;Passageiro;Lesões Leves;10;Feminino;0;1;0;0;-24,34699354;-52,73410527;SPRF-PR;DEL04-PR;UOP03-DEL04-PR
728062;1626387;18/09/2025;quinta-feira;09:05:00;PR;369;395,8;JURANDA;Sim;Acessar a via sem observar a presença dos outros veículos;2;Saída de leito carroçável;Com Vítimas Feridas;Pleno dia;Crescente;Céu Claro;Simples;Reta;Sim;1298182;Automóvel;TOYOTA/COROLLA XEI20FLEX;2010;Passageiro;Ileso;4;Masculino;1;0;0;0;-24,34699354;-52,73410527;SPRF-PR;DEL04-PR;UOP03-DEL04-PR
728062;1626389;18/09/2025;quinta-feira;09:05:00;PR;369;395,8;JURANDA;Sim;Acessar a via sem observar a presença dos outros veículos;1;Colisão transversal;Com Vítimas Feridas;Pleno dia;Crescente;Céu Claro;Simples;Reta;Sim;1298182;Automóvel;TOYOTA/COROLLA XEI20FLEX;2010;Passageiro;Lesões Leves;10;Feminino;0;1;0;0;-24,34699354;-52,73410527;SPRF-PR;DEL04-PR;UOP03-DEL04-PR
728062;1626387;18/09/2025;quinta-feira;09:05:00;PR;369;395,8;JURANDA;Sim;Acessar a via sem observar a presença dos outros veículos;1;Colisão transversal;Com Vítimas Feridas;Pleno dia;Crescente;Céu Claro;Simples;Reta;Sim;1298182;Automóvel;TOYOTA/COROLLA XEI20FLEX;2010;Passageiro;Ileso;4;Masculino;1;0;0;0;-24,34699354;-52,73410527;SPRF-PR;DEL04-PR;UOP03-DEL04-PR
728370;1627401;29/10/2025;quarta-feira;16:00:00;PR;277;283,9;PRUDENTOPOLIS;Sim;Demais falhas mecânicas ou elétricas;1;Colisão com objeto;Com Vítimas Feridas;Pleno dia;Crescente;Céu Claro;Simples;"Declive;Reta";Não;1298843;Automóvel;VW/T CROSS HL TSI;2025;Passageiro;Lesões Leves;13;Masculino;0;1;0;0;-25,323;-50,966;SPRF-PR;DEL08-PR;UOP02-DEL08-PR
728382;1627350;29/10/2025;quarta-feira;18:10:00;PR;116;29,5;CAMPINA GRANDE DO SUL;Não;Velocidade Incompatível;1;Colisão com objeto;Com Vítimas Feridas;Anoitecer;Decrescente;Chuva;Dupla;"Aclive;Curva";Não;1298916;Automóvel;I/MMC LANCER 2.0;2011;Passageiro;Lesões Leves;9;Masculino;0;1;0;0;-25,111929;-48,802807;SPRF-PR;DEL01-PR;UOP02-DEL01-PR
728382;1627349;29/10/2025;quarta-feira;18:10:00;PR;116;29,5;CAMPINA GRANDE DO SUL;Não;Velocidade Incompatível;1;Colisão com objeto;Com Vítimas Feridas;Anoitecer;Decrescente;Chuva;Dupla;"Aclive;Curva";Não;1298916;Automóvel;I/MMC LANCER 2.0;2011;Passageiro;Lesões Leves;3;Feminino;0;1;0;0;-25,111929;-48,802807;SPRF-PR;DEL01-PR;UOP02-DEL01-PR
728382;1627350;29/10/2025;quarta-feira;18:10:00;PR;116;29,5;CAMPINA GRANDE DO SUL;Não;Pista Escorregadia;1;Colisão com objeto;Com Vítimas Feridas;Anoitecer;Decrescente;Chuva;Dupla;"Aclive;Curva";Não;1298916;Automóvel;I/MMC LANCER 2.0;2011;Passageiro;Lesões Leves;9;Masculino;0;1;0;0;-25,111929;-48,802807;SPRF-PR;DEL01-PR;UOP02-DEL01-PR
728382;1627349;29/10/2025;quarta-feira;18:10:00;PR;116;29,5;CAMPINA GRANDE DO SUL;Não;Pista Escorregadia;1;Colisão com objeto;Com Vítimas Feridas;Anoitecer;Decrescente;Chuva;Dupla;"Aclive;Curva";Não;1298916;Automóvel;I/MMC LANCER 2.0;2011;Passageiro;Lesões Leves;3;Feminino;0;1;0;0;-25,111929;-48,802807;SPRF-PR;DEL01-PR;UOP02-DEL01-PR
728382;1627350;29/10/2025;quarta-feira;18:10:00;PR;116;29,5;CAMPINA GRANDE DO SUL;Sim;Chuva;1;Colisão com objeto;Com Vítimas Feridas;Anoitecer;Decrescente;Chuva;Dupla;"Aclive;Curva";Não;1298916;Automóvel;I/MMC LANCER 2.0;2011;Passageiro;Lesões Leves;9;Masculino;0;1;0;0;-25,111929;-48,802807;SPRF-PR;DEL01-PR;UOP02-DEL01-PR
728382;1627349;29/10/2025;quarta-feira;18:10:00;PR;116;29,5;CAMPINA GRANDE DO SUL;Sim;Chuva;1;Colisão com objeto;Com Vítimas Feridas;Anoitecer;Decrescente;Chuva;Dupla;"Aclive;Curva";Não;1298916;Automóvel;I/MMC LANCER 2.0;2011;Passageiro;Lesões Leves;3;Feminino;0;1;0;0;-25,111929;-48,802807;SPRF-PR;DEL01-PR;UOP02-DEL01-PR
728467;1627915;30/10/2025;quinta-feira;08:00:00;PR;116;145;MANDIRITUBA;Não;Manobra de mudança de faixa;1;Colisão lateral mesmo sentido;Sem Vítimas;Pleno dia;Crescente;Nublado;Simples;"Curva;Aclive";Não;1299179;Automóvel;FIAT/UNO MILLE FIRE;2001;Passageiro;Ileso;2;Feminino;1;0;0;0;-25,808593;-49,326429;SPRF-PR;DEL01-PR;UOP03-DEL01-PR
728467;1627915;30/10/2025;quinta-feira;08:00:00;PR;116;145;MANDIRITUBA;Sim;Reação tardia ou ineficiente do condutor;1;Colisão lateral mesmo sentido;Sem Vítimas;Pleno dia;Crescente;Nublado;Simples;"Curva;Aclive";Não;1299179;Automóvel;FIAT/UNO MILLE FIRE;2001;Passageiro;Ileso;2;Feminino;1;0;0;0;-25,808593;-49,326429;SPRF-PR;DEL01-PR;UOP03-DEL01-PR
728547;1627784;30/10/2025;quinta-feira;16:40:00;PR;277;134,2;CAMPO LARGO;Sim;Acessar a via sem observar a presença dos outros veículos;1;Colisão transversal;Com Vítimas Feridas;Pleno dia;Crescente;Nublado;Simples;Reta;Não;1299246;Automóvel;FIAT/UNO VIVACE 1.0;2014;Passageiro;Lesões Leves;3;Masculino;0;1;0;0;-25,449483;-49,614681;SPRF-PR;DEL03-PR;UOP03-DEL03-PR
728547;1627783;30/10/2025;quinta-feira;16:40:00;PR;277;134,2;CAMPO LARGO;Sim;Acessar a via sem observar a presença dos outros veículos;1;Colisão transversal;Com Vítimas Feridas;Pleno dia;Crescente;Nublado;Simples;Reta;Não;1299246;Automóvel;FIAT/UNO VIVACE 1.0;2014;Passageiro;Lesões Graves;5;Masculino;0;0;1;0;-25,449483;-49,614681;SPRF-PR;DEL03-PR;UOP03-DEL03-PR
728550;1627866;30/10/2025;quinta-feira;16:30:00;PR;116;17;CAMPINA GRANDE DO SUL;Sim;Reação tardia ou ineficiente do condutor;3;Capotamento;Com Vítimas Feridas;Pleno dia;Crescente;Garoa/Chuvisco;Dupla;Curva;Não;1299309;Automóvel;FIAT/ARGO DRIVE 1.0;2023;Passageiro;Lesões Leves;3;Feminino;0;1;0;0;-25,10446224;-48,7124869;SPRF-PR;DEL01-PR;UOP02-DEL01-PR
728550;1627866;30/10/2025;quinta-feira;16:30:00;PR;116;17;CAMPINA GRANDE DO SUL;Sim;Reação tardia ou ineficiente do condutor;2;Colisão com objeto;Com Vítimas Feridas;Pleno dia;Crescente;Garoa/Chuvisco;Dupla;Curva;Não;1299309;Automóvel;FIAT/ARGO DRIVE 1.0;2023;Passageiro;Lesões Leves;3;Feminino;0;1;0;0;-25,10446224;-48,7124869;SPRF-PR;DEL01-PR;UOP02-DEL01-PR
728550;1627866;30/10/2025;quinta-feira;16:30:00;PR;116;17;CAMPINA GRANDE DO SUL;Sim;Reação tardia ou ineficiente do condutor;1;Saída de leito carroçável;Com Vítimas Feridas;Pleno dia;Crescente;Garoa/Chuvisco;Dupla;Curva;Não;1299309;Automóvel;FIAT/ARGO DRIVE 1.0;2023;Passageiro;Lesões Leves;3;Feminino;0;1;0;0;-25,10446224;-48,7124869;SPRF-PR;DEL01-PR;UOP02-DEL01-PR
728628;1627960;31/10/2025;sexta-feira;00:15:00;PR;373;263;PRUDENTOPOLIS;Não;Condutor Dormindo;1;Saída de leito carroçável;Com Vítimas Feridas;Plena Noite;Crescente;Céu Claro;Simples;Reta;Sim;1299378;Automóvel;VW/GOL 1.0;2002;Passageiro;Ileso;4;Feminino;1;0;0;0;-25,200365;-50,974673;SPRF-PR;DEL08-PR;UOP01-DEL08-PR
728628;1627960;31/10/2025;sexta-feira;00:15:00;PR;373;263;PRUDENTOPOLIS;Não;Mal súbito do condutor;1;Saída de leito carroçável;Com Vítimas Feridas;Plena Noite;Crescente;Céu Claro;Simples;Reta;Sim;1299378;Automóvel;VW/GOL 1.0;2002;Passageiro;Ileso;4;Feminino;1;0;0;0;-25,200365;-50,974673;SPRF-PR;DEL08-PR;UOP01-DEL08-PR
728628;1627960;31/10/2025;sexta-feira;00:15:00;PR;373;263;PRUDENTOPOLIS;Não;Condutor usando celular;1;Saída de leito carroçável;Com Vítimas Feridas;Plena Noite;Crescente;Céu Claro;Simples;Reta;Sim;1299378;Automóvel;VW/GOL 1.0;2002;Passageiro;Ileso;4;Feminino;1;0;0;0;-25,200365;-50,974673;SPRF-PR;DEL08-PR;UOP01-DEL08-PR
728628;1627960;31/10/2025;sexta-feira;00:15:00;PR;373;263;PRUDENTOPOLIS;Sim;Ausência de reação do condutor;1;Saída de leito carroçável;Com Vítimas Feridas;Plena Noite;Crescente;Céu Claro;Simples;Reta;Sim;1299378;Automóvel;VW/GOL 1.0;2002;Passageiro;Ileso;4;Feminino;1;0;0;0;-25,200365;-50,974673;SPRF-PR;DEL08-PR;UOP01-DEL08-PR
729125;1629058;02/11/2025;domingo;07:23:00;PR;116;45,5;CAMPINA GRANDE DO SUL;Não;Curva acentuada;2;Colisão com objeto;Sem Vítimas;Pleno dia;Crescente;Chuva;Dupla;Curva;Não;1300286;Automóvel;FIAT/MOBI LIKE;2021;Passageiro;Ileso;1;Masculino;1;0;0;0;-25,199797;-48,895377;SPRF-PR;DEL01-PR;UOP02-DEL01-PR
729125;1629058;02/11/2025;domingo;07:23:00;PR;116;45,5;CAMPINA GRANDE DO SUL;Não;Curva acentuada;1;Saída de leito carroçável;Sem Vítimas;Pleno dia;Crescente;Chuva;Dupla;Curva;Não;1300286;Automóvel;FIAT/MOBI LIKE;2021;Passageiro;Ileso;1;Masculino;1;0;0;0;-25,199797;-48,895377;SPRF-PR;DEL01-PR;UOP02-DEL01-PR
729125;1629058;02/11/2025;domingo;07:23:00;PR;116;45,5;CAMPINA GRANDE DO SUL;Não;Avarias e/ou desgaste excessivo no pneu;2;Colisão com objeto;Sem Vítimas;Pleno dia;Crescente;Chuva;Dupla;Curva;Não;1300286;Automóvel;FIAT/MOBI LIKE;2021;Passageiro;Ileso;1;Masculino;1;0;0;0;-25,199797;-48,895377;SPRF-PR;DEL01-PR;UOP02-DEL01-PR
729125;1629058;02/11/2025;domingo;07:23:00;PR;116;45,5;CAMPINA GRANDE DO SUL;Não;Avarias e/ou desgaste excessivo no pneu;1;Saída de leito carroçável;Sem Vítimas;Pleno dia;Crescente;Chuva;Dupla;Curva;Não;1300286;Automóvel;FIAT/MOBI LIKE;2021;Passageiro;Ileso;1;Masculino;1;0;0;0;-25,199797;-48,895377;SPRF-PR;DEL01-PR;UOP02-DEL01-PR
729125;1629058;02/11/2025;domingo;07:23:00;PR;116;45,5;CAMPINA GRANDE DO SUL;Sim;Chuva;2;Colisão com objeto;Sem Vítimas;Pleno dia;Crescente;Chuva;Dupla;Curva;Não;1300286;Automóvel;FIAT/MOBI LIKE;2021;Passageiro;Ileso;1;Masculino;1;0;0;0;-25,199797;-48,895377;SPRF-PR;DEL01-PR;UOP02-DEL01-PR
729125;1629058;02/11/2025;domingo;07:23:00;PR;116;45,5;CAMPINA GRANDE DO SUL;Sim;Chuva;1;Saída de leito carroçável;Sem Vítimas;Pleno dia;Crescente;Chuva;Dupla;Curva;Não;1300286;Automóvel;FIAT/MOBI LIKE;2021;Passageiro;Ileso;1;Masculino;1;0;0;0;-25,199797;-48,895377;SPRF-PR;DEL01-PR;UOP02-DEL01-PR
729170;1629254;02/11/2025;domingo;13:40:00;PR;277;396;CANDOI;Não;Condutor Dormindo;2;Colisão com objeto;Com Vítimas Feridas;Pleno dia;Decrescente;Nublado;Simples;Reta;Não;1300362;Ônibus;SCANIA/MPOLO PARADIS DDR;2011;Passageiro;Ileso;12;Masculino;1;0;0;0;-25,45073628;-51,92907747;SPRF-PR;DEL08-PR;UOP01-DEL08-PR
729170;1629254;02/11/2025;domingo;13:40:00;PR;277;396;CANDOI;Não;Condutor Dormindo;1;Saída de leito carroçável;Com Vítimas Feridas;Pleno dia;Decrescente;Nublado;Simples;Reta;Não;1300362;Ônibus;SCANIA/MPOLO PARADIS DDR;2011;Passageiro;Ileso;12;Masculino;1;0;0;0;-25,45073628;-51,92907747;SPRF-PR;DEL08-PR;UOP01-DEL08-PR
729170;1629254;02/11/2025;domingo;13:40:00;PR;277;396;CANDOI;Sim;Mal súbito do condutor;2;Colisão com objeto;Com Vítimas Feridas;Pleno dia;Decrescente;Nublado;Simples;Reta;Não;1300362;Ônibus;SCANIA/MPOLO PARADIS DDR;2011;Passageiro;Ileso;12;Masculino;1;0;0;0;-25,45073628;-51,92907747;SPRF-PR;DEL08-PR;UOP01-DEL08-PR
729170;1629254;02/11/2025;domingo;13:40:00;PR;277;396;CANDOI;Sim;Mal súbito do condutor;1;Saída de leito carroçável;Com Vítimas Feridas;Pleno dia;Decrescente;Nublado;Simples;Reta;Não;1300362;Ônibus;SCANIA/MPOLO PARADIS DDR;2011;Passageiro;Ileso;12;Masculino;1;0;0;0;-25,45073628;-51,92907747;SPRF-PR;DEL08-PR;UOP01-DEL08-PR
729249;1631069;02/11/2025;domingo;19:00:00;PR;116;149;MANDIRITUBA;Não;Velocidade Incompatível;4;Capotamento;Com Vítimas Feridas;Plena Noite;Crescente;Nublado;Simples;Reta;Não;1300480;Automóvel;VW/NIVUS CL TSI;2025;Passageiro;Ileso;3;Masculino;1;0;0;0;-25,8438;-49,349023;SPRF-PR;DEL01-PR;UOP03-DEL01-PR
729249;1631066;02/11/2025;domingo;19:00:00;PR;116;149;MANDIRITUBA;Não;Velocidade Incompatível;4;Capotamento;Com Vítimas Feridas;Plena Noite;Crescente;Nublado;Simples;Reta;Não;1300480;Automóvel;VW/NIVUS CL TSI;2025;Passageiro;Ileso;10;Masculino;1;0;0;0;-25,8438;-49,349023;SPRF-PR;DEL01-PR;UOP03-DEL01-PR
729249;1631060;02/11/2025;domingo;19:00:00;PR;116;149;MANDIRITUBA;Não;Velocidade Incompatível;4;Capotamento;Com Vítimas Feridas;Plena Noite;Crescente;Nublado;Simples;Reta;Não;1300482;Automóvel;CHEVROLET/ONIX 1.0MT LT;2018;Passageiro;Lesões Leves;5;Feminino;0;1;0;0;-25,8438;-49,349023;SPRF-PR;DEL01-PR;UOP03-DEL01-PR
729249;1631069;02/11/2025;domingo;19:00:00;PR;116;149;MANDIRITUBA;Não;Velocidade Incompatível;3;Saída de leito carroçável;Com Vítimas Feridas;Plena Noite;Crescente;Nublado;Simples;Reta;Não;1300480;Automóvel;VW/NIVUS CL TSI;2025;Passageiro;Ileso;3;Masculino;1;0;0;0;-25,8438;-49,349023;SPRF-PR;DEL01-PR;UOP03-DEL01-PR
729249;1631066;02/11/2025;domingo;19:00:00;PR;116;149;MANDIRITUBA;Não;Velocidade Incompatível;3;Saída de leito carroçável;Com Vítimas Feridas;Plena Noite;Crescente;Nublado;Simples;Reta;Não;1300480;Automóvel;VW/NIVUS CL TSI;2025;Passageiro;Ileso;10;Masculino;1;0;0;0;-25,8438;-49,349023;SPRF-PR;DEL01-PR;UOP03-DEL01-PR
729249;1631060;02/11/2025;domingo;19:00:00;PR;116;149;MANDIRITUBA;Não;Velocidade Incompatível;3;Saída de leito carroçável;Com Vítimas Feridas;Plena Noite;Crescente;Nublado;Simples;Reta;Não;1300482;Automóvel;CHEVROLET/ONIX 1.0MT LT;2018;Passageiro;Lesões Leves;5;Feminino;0;1;0;0;-25,8438;-49,349023;SPRF-PR;DEL01-PR;UOP03-DEL01-PR
729249;1631069;02/11/2025;domingo;19:00:00;PR;116;149;MANDIRITUBA;Não;Velocidade Incompatível;2;Colisão frontal;Com Vítimas Feridas;Plena Noite;Crescente;Nublado;Simples;Reta;Não;1300480;Automóvel;VW/NIVUS CL TSI;2025;Passageiro;Ileso;3;Masculino;1;0;0;0;-25,8438;-49,349023;SPRF-PR;DEL01-PR;UOP03-DEL01-PR
729249;1631066;02/11/2025;domingo;19:00:00;PR;116;149;MANDIRITUBA;Não;Velocidade Incompatível;2;Colisão frontal;Com Vítimas Feridas;Plena Noite;Crescente;Nublado;Simples;Reta;Não;1300480;Automóvel;VW/NIVUS CL TSI;2025;Passageiro;Ileso;10;Masculino;1;0;0;0;-25,8438;-49,349023;SPRF-PR;DEL01-PR;UOP03-DEL01-PR
729249;1631060;02/11/2025;domingo;19:00:00;PR;116;149;MANDIRITUBA;Não;Velocidade Incompatível;2;Colisão frontal;Com Vítimas Feridas;Plena Noite;Crescente;Nublado;Simples;Reta;Não;1300482;Automóvel;CHEVROLET/ONIX 1.0MT LT;2018;Passageiro;Lesões Leves;5;Feminino;0;1;0;0;-25,8438;-49,349023;SPRF-PR;DEL01-PR;UOP03-DEL01-PR
729249;1631069;02/11/2025;domingo;19:00:00;PR;116;149;MANDIRITUBA;Não;Velocidade Incompatível;1;Colisão lateral mesmo sentido;Com Vítimas Feridas;Plena Noite;Crescente;Nublado;Simples;Reta;Não;1300480;Automóvel;VW/NIVUS CL TSI;2025;Passageiro;Ileso;3;Masculino;1;0;0;0;-25,8438;-49,349023;SPRF-PR;DEL01-PR;UOP03-DEL01-PR
729249;1631066;02/11/2025;domingo;19:00:00;PR;116;149;MANDIRITUBA;Não;Velocidade Incompatível;1;Colisão lateral mesmo sentido;Com Vítimas Feridas;Plena Noite;Crescente;Nublado;Simples;Reta;Não;1300480;Automóvel;VW/NIVUS CL TSI;2025;Passageiro;Ileso;10;Masculino;1;0;0;0;-25,8438;-49,349023;SPRF-PR;DEL01-PR;UOP03-DEL01-PR
729249;1631060;02/11/2025;domingo;19:00:00;PR;116;149;MANDIRITUBA;Não;Velocidade Incompatível;1;Colisão lateral mesmo sentido;Com Vítimas Feridas;Plena Noite;Crescente;Nublado;Simples;Reta;Não;1300482;Automóvel;CHEVROLET/ONIX 1.0MT LT;2018;Passageiro;Lesões Leves;5;Feminino;0;1;0;0;-25,8438;-49,349023;SPRF-PR;DEL01-PR;UOP03-DEL01-PR
729249;1631069;02/11/2025;domingo;19:00:00;PR;116;149;MANDIRITUBA;Sim;Conversão proibida;4;Capotamento;Com Vítimas Feridas;Plena Noite;Crescente;Nublado;Simples;Reta;Não;1300480;Automóvel;VW/NIVUS CL TSI;2025;Passageiro;Ileso;3;Masculino;1;0;0;0;-25,8438;-49,349023;SPRF-PR;DEL01-PR;UOP03-DEL01-PR