id;pesid;data_inversa;dia_semana;horario;uf;br;km;municipio;causa_principal;causa_acidente;ordem_tipo_acidente;tipo_acidente;classificacao_acidente;fase_dia;sentido_via;condicao_metereologica;tipo_pista;tracado_via;uso_solo;id_veiculo;tipo_veiculo;marca;ano_fabricacao_veiculo;tipo_envolvido;estado_fisico;idade;sexo;ilesos;feridos_leves;feridos_graves;mortos;latitude;longitude;regional;delegacia;uop
729249;1631066;02/11/2025;domingo;19:00:00;PR;116;149;MANDIRITUBA;Sim;Conversão proibida;4;Capotamento;Com Vítimas Feridas;Plena Noite;Crescente;Nublado;Simples;Reta;Não;1300480;Automóvel;VW/NIVUS CL TSI;2025;Passageiro;Ileso;10;Masculino;1;0;0;0;-25,8438;-49,349023;SPRF-PR;DEL01-PR;UOP03-DEL01-PR
729249;1631060;02/11/2025;domingo;19:00:00;PR;116;149;MANDIRITUBA;Sim;Conversão proibida;4;Capotamento;Com Vítimas Feridas;Plena Noite;Crescente;Nublado;Simples;Reta;Não;1300482;Automóvel;CHEVROLET/ONIX 1.0MT LT;2018;Passageiro;Lesões Leves;5;Feminino;0;1;0;0;-25,8438;-49,349023;SPRF-PR;DEL01-PR;UOP03-DEL01-PR
729249;1631069;02/11/2025;domingo;19:00:00;PR;116;149;MANDIRITUBA;Sim;Conversão proibida;3;Saída de leito carroçável;Com Vítimas Feridas;Plena Noite;Crescente;Nublado;Simples;Reta;Não;1300480;Automóvel;VW/NIVUS CL TSI;2025;Passageiro;Ileso;3;Masculino;1;0;0;0;-25,8438;-49,349023;SPRF-PR;DEL01-PR;UOP03-DEL01-PR
729249;1631066;02/11/2025;domingo;19:00:00;PR;116;149;MANDIRITUBA;Sim;Conversão proibida;3;Saída de leito carroçável;Com Vítimas Feridas;Plena Noite;Crescente;Nublado;Simples;Reta;Não;1300480;Automóvel;VW/NIVUS CL TSI;2025;Passageiro;Ileso;10;Masculino;1;0;0;0;-25,8438;-49,349023;SPRF-PR;DEL01-PR;UOP03-DEL01-PR
729249;1631060;02/11/2025;domingo;19:00:00;PR;116;149;MANDIRITUBA;Sim;Conversão proibida;3;Saída de leito carroçável;Com Vítimas Feridas;Plena Noite;Crescente;Nublado;Simples;Reta;Não;1300482;Automóvel;CHEVROLET/ONIX 1.0MT LT;2018;Passageiro;Lesões Leves;5;Feminino;0;1;0;0;-25,8438;-49,349023;SPRF-PR;DEL01-PR;UOP03-DEL01-PR
729249;1631069;02/11/2025;domingo;19:00:00;PR;116;149;MANDIRITUBA;Sim;Conversão proibida;2;Colisão frontal;Com Vítimas Feridas;Plena Noite;Crescente;Nublado;Simples;Reta;Não;1300480;Automóvel;VW/NIVUS CL TSI;2025;Passageiro;Ileso;3;Masculino;1;0;0;0;-25,8438;-49,349023;SPRF-PR;DEL01-PR;UOP03-DEL01-PR
729249;1631066;02/11/2025;domingo;19:00:00;PR;116;149;MANDIRITUBA;Sim;Conversão proibida;2;Colisão frontal;Com Vítimas Feridas;Plena Noite;Crescente;Nublado;Simples;Reta;Não;1300480;Automóvel;VW/NIVUS CL TSI;2025;Passageiro;Ileso;10;Masculino;1;0;0;0;-25,8438;-49,349023;SPRF-PR;DEL01-PR;UOP03-DEL01-PR
729249;1631060;02/11/2025;domingo;19:00:00;PR;116;149;MANDIRITUBA;Sim;Conversão proibida;2;Colisão frontal;Com Vítimas Feridas;Plena Noite;Crescente;Nublado;Simples;Reta;Não;1300482;Automóvel;CHEVROLET/ONIX 1.0MT LT;2018;Passageiro;Lesões Leves;5;Feminino;0;1;0;0;-25,8438;-49,349023;SPRF-PR;DEL01-PR;UOP03-DEL01-PR
729249;1631069;02/11/2025;domingo;19:00:00;PR;116;149;MANDIRITUBA;Sim;Conversão proibida;1;Colisão lateral mesmo sentido;Com Vítimas Feridas;Plena Noite;Crescente;Nublado;Simples;Reta;Não;1300480;Automóvel;VW/NIVUS CL TSI;2025;Passageiro;Ileso;3;Masculino;1;0;0;0;-25,8438;-49,349023;SPRF-PR;DEL01-PR;UOP03-DEL01-PR
729249;1631066;02/11/2025;domingo;19:00:00;PR;116;149;MANDIRITUBA;Sim;Conversão proibida;1;Colisão lateral mesmo sentido;Com Vítimas Feridas;Plena Noite;Crescente;Nublado;Simples;Reta;Não;1300480;Automóvel;VW/NIVUS CL TSI;2025;Passageiro;Ileso;10;Masculino;1;0;0;0;-25,8438;-49,349023;SPRF-PR;DEL01-PR;UOP03-DEL01-PR
729249;1631060;02/11/2025;domingo;19:00:00;PR;116;149;MANDIRITUBA;Sim;Conversão proibida;1;Colisão lateral mesmo sentido;Com Vítimas Feridas;Plena Noite;Crescente;Nublado;Simples;Reta;Não;1300482;Automóvel;CHEVROLET/ONIX 1.0MT LT;2018;Passageiro;Lesões Leves;5;Feminino;0;1;0;0;-25,8438;-49,349023;SPRF-PR;DEL01-PR;UOP03-DEL01-PR
729336;1629560;06/06/2025;sexta-feira;22:00:00;PR;277;135,3;CAMPO LARGO;Sim;Manobra de mudança de faixa;1;Colisão lateral mesmo sentido;Com Vítimas Feridas;Plena Noite;Crescente;Garoa/Chuvisco;Dupla;"Aclive;Curva";Não;1300620;Automóvel;VW/GOL 1.0 GIV;2012;Passageiro;Lesões Leves;13;Masculino;0;1;0;0;-25,4508;-49,622;SPRF-PR;DEL03-PR;UOP03-DEL03-PR
729491;1629988;03/11/2025;segunda-feira;18:30:00;PR;373;276,8;PRUDENTOPOLIS;Sim;Transitar na contramão;3;Queda de ocupante de veículo;Com Vítimas Fatais;Anoitecer;Crescente;Nublado;Simples;"Aclive;Curva";Não;1300950;Motocicleta;HONDA/NXR150 BROS KS;2007;Condutor;Óbito;16;Masculino;0;0;0;1;-25,260191;-51,083935;SPRF-PR;DEL08-PR;UOP01-DEL08-PR
729491;1629988;03/11/2025;segunda-feira;18:30:00;PR;373;276,8;PRUDENTOPOLIS;Sim;Transitar na contramão;2;Tombamento;Com Vítimas Fatais;Anoitecer;Crescente;Nublado;Simples;"Aclive;Curva";Não;1300950;Motocicleta;HONDA/NXR150 BROS KS;2007;Condutor;Óbito;16;Masculino;0;0;0;1;-25,260191;-51,083935;SPRF-PR;DEL08-PR;UOP01-DEL08-PR
729491;1629988;03/11/2025;segunda-feira;18:30:00;PR;373;276,8;PRUDENTOPOLIS;Sim;Transitar na contramão;1;Colisão frontal;Com Vítimas Fatais;Anoitecer;Crescente;Nublado;Simples;"Aclive;Curva";Não;1300950;Motocicleta;HONDA/NXR150 BROS KS;2007;Condutor;Óbito;16;Masculino;0;0;0;1;-25,260191;-51,083935;SPRF-PR;DEL08-PR;UOP01-DEL08-PR
729628;1630356;04/11/2025;terça-feira;19:30:00;PR;369;18;CAMBARA;Sim;Pedestre cruzava a pista fora da faixa;1;Atropelamento de Pedestre;Com Vítimas Feridas;Plena Noite;Decrescente;Céu Claro;Simples;Reta;Sim;1301276;Caminhonete;CHEVROLET/S10 LT DD4A;2022;Passageiro;Ileso;4;Feminino;1;0;0;0;-23,03528231;-50,06486249;SPRF-PR;DEL07-PR;UOP05-DEL07-PR
729639;1633567;04/11/2025;terça-feira;19:15:00;PR;153;510;GENERAL CARNEIRO;Sim;Ausência de reação do condutor;1;Colisão traseira;Com Vítimas Feridas;Plena Noite;Crescente;Céu Claro;Simples;Reta;Não;1301378;Motor-casa;MOTOR-CASA/ONIBUS;1978;Passageiro;Ileso;1;Masculino;1;0;0;0;-26,542;-51,397;SPRF-PR;DEL02-PR;UOP03-DEL02-PR
729639;1633566;04/11/2025;terça-feira;19:15:00;PR;153;510;GENERAL CARNEIRO;Sim;Ausência de reação do condutor;1;Colisão traseira;Com Vítimas Feridas;Plena Noite;Crescente;Céu Claro;Simples;Reta;Não;1301378;Motor-casa;MOTOR-CASA/ONIBUS;1978;Passageiro;Ileso;2;Masculino;1;0;0;0;-26,542;-51,397;SPRF-PR;DEL02-PR;UOP03-DEL02-PR
729823;1630749;31/08/2025;domingo;07:20:00;PR;277;590,1;CASCAVEL;Sim;Ausência de reação do condutor;3;Capotamento;Com Vítimas Feridas;Pleno dia;Crescente;Céu Claro;Simples;Reta;Sim;1301601;Automóvel;I/CHEVROLET AGILE LTZ;2010;Passageiro;Ileso;0;Masculino;1;0;0;0;-24,98189577;-53,45761774;SPRF-PR;DEL04-PR;UOP01-DEL04-PR
729823;1630746;31/08/2025;domingo;07:20:00;PR;277;590,1;CASCAVEL;Sim;Ausência de reação do condutor;3;Capotamento;Com Vítimas Feridas;Pleno dia;Crescente;Céu Claro;Simples;Reta;Sim;1301600;Automóvel;AUDI/A3 1.8;2002;Passageiro;Lesões Leves;5;Masculino;0;1;0;0;-24,98189577;-53,45761774;SPRF-PR;DEL04-PR;UOP01-DEL04-PR
729823;1630749;31/08/2025;domingo;07:20:00;PR;277;590,1;CASCAVEL;Sim;Ausência de reação do condutor;2;Saída de leito carroçável;Com Vítimas Feridas;Pleno dia;Crescente;Céu Claro;Simples;Reta;Sim;1301601;Automóvel;I/CHEVROLET AGILE LTZ;2010;Passageiro;Ileso;0;Masculino;1;0;0;0;-24,98189577;-53,45761774;SPRF-PR;DEL04-PR;UOP01-DEL04-PR
729823;1630746;31/08/2025;domingo;07:20:00;PR;277;590,1;CASCAVEL;Sim;Ausência de reação do condutor;2;Saída de leito carroçável;Com Vítimas Feridas;Pleno dia;Crescente;Céu Claro;Simples;Reta;Sim;1301600;Automóvel;AUDI/A3 1.8;2002;Passageiro;Lesões Leves;5;Masculino;0;1;0;0;-24,98189577;-53,45761774;SPRF-PR;DEL04-PR;UOP01-DEL04-PR
729823;1630749;31/08/2025;domingo;07:20:00;PR;277;590,1;CASCAVEL;Sim;Ausência de reação do condutor;1;Colisão frontal;Com Vítimas Feridas;Pleno dia;Crescente;Céu Claro;Simples;Reta;Sim;1301601;Automóvel;I/CHEVROLET AGILE LTZ;2010;Passageiro;Ileso;0;Masculino;1;0;0;0;-24,98189577;-53,45761774;SPRF-PR;DEL04-PR;UOP01-DEL04-PR
729823;1630746;31/08/2025;domingo;07:20:00;PR;277;590,1;CASCAVEL;Sim;Ausência de reação do condutor;1;Colisão frontal;Com Vítimas Feridas;Pleno dia;Crescente;Céu Claro;Simples;Reta;Sim;1301600;Automóvel;AUDI/A3 1.8;2002;Passageiro;Lesões Leves;5;Masculino;0;1;0;0;-24,98189577;-53,45761774;SPRF-PR;DEL04-PR;UOP01-DEL04-PR
730232;1632362;07/11/2025;sexta-feira;17:50:00;PR;277;535,7;IBEMA;Não;Desrespeitar a preferência no cruzamento;1;Colisão transversal;Com Vítimas Feridas;Anoitecer;Crescente;Garoa/Chuvisco;Simples;"Reta;Interseção de Vias";Não;1302563;Caminhonete;FIAT/TORO FREEDOM AT9;2016;Passageiro;Ileso;4;Feminino;1;0;0;0;-25,11601;-53,00682;SPRF-PR;DEL04-PR;UOP04-DEL04-PR
730232;1632352;07/11/2025;sexta-feira;17:50:00;PR;277;535,7;IBEMA;Não;Desrespeitar a preferência no cruzamento;1;Colisão transversal;Com Vítimas Feridas;Anoitecer;Crescente;Garoa/Chuvisco;Simples;"Reta;Interseção de Vias";Não;1302562;Automóvel;VW/GOL 1.0;2006;Passageiro;Ileso;15;Masculino;1;0;0;0;-25,11601;-53,00682;SPRF-PR;DEL04-PR;UOP04-DEL04-PR
730232;1632362;07/11/2025;sexta-feira;17:50:00;PR;277;535,7;IBEMA;Sim;Acessar a via sem observar a presença dos outros veículos;1;Colisão transversal;Com Vítimas Feridas;Anoitecer;Crescente;Garoa/Chuvisco;Simples;"Reta;Interseção de Vias";Não;1302563;Caminhonete;FIAT/TORO FREEDOM AT9;2016;Passageiro;Ileso;4;Feminino;1;0;0;0;-25,11601;-53,00682;SPRF-PR;DEL04-PR;UOP04-DEL04-PR
730232;1632352;07/11/2025;sexta-feira;17:50:00;PR;277;535,7;IBEMA;Sim;Acessar a via sem observar a presença dos outros veículos;1;Colisão transversal;Com Vítimas Feridas;Anoitecer;Crescente;Garoa/Chuvisco;Simples;"Reta;Interseção de Vias";Não;1302562;Automóvel;VW/GOL 1.0;2006;Passageiro;Ileso;15;Masculino;1;0;0;0;-25,11601;-53,00682;SPRF-PR;DEL04-PR;UOP04-DEL04-PR
730383;1632298;08/11/2025;sábado;09:57:00;PR;158;519;PATO BRANCO;Não;Acostamento em desnível;1;Colisão frontal;Com Vítimas Feridas;Pleno dia;Decrescente;Céu Claro;Simples;Curva;Não;1302779;Caminhonete;VW/SAVEIRO CD EX MF;2025;Passageiro;Lesões Leves;8;Feminino;0;1;0;0;-26,11621457;-52,6400608;SPRF-PR;DEL02-PR;UOP01-DEL02-PR
730383;1632294;08/11/2025;sábado;09:57:00;PR;158;519;PATO BRANCO;Não;Acostamento em desnível;1;Colisão frontal;Com Vítimas Feridas;Pleno dia;Decrescente;Céu Claro;Simples;Curva;Não;1302779;Caminhonete;VW/SAVEIRO CD EX MF;2025;Passageiro;Ileso;16;Masculino;1;0;0;0;-26,11621457;-52,6400608;SPRF-PR;DEL02-PR;UOP01-DEL02-PR
730383;1632298;08/11/2025;sábado;09:57:00;PR;158;519;PATO BRANCO;Sim;Conversão proibida;1;Colisão frontal;Com Vítimas Feridas;Pleno dia;Decrescente;Céu Claro;Simples;Curva;Não;1302779;Caminhonete;VW/SAVEIRO CD EX MF;2025;Passageiro;Lesões Leves;8;Feminino;0;1;0;0;-26,11621457;-52,6400608;SPRF-PR;DEL02-PR;UOP01-DEL02-PR
730383;1632294;08/11/2025;sábado;09:57:00;PR;158;519;PATO BRANCO;Sim;Conversão proibida;1;Colisão frontal;Com Vítimas Feridas;Pleno dia;Decrescente;Céu Claro;Simples;Curva;Não;1302779;Caminhonete;VW/SAVEIRO CD EX MF;2025;Passageiro;Ileso;16;Masculino;1;0;0;0;-26,11621457;-52,6400608;SPRF-PR;DEL02-PR;UOP01-DEL02-PR
730522;1632555;08/11/2025;sábado;19:30:00;PR;373;206,6;IPIRANGA;Sim;Ultrapassagem Indevida;1;Colisão frontal;Com Vítimas Fatais;Plena Noite;Crescente;Céu Claro;Simples;"Aclive;Reta";Não;1303075;Automóvel;RENAULT/KARDIAN EVO AT;2024;Passageiro;Lesões Graves;6;Feminino;0;0;1;0;-25,12964;-50,460497;SPRF-PR;DEL03-PR;UOP01-DEL03-PR
730522;1632554;08/11/2025;sábado;19:30:00;PR;373;206,6;IPIRANGA;Sim;Ultrapassagem Indevida;1;Colisão frontal;Com Vítimas Fatais;Plena Noite;Crescente;Céu Claro;Simples;"Aclive;Reta";Não;1303075;Automóvel;RENAULT/KARDIAN EVO AT;2024;Passageiro;Lesões Graves;9;Feminino;0;0;1;0;-25,12964;-50,460497;SPRF-PR;DEL03-PR;UOP01-DEL03-PR
730523;1632461;08/11/2025;sábado;13:05:00;PR;163;230,7;CASCAVEL;Não;Declive acentuado;1;Saída de leito carroçável;Com Vítimas Feridas;Pleno dia;Crescente;Céu Claro;Dupla;"Reta;Declive";Sim;1302983;Caminhão-trator;Não Informado/Não Informado;2001;Passageiro;Lesões Leves;0;Feminino;0;1;0;0;-24,799825;-53,6743927;SPRF-PR;DEL04-PR;UOP01-DEL04-PR
730523;1632461;08/11/2025;sábado;13:05:00;PR;163;230,7;CASCAVEL;Não;Condutor usando celular;1;Saída de leito carroçável;Com Vítimas Feridas;Pleno dia;Crescente;Céu Claro;Dupla;"Reta;Declive";Sim;1302983;Caminhão-trator;Não Informado/Não Informado;2001;Passageiro;Lesões Leves;0;Feminino;0;1;0;0;-24,799825;-53,6743927;SPRF-PR;DEL04-PR;UOP01-DEL04-PR
730523;1632461;08/11/2025;sábado;13:05:00;PR;163;230,7;CASCAVEL;Não;Ausência de reação do condutor;1;Saída de leito carroçável;Com Vítimas Feridas;Pleno dia;Crescente;Céu Claro;Dupla;"Reta;Declive";Sim;1302983;Caminhão-trator;Não Informado/Não Informado;2001;Passageiro;Lesões Leves;0;Feminino;0;1;0;0;-24,799825;-53,6743927;SPRF-PR;DEL04-PR;UOP01-DEL04-PR
730523;1632461;08/11/2025;sábado;13:05:00;PR;163;230,7;CASCAVEL;Sim;Reação tardia ou ineficiente do condutor;1;Saída de leito carroçável;Com Vítimas Feridas;Pleno dia;Crescente;Céu Claro;Dupla;"Reta;Declive";Sim;1302983;Caminhão-trator;Não Informado/Não Informado;2001;Passageiro;Lesões Leves;0;Feminino;0;1;0;0;-24,799825;-53,6743927;SPRF-PR;DEL04-PR;UOP01-DEL04-PR
730575;1636550;08/11/2025;sábado;23:20:00;PR;369;47;BANDEIRANTES;Sim;Reação tardia ou ineficiente do condutor;1;Colisão lateral sentido oposto;Com Vítimas Feridas;Plena Noite;Crescente;Céu Claro;Simples;Reta;Não;1303202;Automóvel;FIAT/PALIO EX;1998;Passageiro;Ileso;10;Masculino;1;0;0;0;-23,0984506;-50,305398;SPRF-PR;DEL07-PR;UOP05-DEL07-PR
730575;1636548;08/11/2025;sábado;23:20:00;PR;369;47;BANDEIRANTES;Sim;Reação tardia ou ineficiente do condutor;1;Colisão lateral sentido oposto;Com Vítimas Feridas;Plena Noite;Crescente;Céu Claro;Simples;Reta;Não;1303202;Automóvel;FIAT/PALIO EX;1998;Passageiro;Ileso;13;Masculino;1;0;0;0;-23,0984506;-50,305398;SPRF-PR;DEL07-PR;UOP05-DEL07-PR
730575;1636551;08/11/2025;sábado;23:20:00;PR;369;47;BANDEIRANTES;Sim;Reação tardia ou ineficiente do condutor;1;Colisão lateral sentido oposto;Com Vítimas Feridas;Plena Noite;Crescente;Céu Claro;Simples;Reta;Não;1303201;Automóvel;HYUNDAI/HB20S10TA EVOLUT;2020;Passageiro;Ileso;10;Feminino;1;0;0;0;-23,0984506;-50,305398;SPRF-PR;DEL07-PR;UOP05-DEL07-PR
730575;1636543;08/11/2025;sábado;23:20:00;PR;369;47;BANDEIRANTES;Sim;Reação tardia ou ineficiente do condutor;1;Colisão lateral sentido oposto;Com Vítimas Feridas;Plena Noite;Crescente;Céu Claro;Simples;Reta;Não;1303201;Automóvel;HYUNDAI/HB20S10TA EVOLUT;2020;Passageiro;Ileso;9;Feminino;1;0;0;0;-23,0984506;-50,305398;SPRF-PR;DEL07-PR;UOP05-DEL07-PR
730974;1633554;10/11/2025;segunda-feira;17:00:00;PR;153;42,4;SANTO ANTONIO DA PLATINA;Sim;Acessar a via sem observar a presença dos outros veículos;3;Queda de ocupante de veículo;Com Vítimas Feridas;Pleno dia;Crescente;Céu Claro;Simples;"Interseção de Vias;Reta";Sim;1303816;Motocicleta;YAMAHA/YS150 FAZER SED;2021;Passageiro;Lesões Leves;13;Feminino;0;1;0;0;-23,30151124;-50,0703553;SPRF-PR;DEL07-PR;UOP04-DEL07-PR
730974;1633554;10/11/2025;segunda-feira;17:00:00;PR;153;42,4;SANTO ANTONIO DA PLATINA;Sim;Acessar a via sem observar a presença dos outros veículos;2;Tombamento;Com Vítimas Feridas;Pleno dia;Crescente;Céu Claro;Simples;"Interseção de Vias;Reta";Sim;1303816;Motocicleta;YAMAHA/YS150 FAZER SED;2021;Passageiro;Lesões Leves;13;Feminino;0;1;0;0;-23,30151124;-50,0703553;SPRF-PR;DEL07-PR;UOP04-DEL07-PR
730974;1633554;10/11/2025;segunda-feira;17:00:00;PR;153;42,4;SANTO ANTONIO DA PLATINA;Sim;Acessar a via sem observar a presença dos outros veículos;1;Colisão transversal;Com Vítimas Feridas;Pleno dia;Crescente;Céu Claro;Simples;"Interseção de Vias;Reta";Sim;1303816;Motocicleta;YAMAHA/YS150 FAZER SED;2021;Passageiro;Lesões Leves;13;Feminino;0;1;0;0;-23,30151124;-50,0703553;SPRF-PR;DEL07-PR;UOP04-DEL07-PR
730985;1633647;10/11/2025;segunda-feira;17:10:00;PR;369;456,8;CORBELIA;Sim;Acessar a via sem observar a presença dos outros veículos;1;Colisão transversal;Com Vítimas Feridas;Pleno dia;Crescente;Sol;Simples;"Declive;Curva;Interseção de Vias";Não;1303868;Camioneta;I/VW TIGUAN ALLSPACE RL;2023;Passageiro;Ileso;2;Masculino;1;0;0;0;-24,5877821;-53,20141263;SPRF-PR;DEL04-PR;UOP03-DEL04-PR
731228;1634278;11/11/2025;terça-feira;20:30:00;PR;369;163;CAMBE;Sim;Ingestão de álcool pelo condutor;2;Saída de leito carroçável;Com Vítimas Feridas;Plena Noite;Decrescente;Céu Claro;Dupla;Reta;Sim;1304401;Automóvel;VW/FOX 1.0 GII;2010;Passageiro;Lesões Graves;7;Masculino;0;0;1;0;-23,29590993;-51,27250671;SPRF-PR;DEL07-PR;UOP01-DEL07-PR
731228;1636065;11/11/2025;terça-feira;20:30:00;PR;369;163;CAMBE;Sim;Ingestão de álcool pelo condutor;2;Saída de leito carroçável;Com Vítimas Feridas;Plena Noite;Decrescente;Céu Claro;Dupla;Reta;Sim;1304401;Automóvel;VW/FOX 1.0 GII;2010;Passageiro;Ileso;5;Feminino;1;0;0;0;-23,29590993;-51,27250671;SPRF-PR;DEL07-PR;UOP01-DEL07-PR
731228;1634278;11/11/2025;terça-feira;20:30:00;PR;369;163;CAMBE;Sim;Ingestão de álcool pelo condutor;1;Colisão traseira;Com Vítimas Feridas;Plena Noite;Decrescente;Céu Claro;Dupla;Reta;Sim;1304401;Automóvel;VW/FOX 1.0 GII;2010;Passageiro;Lesões Graves;7;Masculino;0;0;1;0;-23,29590993;-51,27250671;SPRF-PR;DEL07-PR;UOP01-DEL07-PR
731228;1636065;11/11/2025;terça-feira;20:30:00;PR;369;163;CAMBE;Sim;Ingestão de álcool pelo condutor;1;Colisão traseira;Com Vítimas Feridas;Plena Noite;Decrescente;Céu Claro;Dupla;Reta;Sim;1304401;Automóvel;VW/FOX 1.0 GII;2010;Passageiro;Ileso;5;Feminino;1;0;0;0;-23,29590993;-51,27250671;SPRF-PR;DEL07-PR;UOP01-DEL07-PR
731256;1636262;12/11/2025;quarta-feira;04:50:00;PR;376;667,5;GUARATUBA;Não;Curva acentuada;5;Derramamento de carga;Com Vítimas Fatais;Plena Noite;Crescente;Nublado;Simples;"Declive;Em Obras;Curva";Não;1305404;Micro-ônibus;RENAULT/MASTER MBUS L3H2;2013;Passageiro;Lesões Graves;8;Feminino;0;0;1;0;-25,8634447;-48,9357855;SPRF-PR;DEL01-PR;UOP04-DEL01-PR
731256;1636258;12/11/2025;quarta-feira;04:50:00;PR;376;667,5;GUARATUBA;Não;Curva acentuada;5;Derramamento de carga;Com Vítimas Fatais;Plena Noite;Crescente;Nublado;Simples;"Declive;Em Obras;Curva";Não;1305404;Micro-ônibus;RENAULT/MASTER MBUS L3H2;2013;Passageiro;Lesões Leves;6;Feminino;0;1;0;0;-25,8634447;-48,9357855;SPRF-PR;DEL01-PR;UOP04-DEL01-PR
731256;1636257;12/11/2025;quarta-feira;04:50:00;PR;376;667,5;GUARATUBA;Não;Curva acentuada;5;Derramamento de carga;Com Vítimas Fatais;Plena Noite;Crescente;Nublado;Simples;"Declive;Em Obras;Curva";Não;1305404;Micro-ônibus;RENAULT/MASTER MBUS L3H2;2013;Passageiro;Lesões Leves;10;Feminino;0;1;0;0;-25,8634447;-48,9357855;SPRF-PR;DEL01-PR;UOP04-DEL01-PR
731256;1636256;12/11/2025;quarta-feira;04:50:00;PR;376;667,5;GUARATUBA;Não;Curva acentuada;5;Derramamento de carga;Com Vítimas Fatais;Plena Noite;Crescente;Nublado;Simples;"Declive;Em Obras;Curva";Não;1305404;Micro-ônibus;RENAULT/MASTER MBUS L3H2;2013;Passageiro;Lesões Leves;5;Feminino;0;1;0;0;-25,8634447;-48,9357855;SPRF-PR;DEL01-PR;UOP04-DEL01-PR
731256;1636253;12/11/2025;quarta-feira;04:50:00;PR;376;667,5;GUARATUBA;Não;Curva acentuada;5;Derramamento de carga;Com Vítimas Fatais;Plena Noite;Crescente;Nublado;Simples;"Declive;Em Obras;Curva";Não;1305404;Micro-ônibus;RENAULT/MASTER MBUS L3H2;2013;Passageiro;Lesões Leves;11;Feminino;0;1;0;0;-25,8634447;-48,9357855;SPRF-PR;DEL01-PR;UOP04-DEL01-PR
731256;1636252;12/11/2025;quarta-feira;04:50:00;PR;376;667,5;GUARATUBA;Não;Curva acentuada;5;Derramamento de carga;Com Vítimas Fatais;Plena Noite;Crescente;Nublado;Simples;"Declive;Em Obras;Curva";Não;1305404;Micro-ônibus;RENAULT/MASTER MBUS L3H2;2013;Passageiro;Lesões Leves;13;Masculino;0;1;0;0;-25,8634447;-48,9357855;SPRF-PR;DEL01-PR;UOP04-DEL01-PR
731256;1636262;12/11/2025;quarta-feira;04:50:00;PR;376;667,5;GUARATUBA;Não;Curva acentuada;4;Incêndio;Com Vítimas Fatais;Plena Noite;Crescente;Nublado;Simples;"Declive;Em Obras;Curva";Não;1305404;Micro-ônibus;RENAULT/MASTER MBUS L3H2;2013;Passageiro;Lesões Graves;8;Feminino;0;0;1;0;-25,8634447;-48,9357855;SPRF-PR;DEL01-PR;UOP04-DEL01-PR
731256;1636258;12/11/2025;quarta-feira;04:50:00;PR;376;667,5;GUARATUBA;Não;Curva acentuada;4;Incêndio;Com Vítimas Fatais;Plena Noite;Crescente;Nublado;Simples;"Declive;Em Obras;Curva";Não;1305404;Micro-ônibus;RENAULT/MASTER MBUS L3H2;2013;Passageiro;Lesões Leves;6;Feminino;0;1;0;0;-25,8634447;-48,9357855;SPRF-PR;DEL01-PR;UOP04-DEL01-PR
731256;1636257;12/11/2025;quarta-feira;04:50:00;PR;376;667,5;GUARATUBA;Não;Curva acentuada;4;Incêndio;Com Vítimas Fatais;Plena Noite;Crescente;Nublado;Simples;"Declive;Em Obras;Curva";Não;1305404;Micro-ônibus;RENAULT/MASTER MBUS L3H2;2013;Passageiro;Lesões Leves;10;Feminino;0;1;0;0;-25,8634447;-48,9357855;SPRF-PR;DEL01-PR;UOP04-DEL01-PR
731256;1636256;12/11/2025;quarta-feira;04:50:00;PR;376;667,5;GUARATUBA;Não;Curva acentuada;4;Incêndio;Com Vítimas Fatais;Plena Noite;Crescente;Nublado;Simples;"Declive;Em Obras;Curva";Não;1305404;Micro-ônibus;RENAULT/MASTER MBUS L3H2;2013;Passageiro;Lesões Leves;5;Feminino;0;1;0;0;-25,8634447;-48,9357855;SPRF-PR;DEL01-PR;UOP04-DEL01-PR
731256;1636253;12/11/2025;quarta-feira;04:50:00;PR;376;667,5;GUARATUBA;Não;Curva acentuada;4;Incêndio;Com Vítimas Fatais;Plena Noite;Crescente;Nublado;Simples;"Declive;Em Obras;Curva";Não;1305404;Micro-ônibus;RENAULT/MASTER MBUS L3H2;2013;Passageiro;Lesões Leves;11;Feminino;0;1;0;0;-25,8634447;-48,9357855;SPRF-PR;DEL01-PR;UOP04-DEL01-PR
731256;1636252;12/11/2025;quarta-feira;04:50:00;PR;376;667,5;GUARATUBA;Não;Curva acentuada;4;Incêndio;Com Vítimas Fatais;Plena Noite;Crescente;Nublado;Simples;"Declive;Em Obras;Curva";Não;1305404;Micro-ônibus;RENAULT/MASTER MBUS L3H2;2013;Passageiro;Lesões Leves;13;Masculino;0;1;0;0;-25,8634447;-48,9357855;SPRF-PR;DEL01-PR;UOP04-DEL01-PR
731256;1636262;12/11/2025;quarta-feira;04:50:00;PR;376;667,5;GUARATUBA;Não;Curva acentuada;3;Colisão traseira;Com Vítimas Fatais;Plena Noite;Crescente;Nublado;Simples;"Declive;Em Obras;Curva";Não;1305404;Micro-ônibus;RENAULT/MASTER MBUS L3H2;2013;Passageiro;Lesões Graves;8;Feminino;0;0;1;0;-25,8634447;-48,9357855;SPRF-PR;DEL01-PR;UOP04-DEL01-PR