id;pesid;data_inversa;dia_semana;horario;uf;br;km;municipio;causa_principal;causa_acidente;ordem_tipo_acidente;tipo_acidente;classificacao_acidente;fase_dia;sentido_via;condicao_metereologica;tipo_pista;tracado_via;uso_solo;id_veiculo;tipo_veiculo;marca;ano_fabricacao_veiculo;tipo_envolvido;estado_fisico;idade;sexo;ilesos;feridos_leves;feridos_graves;mortos;latitude;longitude;regional;delegacia;uop
732031;1636218;15/11/2025;sábado;14:30:00;PR;376;180,1;MARINGA;Não;Chuva;2;Colisão com objeto;Com Vítimas Fatais;Pleno dia;Crescente;Chuva;Dupla;Reta;Sim;1306049;Motocicleta;HONDA/NX-4 FALCON;2001;Passageiro;Lesões Leves;16;Masculino;0;1;0;0;-23,42274;-51,90288;SPRF-PR;DEL09-PR;UOP01-DEL09-PR
732031;1636218;15/11/2025;sábado;14:30:00;PR;376;180,1;MARINGA;Não;Chuva;1;Saída de leito carroçável;Com Vítimas Fatais;Pleno dia;Crescente;Chuva;Dupla;Reta;Sim;1306049;Motocicleta;HONDA/NX-4 FALCON;2001;Passageiro;Lesões Leves;16;Masculino;0;1;0;0;-23,42274;-51,90288;SPRF-PR;DEL09-PR;UOP01-DEL09-PR
732031;1636218;15/11/2025;sábado;14:30:00;PR;376;180,1;MARINGA;Não;Chuva;4;Queda de ocupante de veículo;Com Vítimas Fatais;Pleno dia;Crescente;Chuva;Dupla;Reta;Sim;1306049;Motocicleta;HONDA/NX-4 FALCON;2001;Passageiro;Lesões Leves;16;Masculino;0;1;0;0;-23,42274;-51,90288;SPRF-PR;DEL09-PR;UOP01-DEL09-PR
732031;1636218;15/11/2025;sábado;14:30:00;PR;376;180,1;MARINGA;Não;Manobra de mudança de faixa;3;Tombamento;Com Vítimas Fatais;Pleno dia;Crescente;Chuva;Dupla;Reta;Sim;1306049;Motocicleta;HONDA/NX-4 FALCON;2001;Passageiro;Lesões Leves;16;Masculino;0;1;0;0;-23,42274;-51,90288;SPRF-PR;DEL09-PR;UOP01-DEL09-PR
732031;1636218;15/11/2025;sábado;14:30:00;PR;376;180,1;MARINGA;Não;Manobra de mudança de faixa;2;Colisão com objeto;Com Vítimas Fatais;Pleno dia;Crescente;Chuva;Dupla;Reta;Sim;1306049;Motocicleta;HONDA/NX-4 FALCON;2001;Passageiro;Lesões Leves;16;Masculino;0;1;0;0;-23,42274;-51,90288;SPRF-PR;DEL09-PR;UOP01-DEL09-PR
732031;1636218;15/11/2025;sábado;14:30:00;PR;376;180,1;MARINGA;Não;Manobra de mudança de faixa;1;Saída de leito carroçável;Com Vítimas Fatais;Pleno dia;Crescente;Chuva;Dupla;Reta;Sim;1306049;Motocicleta;HONDA/NX-4 FALCON;2001;Passageiro;Lesões Leves;16;Masculino;0;1;0;0;-23,42274;-51,90288;SPRF-PR;DEL09-PR;UOP01-DEL09-PR
732031;1636218;15/11/2025;sábado;14:30:00;PR;376;180,1;MARINGA;Não;Manobra de mudança de faixa;4;Queda de ocupante de veículo;Com Vítimas Fatais;Pleno dia;Crescente;Chuva;Dupla;Reta;Sim;1306049;Motocicleta;HONDA/NX-4 FALCON;2001;Passageiro;Lesões Leves;16;Masculino;0;1;0;0;-23,42274;-51,90288;SPRF-PR;DEL09-PR;UOP01-DEL09-PR
732031;1636218;15/11/2025;sábado;14:30:00;PR;376;180,1;MARINGA;Sim;Velocidade Incompatível;3;Tombamento;Com Vítimas Fatais;Pleno dia;Crescente;Chuva;Dupla;Reta;Sim;1306049;Motocicleta;HONDA/NX-4 FALCON;2001;Passageiro;Lesões Leves;16;Masculino;0;1;0;0;-23,42274;-51,90288;SPRF-PR;DEL09-PR;UOP01-DEL09-PR
732031;1636218;15/11/2025;sábado;14:30:00;PR;376;180,1;MARINGA;Sim;Velocidade Incompatível;2;Colisão com objeto;Com Vítimas Fatais;Pleno dia;Crescente;Chuva;Dupla;Reta;Sim;1306049;Motocicleta;HONDA/NX-4 FALCON;2001;Passageiro;Lesões Leves;16;Masculino;0;1;0;0;-23,42274;-51,90288;SPRF-PR;DEL09-PR;UOP01-DEL09-PR
732031;1636218;15/11/2025;sábado;14:30:00;PR;376;180,1;MARINGA;Sim;Velocidade Incompatível;1;Saída de leito carroçável;Com Vítimas Fatais;Pleno dia;Crescente;Chuva;Dupla;Reta;Sim;1306049;Motocicleta;HONDA/NX-4 FALCON;2001;Passageiro;Lesões Leves;16;Masculino;0;1;0;0;-23,42274;-51,90288;SPRF-PR;DEL09-PR;UOP01-DEL09-PR
732031;1636218;15/11/2025;sábado;14:30:00;PR;376;180,1;MARINGA;Sim;Velocidade Incompatível;4;Queda de ocupante de veículo;Com Vítimas Fatais;Pleno dia;Crescente;Chuva;Dupla;Reta;Sim;1306049;Motocicleta;HONDA/NX-4 FALCON;2001;Passageiro;Lesões Leves;16;Masculino;0;1;0;0;-23,42274;-51,90288;SPRF-PR;DEL09-PR;UOP01-DEL09-PR
732099;1638554;15/11/2025;sábado;19:45:00;PR;369;197;ARAPONGAS;Sim;Chuva;1;Capotamento;Com Vítimas Feridas;Plena Noite;Decrescente;Chuva;Dupla;Reta;Não;1306124;Automóvel;GM/CELTA 3 PORTAS;2002;Passageiro;Lesões Leves;15;Masculino;0;1;0;0;-23,48862202;-51,42343394;SPRF-PR;DEL07-PR;UOP03-DEL07-PR
732136;1642751;15/11/2025;sábado;21:50:00;PR;476;329;PAULA FREITAS;Sim;Ingestão de álcool pelo condutor;2;Colisão com objeto;Com Vítimas Fatais;Plena Noite;Decrescente;Céu Claro;Simples;Reta;Não;1306296;Automóvel;VW/NOVO GOL 1.0 CITY;2013;Passageiro;Lesões Leves;2;Feminino;0;1;0;0;-26,10481844;-50,80755309;SPRF-PR;DEL02-PR;UOP03-DEL02-PR
732136;1642751;15/11/2025;sábado;21:50:00;PR;476;329;PAULA FREITAS;Sim;Ingestão de álcool pelo condutor;1;Colisão frontal;Com Vítimas Fatais;Plena Noite;Decrescente;Céu Claro;Simples;Reta;Não;1306296;Automóvel;VW/NOVO GOL 1.0 CITY;2013;Passageiro;Lesões Leves;2;Feminino;0;1;0;0;-26,10481844;-50,80755309;SPRF-PR;DEL02-PR;UOP03-DEL02-PR
732160;1636443;16/11/2025;domingo;00:42:00;PR;277;465,3;LARANJEIRAS DO SUL;Sim;Ingestão de álcool pelo condutor;1;Colisão lateral mesmo sentido;Com Vítimas Feridas;Plena Noite;Crescente;Céu Claro;Simples;"Aclive;Reta";Não;1306218;Automóvel;FIAT/UNO MILLE WAY ECON;2012;Passageiro;Lesões Leves;10;Masculino;0;1;0;0;-25,35829803;-52,47241974;SPRF-PR;DEL04-PR;UOP02-DEL04-PR
732310;1641023;16/11/2025;domingo;17:35:00;PR;369;437,3;UBIRATA;Sim;Ultrapassagem Indevida;3;Saída de leito carroçável;Com Vítimas Fatais;Pleno dia;Crescente;Nublado;Simples;Reta;Não;1306602;Utilitário;I/VW TIGUAN 2.0 TSI;2010;Passageiro;Lesões Graves;8;Masculino;0;0;1;0;-24,5498183;-53,0370566;SPRF-PR;DEL04-PR;UOP03-DEL04-PR
732310;1641023;16/11/2025;domingo;17:35:00;PR;369;437,3;UBIRATA;Sim;Ultrapassagem Indevida;2;Capotamento;Com Vítimas Fatais;Pleno dia;Crescente;Nublado;Simples;Reta;Não;1306602;Utilitário;I/VW TIGUAN 2.0 TSI;2010;Passageiro;Lesões Graves;8;Masculino;0;0;1;0;-24,5498183;-53,0370566;SPRF-PR;DEL04-PR;UOP03-DEL04-PR
732310;1641023;16/11/2025;domingo;17:35:00;PR;369;437,3;UBIRATA;Sim;Ultrapassagem Indevida;1;Colisão frontal;Com Vítimas Fatais;Pleno dia;Crescente;Nublado;Simples;Reta;Não;1306602;Utilitário;I/VW TIGUAN 2.0 TSI;2010;Passageiro;Lesões Graves;8;Masculino;0;0;1;0;-24,5498183;-53,0370566;SPRF-PR;DEL04-PR;UOP03-DEL04-PR
732381;1638942;16/11/2025;domingo;21:45:00;PR;277;124;CAMPO LARGO;Não;Reação tardia ou ineficiente do condutor;2;Saída de leito carroçável;Com Vítimas Feridas;Plena Noite;Crescente;Céu Claro;Dupla;Curva;Não;1306597;Automóvel;FIAT/PALIO FIRE ECONOMY;2009;Passageiro;Lesões Leves;1;Feminino;0;1;0;0;-25,434955;-49,523144;SPRF-PR;DEL03-PR;UOP03-DEL03-PR
732381;1638941;16/11/2025;domingo;21:45:00;PR;277;124;CAMPO LARGO;Não;Reação tardia ou ineficiente do condutor;2;Saída de leito carroçável;Com Vítimas Feridas;Plena Noite;Crescente;Céu Claro;Dupla;Curva;Não;1306597;Automóvel;FIAT/PALIO FIRE ECONOMY;2009;Passageiro;Lesões Leves;10;Masculino;0;1;0;0;-25,434955;-49,523144;SPRF-PR;DEL03-PR;UOP03-DEL03-PR
732381;1638942;16/11/2025;domingo;21:45:00;PR;277;124;CAMPO LARGO;Não;Reação tardia ou ineficiente do condutor;1;Capotamento;Com Vítimas Feridas;Plena Noite;Crescente;Céu Claro;Dupla;Curva;Não;1306597;Automóvel;FIAT/PALIO FIRE ECONOMY;2009;Passageiro;Lesões Leves;1;Feminino;0;1;0;0;-25,434955;-49,523144;SPRF-PR;DEL03-PR;UOP03-DEL03-PR
732381;1638941;16/11/2025;domingo;21:45:00;PR;277;124;CAMPO LARGO;Não;Reação tardia ou ineficiente do condutor;1;Capotamento;Com Vítimas Feridas;Plena Noite;Crescente;Céu Claro;Dupla;Curva;Não;1306597;Automóvel;FIAT/PALIO FIRE ECONOMY;2009;Passageiro;Lesões Leves;10;Masculino;0;1;0;0;-25,434955;-49,523144;SPRF-PR;DEL03-PR;UOP03-DEL03-PR
732381;1638942;16/11/2025;domingo;21:45:00;PR;277;124;CAMPO LARGO;Sim;Velocidade Incompatível;2;Saída de leito carroçável;Com Vítimas Feridas;Plena Noite;Crescente;Céu Claro;Dupla;Curva;Não;1306597;Automóvel;FIAT/PALIO FIRE ECONOMY;2009;Passageiro;Lesões Leves;1;Feminino;0;1;0;0;-25,434955;-49,523144;SPRF-PR;DEL03-PR;UOP03-DEL03-PR
732381;1638941;16/11/2025;domingo;21:45:00;PR;277;124;CAMPO LARGO;Sim;Velocidade Incompatível;2;Saída de leito carroçável;Com Vítimas Feridas;Plena Noite;Crescente;Céu Claro;Dupla;Curva;Não;1306597;Automóvel;FIAT/PALIO FIRE ECONOMY;2009;Passageiro;Lesões Leves;10;Masculino;0;1;0;0;-25,434955;-49,523144;SPRF-PR;DEL03-PR;UOP03-DEL03-PR
732381;1638942;16/11/2025;domingo;21:45:00;PR;277;124;CAMPO LARGO;Sim;Velocidade Incompatível;1;Capotamento;Com Vítimas Feridas;Plena Noite;Crescente;Céu Claro;Dupla;Curva;Não;1306597;Automóvel;FIAT/PALIO FIRE ECONOMY;2009;Passageiro;Lesões Leves;1;Feminino;0;1;0;0;-25,434955;-49,523144;SPRF-PR;DEL03-PR;UOP03-DEL03-PR
732381;1638941;16/11/2025;domingo;21:45:00;PR;277;124;CAMPO LARGO;Sim;Velocidade Incompatível;1;Capotamento;Com Vítimas Feridas;Plena Noite;Crescente;Céu Claro;Dupla;Curva;Não;1306597;Automóvel;FIAT/PALIO FIRE ECONOMY;2009;Passageiro;Lesões Leves;10;Masculino;0;1;0;0;-25,434955;-49,523144;SPRF-PR;DEL03-PR;UOP03-DEL03-PR
732382;1636982;16/11/2025;domingo;20:25:00;PR;277;577,9;CASCAVEL;Não;Velocidade Incompatível;3;Capotamento;Com Vítimas Feridas;Plena Noite;Crescente;Nublado;Múltipla;Reta;Sim;1306586;Caminhonete;FORD/F1000S;1989;Passageiro;Lesões Leves;11;Masculino;0;1;0;0;-24,98355874;-53,35186243;SPRF-PR;DEL04-PR;UOP01-DEL04-PR
732382;1636982;16/11/2025;domingo;20:25:00;PR;277;577,9;CASCAVEL;Não;Velocidade Incompatível;2;Tombamento;Com Vítimas Feridas;Plena Noite;Crescente;Nublado;Múltipla;Reta;Sim;1306586;Caminhonete;FORD/F1000S;1989;Passageiro;Lesões Leves;11;Masculino;0;1;0;0;-24,98355874;-53,35186243;SPRF-PR;DEL04-PR;UOP01-DEL04-PR
732382;1636982;16/11/2025;domingo;20:25:00;PR;277;577,9;CASCAVEL;Não;Velocidade Incompatível;1;Colisão traseira;Com Vítimas Feridas;Plena Noite;Crescente;Nublado;Múltipla;Reta;Sim;1306586;Caminhonete;FORD/F1000S;1989;Passageiro;Lesões Leves;11;Masculino;0;1;0;0;-24,98355874;-53,35186243;SPRF-PR;DEL04-PR;UOP01-DEL04-PR
732382;1636982;16/11/2025;domingo;20:25:00;PR;277;577,9;CASCAVEL;Sim;Condutor deixou de manter distância do veículo da frente;3;Capotamento;Com Vítimas Feridas;Plena Noite;Crescente;Nublado;Múltipla;Reta;Sim;1306586;Caminhonete;FORD/F1000S;1989;Passageiro;Lesões Leves;11;Masculino;0;1;0;0;-24,98355874;-53,35186243;SPRF-PR;DEL04-PR;UOP01-DEL04-PR
732382;1636982;16/11/2025;domingo;20:25:00;PR;277;577,9;CASCAVEL;Sim;Condutor deixou de manter distância do veículo da frente;2;Tombamento;Com Vítimas Feridas;Plena Noite;Crescente;Nublado;Múltipla;Reta;Sim;1306586;Caminhonete;FORD/F1000S;1989;Passageiro;Lesões Leves;11;Masculino;0;1;0;0;-24,98355874;-53,35186243;SPRF-PR;DEL04-PR;UOP01-DEL04-PR
732382;1636982;16/11/2025;domingo;20:25:00;PR;277;577,9;CASCAVEL;Sim;Condutor deixou de manter distância do veículo da frente;1;Colisão traseira;Com Vítimas Feridas;Plena Noite;Crescente;Nublado;Múltipla;Reta;Sim;1306586;Caminhonete;FORD/F1000S;1989;Passageiro;Lesões Leves;11;Masculino;0;1;0;0;-24,98355874;-53,35186243;SPRF-PR;DEL04-PR;UOP01-DEL04-PR
732495;1637301;17/11/2025;segunda-feira;13:00:00;PR;376;653;TIJUCAS DO SUL;Não;Reação tardia ou ineficiente do condutor;2;Saída de leito carroçável;Sem Vítimas;Pleno dia;Decrescente;Chuva;Dupla;"Curva;Declive";Não;1306816;Automóvel;FIAT/UNO VIVACE 1.0;2014;Passageiro;Ileso;1;Masculino;1;0;0;0;-25,841395;-49,048693;SPRF-PR;DEL01-PR;UOP04-DEL01-PR
732495;1637301;17/11/2025;segunda-feira;13:00:00;PR;376;653;TIJUCAS DO SUL;Não;Reação tardia ou ineficiente do condutor;1;Colisão lateral mesmo sentido;Sem Vítimas;Pleno dia;Decrescente;Chuva;Dupla;"Curva;Declive";Não;1306816;Automóvel;FIAT/UNO VIVACE 1.0;2014;Passageiro;Ileso;1;Masculino;1;0;0;0;-25,841395;-49,048693;SPRF-PR;DEL01-PR;UOP04-DEL01-PR
732495;1637301;17/11/2025;segunda-feira;13:00:00;PR;376;653;TIJUCAS DO SUL;Sim;Acumulo de água sobre o pavimento;2;Saída de leito carroçável;Sem Vítimas;Pleno dia;Decrescente;Chuva;Dupla;"Curva;Declive";Não;1306816;Automóvel;FIAT/UNO VIVACE 1.0;2014;Passageiro;Ileso;1;Masculino;1;0;0;0;-25,841395;-49,048693;SPRF-PR;DEL01-PR;UOP04-DEL01-PR
732495;1637301;17/11/2025;segunda-feira;13:00:00;PR;376;653;TIJUCAS DO SUL;Sim;Acumulo de água sobre o pavimento;1;Colisão lateral mesmo sentido;Sem Vítimas;Pleno dia;Decrescente;Chuva;Dupla;"Curva;Declive";Não;1306816;Automóvel;FIAT/UNO VIVACE 1.0;2014;Passageiro;Ileso;1;Masculino;1;0;0;0;-25,841395;-49,048693;SPRF-PR;DEL01-PR;UOP04-DEL01-PR
732654;1639781;18/11/2025;terça-feira;06:10:00;PR;277;178;PALMEIRA;Não;Acessar a via sem observar a presença dos outros veículos;1;Colisão transversal;Com Vítimas Feridas;Amanhecer;Decrescente;Nublado;Simples;Curva;Não;1307174;Automóvel;VW/PARATI CLI;1996;Passageiro;Lesões Leves;15;Feminino;0;1;0;0;-25,434547;-50,016897;SPRF-PR;DEL08-PR;UOP02-DEL08-PR
732654;1639781;18/11/2025;terça-feira;06:10:00;PR;277;178;PALMEIRA;Sim;Conversão proibida;1;Colisão transversal;Com Vítimas Feridas;Amanhecer;Decrescente;Nublado;Simples;Curva;Não;1307174;Automóvel;VW/PARATI CLI;1996;Passageiro;Lesões Leves;15;Feminino;0;1;0;0;-25,434547;-50,016897;SPRF-PR;DEL08-PR;UOP02-DEL08-PR
733181;1639069;20/11/2025;quinta-feira;13:40:00;PR;476;118;COLOMBO;Não;Entrada inopinada do pedestre;1;Atropelamento de Pedestre;Com Vítimas Feridas;Pleno dia;Decrescente;Céu Claro;Dupla;"Reta;Declive";Sim;NA;NA;NA/NA;NA;Pedestre;Lesões Graves;14;Feminino;0;0;1;0;-25,36168066;-49,18381389;SPRF-PR;DEL01-PR;UOP01-DEL01-PR
733181;1639069;20/11/2025;quinta-feira;13:40:00;PR;476;118;COLOMBO;Sim;Pedestre cruzava a pista fora da faixa;1;Atropelamento de Pedestre;Com Vítimas Feridas;Pleno dia;Decrescente;Céu Claro;Dupla;"Reta;Declive";Sim;NA;NA;NA/NA;NA;Pedestre;Lesões Graves;14;Feminino;0;0;1;0;-25,36168066;-49,18381389;SPRF-PR;DEL01-PR;UOP01-DEL01-PR
733483;1639788;21/11/2025;sexta-feira;20:50:00;PR;376;678,2;GUARATUBA;Não;Iluminação deficiente;1;Atropelamento de Pedestre;Com Vítimas Fatais;Plena Noite;Crescente;Nublado;Dupla;Declive;Não;1308787;Camioneta;JEEP/COMPASS SPORT T;2025;Passageiro;Ileso;5;Feminino;1;0;0;0;-25,95087;-48,904893;SPRF-PR;DEL01-PR;UOP04-DEL01-PR
733483;1639787;21/11/2025;sexta-feira;20:50:00;PR;376;678,2;GUARATUBA;Não;Iluminação deficiente;1;Atropelamento de Pedestre;Com Vítimas Fatais;Plena Noite;Crescente;Nublado;Dupla;Declive;Não;1308787;Camioneta;JEEP/COMPASS SPORT T;2025;Passageiro;Ileso;9;Masculino;1;0;0;0;-25,95087;-48,904893;SPRF-PR;DEL01-PR;UOP04-DEL01-PR
733483;1639788;21/11/2025;sexta-feira;20:50:00;PR;376;678,2;GUARATUBA;Não;Pedestre cruzava a pista fora da faixa;1;Atropelamento de Pedestre;Com Vítimas Fatais;Plena Noite;Crescente;Nublado;Dupla;Declive;Não;1308787;Camioneta;JEEP/COMPASS SPORT T;2025;Passageiro;Ileso;5;Feminino;1;0;0;0;-25,95087;-48,904893;SPRF-PR;DEL01-PR;UOP04-DEL01-PR
733483;1639787;21/11/2025;sexta-feira;20:50:00;PR;376;678,2;GUARATUBA;Não;Pedestre cruzava a pista fora da faixa;1;Atropelamento de Pedestre;Com Vítimas Fatais;Plena Noite;Crescente;Nublado;Dupla;Declive;Não;1308787;Camioneta;JEEP/COMPASS SPORT T;2025;Passageiro;Ileso;9;Masculino;1;0;0;0;-25,95087;-48,904893;SPRF-PR;DEL01-PR;UOP04-DEL01-PR
733483;1639788;21/11/2025;sexta-feira;20:50:00;PR;376;678,2;GUARATUBA;Não;Reação tardia ou ineficiente do condutor;1;Atropelamento de Pedestre;Com Vítimas Fatais;Plena Noite;Crescente;Nublado;Dupla;Declive;Não;1308787;Camioneta;JEEP/COMPASS SPORT T;2025;Passageiro;Ileso;5;Feminino;1;0;0;0;-25,95087;-48,904893;SPRF-PR;DEL01-PR;UOP04-DEL01-PR
733483;1639787;21/11/2025;sexta-feira;20:50:00;PR;376;678,2;GUARATUBA;Não;Reação tardia ou ineficiente do condutor;1;Atropelamento de Pedestre;Com Vítimas Fatais;Plena Noite;Crescente;Nublado;Dupla;Declive;Não;1308787;Camioneta;JEEP/COMPASS SPORT T;2025;Passageiro;Ileso;9;Masculino;1;0;0;0;-25,95087;-48,904893;SPRF-PR;DEL01-PR;UOP04-DEL01-PR
733483;1639788;21/11/2025;sexta-feira;20:50:00;PR;376;678,2;GUARATUBA;Não;Entrada inopinada do pedestre;1;Atropelamento de Pedestre;Com Vítimas Fatais;Plena Noite;Crescente;Nublado;Dupla;Declive;Não;1308787;Camioneta;JEEP/COMPASS SPORT T;2025;Passageiro;Ileso;5;Feminino;1;0;0;0;-25,95087;-48,904893;SPRF-PR;DEL01-PR;UOP04-DEL01-PR
733483;1639787;21/11/2025;sexta-feira;20:50:00;PR;376;678,2;GUARATUBA;Não;Entrada inopinada do pedestre;1;Atropelamento de Pedestre;Com Vítimas Fatais;Plena Noite;Crescente;Nublado;Dupla;Declive;Não;1308787;Camioneta;JEEP/COMPASS SPORT T;2025;Passageiro;Ileso;9;Masculino;1;0;0;0;-25,95087;-48,904893;SPRF-PR;DEL01-PR;UOP04-DEL01-PR
733483;1639788;21/11/2025;sexta-feira;20:50:00;PR;376;678,2;GUARATUBA;Sim;Pedestre andava na pista;1;Atropelamento de Pedestre;Com Vítimas Fatais;Plena Noite;Crescente;Nublado;Dupla;Declive;Não;1308787;Camioneta;JEEP/COMPASS SPORT T;2025;Passageiro;Ileso;5;Feminino;1;0;0;0;-25,95087;-48,904893;SPRF-PR;DEL01-PR;UOP04-DEL01-PR
733483;1639787;21/11/2025;sexta-feira;20:50:00;PR;376;678,2;GUARATUBA;Sim;Pedestre andava na pista;1;Atropelamento de Pedestre;Com Vítimas Fatais;Plena Noite;Crescente;Nublado;Dupla;Declive;Não;1308787;Camioneta;JEEP/COMPASS SPORT T;2025;Passageiro;Ileso;9;Masculino;1;0;0;0;-25,95087;-48,904893;SPRF-PR;DEL01-PR;UOP04-DEL01-PR
733495;1639806;21/11/2025;sexta-feira;21:15:00;PR;369;19,6;CAMBARA;Sim;Conversão proibida;3;Queda de ocupante de veículo;Com Vítimas Feridas;Plena Noite;Crescente;Céu Claro;Simples;Reta;Sim;1308802;Motocicleta;HONDA/CB250F TWISTER CBS;2020;Passageiro;Lesões Leves;16;Feminino;0;1;0;0;-23,03656337;-50,07990257;SPRF-PR;DEL07-PR;UOP05-DEL07-PR
733495;1639806;21/11/2025;sexta-feira;21:15:00;PR;369;19,6;CAMBARA;Sim;Conversão proibida;2;Tombamento;Com Vítimas Feridas;Plena Noite;Crescente;Céu Claro;Simples;Reta;Sim;1308802;Motocicleta;HONDA/CB250F TWISTER CBS;2020;Passageiro;Lesões Leves;16;Feminino;0;1;0;0;-23,03656337;-50,07990257;SPRF-PR;DEL07-PR;UOP05-DEL07-PR
733495;1639806;21/11/2025;sexta-feira;21:15:00;PR;369;19,6;CAMBARA;Sim;Conversão proibida;1;Colisão transversal;Com Vítimas Feridas;Plena Noite;Crescente;Céu Claro;Simples;Reta;Sim;1308802;Motocicleta;HONDA/CB250F TWISTER CBS;2020;Passageiro;Lesões Leves;16;Feminino;0;1;0;0;-23,03656337;-50,07990257;SPRF-PR;DEL07-PR;UOP05-DEL07-PR
733697;1640228;22/11/2025;sábado;20:10:00;PR;277;3;CURITIBA;Sim;Transitar na contramão;3;Queda de ocupante de veículo;Com Vítimas Feridas;Plena Noite;Decrescente;Céu Claro;Simples;"Reta;Declive";Sim;1309108;Automóvel;FIAT/IDEA ELX FLEX;2009;Passageiro;Ileso;10;Feminino;1;0;0;0;-25,430867;-49,333554;SPRF-PR;DEL01-PR;UOP06-DEL01-PR
733697;1640228;22/11/2025;sábado;20:10:00;PR;277;3;CURITIBA;Sim;Transitar na contramão;2;Tombamento;Com Vítimas Feridas;Plena Noite;Decrescente;Céu Claro;Simples;"Reta;Declive";Sim;1309108;Automóvel;FIAT/IDEA ELX FLEX;2009;Passageiro;Ileso;10;Feminino;1;0;0;0;-25,430867;-49,333554;SPRF-PR;DEL01-PR;UOP06-DEL01-PR
733697;1640228;22/11/2025;sábado;20:10:00;PR;277;3;CURITIBA;Sim;Transitar na contramão;1;Colisão frontal;Com Vítimas Feridas;Plena Noite;Decrescente;Céu Claro;Simples;"Reta;Declive";Sim;1309108;Automóvel;FIAT/IDEA ELX FLEX;2009;Passageiro;Ileso;10;Feminino;1;0;0;0;-25,430867;-49,333554;SPRF-PR;DEL01-PR;UOP06-DEL01-PR
733697;1640228;22/11/2025;sábado;20:10:00;PR;277;3;CURITIBA;Não;Ausência de reação do condutor;3;Queda de ocupante de veículo;Com Vítimas Feridas;Plena Noite;Decrescente;Céu Claro;Simples;"Reta;Declive";Sim;1309108;Automóvel;FIAT/IDEA ELX FLEX;2009;Passageiro;Ileso;10;Feminino;1;0;0;0;-25,430867;-49,333554;SPRF-PR;DEL01-PR;UOP06-DEL01-PR
733697;1640228;22/11/2025;sábado;20:10:00;PR;277;3;CURITIBA;Não;Ausência de reação do condutor;2;Tombamento;Com Vítimas Feridas;Plena Noite;Decrescente;Céu Claro;Simples;"Reta;Declive";Sim;1309108;Automóvel;FIAT/IDEA ELX FLEX;2009;Passageiro;Ileso;10;Feminino;1;0;0;0;-25,430867;-49,333554;SPRF-PR;DEL01-PR;UOP06-DEL01-PR
733697;1640228;22/11/2025;sábado;20:10:00;PR;277;3;CURITIBA;Não;Ausência de reação do condutor;1;Colisão frontal;Com Vítimas Feridas;Plena Noite;Decrescente;Céu Claro;Simples;"Reta;Declive";Sim;1309108;Automóvel;FIAT/IDEA ELX FLEX;2009;Passageiro;Ileso;10;Feminino;1;0;0;0;-25,430867;-49,333554;SPRF-PR;DEL01-PR;UOP06-DEL01-PR
733697;1640228;22/11/2025;sábado;20:10:00;PR;277;3;CURITIBA;Não;Mal súbito do condutor;3;Queda de ocupante de veículo;Com Vítimas Feridas;Plena Noite;Decrescente;Céu Claro;Simples;"Reta;Declive";Sim;1309108;Automóvel;FIAT/IDEA ELX FLEX;2009;Passageiro;Ileso;10;Feminino;1;0;0;0;-25,430867;-49,333554;SPRF-PR;DEL01-PR;UOP06-DEL01-PR
733697;1640228;22/11/2025;sábado;20:10:00;PR;277;3;CURITIBA;Não;Mal súbito do condutor;2;Tombamento;Com Vítimas Feridas;Plena Noite;Decrescente;Céu Claro;Simples;"Reta;Declive";Sim;1309108;Automóvel;FIAT/IDEA ELX FLEX;2009;Passageiro;Ileso;10;Feminino;1;0;0;0;-25,430867;-49,333554;SPRF-PR;DEL01-PR;UOP06-DEL01-PR
733697;1640228;22/11/2025;sábado;20:10:00;PR;277;3;CURITIBA;Não;Mal súbito do condutor;1;Colisão frontal;Com Vítimas Feridas;Plena Noite;Decrescente;Céu Claro;Simples;"Reta;Declive";Sim;1309108;Automóvel;FIAT/IDEA ELX FLEX;2009;Passageiro;Ileso;10;Feminino;1;0;0;0;-25,430867;-49,333554;SPRF-PR;DEL01-PR;UOP06-DEL01-PR
733870;1640682;23/11/2025;domingo;15:40:00;PR;116;106,1;SAO JOSE DOS PINHAIS;Não;Velocidade Incompatível;1;Engavetamento;Com Vítimas Feridas;Pleno dia;Crescente;Nublado;Dupla;Reta;Não;1309432;Automóvel;I/FIAT SIENA ELX FLEX;2008;Passageiro;Ileso;2;Feminino;1;0;0;0;-25,57;-49,2189;SPRF-PR;DEL01-PR;UOP03-DEL01-PR
733870;1640680;23/11/2025;domingo;15:40:00;PR;116;106,1;SAO JOSE DOS PINHAIS;Não;Velocidade Incompatível;1;Engavetamento;Com Vítimas Feridas;Pleno dia;Crescente;Nublado;Dupla;Reta;Não;1309432;Automóvel;I/FIAT SIENA ELX FLEX;2008;Passageiro;Ileso;5;Feminino;1;0;0;0;-25,57;-49,2189;SPRF-PR;DEL01-PR;UOP03-DEL01-PR
733870;1640667;23/11/2025;domingo;15:40:00;PR;116;106,1;SAO JOSE DOS PINHAIS;Não;Velocidade Incompatível;1;Engavetamento;Com Vítimas Feridas;Pleno dia;Crescente;Nublado;Dupla;Reta;Não;1309429;Automóvel;HONDA/CIVIC LXS;2013;Passageiro;Ileso;0;Masculino;1;0;0;0;-25,57;-49,2189;SPRF-PR;DEL01-PR;UOP03-DEL01-PR