id;pesid;data_inversa;dia_semana;horario;uf;br;km;municipio;causa_principal;causa_acidente;ordem_tipo_acidente;tipo_acidente;classificacao_acidente;fase_dia;sentido_via;condicao_metereologica;tipo_pista;tracado_via;uso_solo;id_veiculo;tipo_veiculo;marca;ano_fabricacao_veiculo;tipo_envolvido;estado_fisico;idade;sexo;ilesos;feridos_leves;feridos_graves;mortos;latitude;longitude;regional;delegacia;uop
733870;1640682;23/11/2025;domingo;15:40:00;PR;116;106,1;SAO JOSE DOS PINHAIS;Sim;Condutor deixou de manter distância do veículo da frente;1;Engavetamento;Com Vítimas Feridas;Pleno dia;Crescente;Nublado;Dupla;Reta;Não;1309432;Automóvel;I/FIAT SIENA ELX FLEX;2008;Passageiro;Ileso;2;Feminino;1;0;0;0;-25,57;-49,2189;SPRF-PR;DEL01-PR;UOP03-DEL01-PR
733870;1640680;23/11/2025;domingo;15:40:00;PR;116;106,1;SAO JOSE DOS PINHAIS;Sim;Condutor deixou de manter distância do veículo da frente;1;Engavetamento;Com Vítimas Feridas;Pleno dia;Crescente;Nublado;Dupla;Reta;Não;1309432;Automóvel;I/FIAT SIENA ELX FLEX;2008;Passageiro;Ileso;5;Feminino;1;0;0;0;-25,57;-49,2189;SPRF-PR;DEL01-PR;UOP03-DEL01-PR
733870;1640667;23/11/2025;domingo;15:40:00;PR;116;106,1;SAO JOSE DOS PINHAIS;Sim;Condutor deixou de manter distância do veículo da frente;1;Engavetamento;Com Vítimas Feridas;Pleno dia;Crescente;Nublado;Dupla;Reta;Não;1309429;Automóvel;HONDA/CIVIC LXS;2013;Passageiro;Ileso;0;Masculino;1;0;0;0;-25,57;-49,2189;SPRF-PR;DEL01-PR;UOP03-DEL01-PR
733899;1640753;23/11/2025;domingo;17:50:00;PR;116;211,4;RIO NEGRO;Sim;Acessar a via sem observar a presença dos outros veículos;2;Capotamento;Com Vítimas Feridas;Anoitecer;Crescente;Garoa/Chuvisco;Simples;"Reta;Declive";Sim;1309392;Automóvel;PEUGEOT/206 14 SENSAT FX;2008;Passageiro;Ileso;4;Masculino;1;0;0;0;-26,10407139;-49,78090489;SPRF-SC;DEL06-SC;UOP01-DEL06-SC
733899;1640753;23/11/2025;domingo;17:50:00;PR;116;211,4;RIO NEGRO;Sim;Acessar a via sem observar a presença dos outros veículos;1;Colisão transversal;Com Vítimas Feridas;Anoitecer;Crescente;Garoa/Chuvisco;Simples;"Reta;Declive";Sim;1309392;Automóvel;PEUGEOT/206 14 SENSAT FX;2008;Passageiro;Ileso;4;Masculino;1;0;0;0;-26,10407139;-49,78090489;SPRF-SC;DEL06-SC;UOP01-DEL06-SC
733899;1640753;23/11/2025;domingo;17:50:00;PR;116;211,4;RIO NEGRO;Não;Ingestão de álcool pelo condutor;2;Capotamento;Com Vítimas Feridas;Anoitecer;Crescente;Garoa/Chuvisco;Simples;"Reta;Declive";Sim;1309392;Automóvel;PEUGEOT/206 14 SENSAT FX;2008;Passageiro;Ileso;4;Masculino;1;0;0;0;-26,10407139;-49,78090489;SPRF-SC;DEL06-SC;UOP01-DEL06-SC
733899;1640753;23/11/2025;domingo;17:50:00;PR;116;211,4;RIO NEGRO;Não;Ingestão de álcool pelo condutor;1;Colisão transversal;Com Vítimas Feridas;Anoitecer;Crescente;Garoa/Chuvisco;Simples;"Reta;Declive";Sim;1309392;Automóvel;PEUGEOT/206 14 SENSAT FX;2008;Passageiro;Ileso;4;Masculino;1;0;0;0;-26,10407139;-49,78090489;SPRF-SC;DEL06-SC;UOP01-DEL06-SC
733899;1640753;23/11/2025;domingo;17:50:00;PR;116;211,4;RIO NEGRO;Não;Chuva;2;Capotamento;Com Vítimas Feridas;Anoitecer;Crescente;Garoa/Chuvisco;Simples;"Reta;Declive";Sim;1309392;Automóvel;PEUGEOT/206 14 SENSAT FX;2008;Passageiro;Ileso;4;Masculino;1;0;0;0;-26,10407139;-49,78090489;SPRF-SC;DEL06-SC;UOP01-DEL06-SC
733899;1640753;23/11/2025;domingo;17:50:00;PR;116;211,4;RIO NEGRO;Não;Chuva;1;Colisão transversal;Com Vítimas Feridas;Anoitecer;Crescente;Garoa/Chuvisco;Simples;"Reta;Declive";Sim;1309392;Automóvel;PEUGEOT/206 14 SENSAT FX;2008;Passageiro;Ileso;4;Masculino;1;0;0;0;-26,10407139;-49,78090489;SPRF-SC;DEL06-SC;UOP01-DEL06-SC
733912;1640627;23/11/2025;domingo;18:10:00;PR;163;172,3;LINDOESTE;Sim;Ausência de reação do condutor;2;Queda de ocupante de veículo;Com Vítimas Feridas;Anoitecer;Decrescente;Céu Claro;Dupla;Curva;Não;1309408;Motocicleta;HONDA/NXR160 BROS ESDD;2023;Passageiro;Lesões Leves;16;Feminino;0;1;0;0;-25,1832525;-53,6018488;SPRF-PR;DEL05-PR;UOP05-DEL05-PR
733912;1640627;23/11/2025;domingo;18:10:00;PR;163;172,3;LINDOESTE;Sim;Ausência de reação do condutor;1;Tombamento;Com Vítimas Feridas;Anoitecer;Decrescente;Céu Claro;Dupla;Curva;Não;1309408;Motocicleta;HONDA/NXR160 BROS ESDD;2023;Passageiro;Lesões Leves;16;Feminino;0;1;0;0;-25,1832525;-53,6018488;SPRF-PR;DEL05-PR;UOP05-DEL05-PR
733916;1640787;23/11/2025;domingo;17:20:00;PR;163;265;TOLEDO;Sim;Reação tardia ou ineficiente do condutor;3;Capotamento;Com Vítimas Feridas;Pleno dia;Decrescente;Sol;Dupla;Declive;Não;1309497;Automóvel;VW/GOL CLI;1996;Passageiro;Lesões Leves;12;Masculino;0;1;0;0;-24,62186492;-53,91653951;SPRF-PR;DEL06-PR;UOP02-DEL06-PR
733916;1640783;23/11/2025;domingo;17:20:00;PR;163;265;TOLEDO;Sim;Reação tardia ou ineficiente do condutor;3;Capotamento;Com Vítimas Feridas;Pleno dia;Decrescente;Sol;Dupla;Declive;Não;1309497;Automóvel;VW/GOL CLI;1996;Passageiro;Lesões Leves;15;Feminino;0;1;0;0;-24,62186492;-53,91653951;SPRF-PR;DEL06-PR;UOP02-DEL06-PR
733916;1640782;23/11/2025;domingo;17:20:00;PR;163;265;TOLEDO;Sim;Reação tardia ou ineficiente do condutor;3;Capotamento;Com Vítimas Feridas;Pleno dia;Decrescente;Sol;Dupla;Declive;Não;1309497;Automóvel;VW/GOL CLI;1996;Passageiro;Lesões Leves;0;Feminino;0;1;0;0;-24,62186492;-53,91653951;SPRF-PR;DEL06-PR;UOP02-DEL06-PR
733916;1640781;23/11/2025;domingo;17:20:00;PR;163;265;TOLEDO;Sim;Reação tardia ou ineficiente do condutor;3;Capotamento;Com Vítimas Feridas;Pleno dia;Decrescente;Sol;Dupla;Declive;Não;1309497;Automóvel;VW/GOL CLI;1996;Passageiro;Lesões Leves;15;Masculino;0;1;0;0;-24,62186492;-53,91653951;SPRF-PR;DEL06-PR;UOP02-DEL06-PR
733916;1640787;23/11/2025;domingo;17:20:00;PR;163;265;TOLEDO;Sim;Reação tardia ou ineficiente do condutor;2;Colisão com objeto;Com Vítimas Feridas;Pleno dia;Decrescente;Sol;Dupla;Declive;Não;1309497;Automóvel;VW/GOL CLI;1996;Passageiro;Lesões Leves;12;Masculino;0;1;0;0;-24,62186492;-53,91653951;SPRF-PR;DEL06-PR;UOP02-DEL06-PR
733916;1640783;23/11/2025;domingo;17:20:00;PR;163;265;TOLEDO;Sim;Reação tardia ou ineficiente do condutor;2;Colisão com objeto;Com Vítimas Feridas;Pleno dia;Decrescente;Sol;Dupla;Declive;Não;1309497;Automóvel;VW/GOL CLI;1996;Passageiro;Lesões Leves;15;Feminino;0;1;0;0;-24,62186492;-53,91653951;SPRF-PR;DEL06-PR;UOP02-DEL06-PR
733916;1640782;23/11/2025;domingo;17:20:00;PR;163;265;TOLEDO;Sim;Reação tardia ou ineficiente do condutor;2;Colisão com objeto;Com Vítimas Feridas;Pleno dia;Decrescente;Sol;Dupla;Declive;Não;1309497;Automóvel;VW/GOL CLI;1996;Passageiro;Lesões Leves;0;Feminino;0;1;0;0;-24,62186492;-53,91653951;SPRF-PR;DEL06-PR;UOP02-DEL06-PR
733916;1640781;23/11/2025;domingo;17:20:00;PR;163;265;TOLEDO;Sim;Reação tardia ou ineficiente do condutor;2;Colisão com objeto;Com Vítimas Feridas;Pleno dia;Decrescente;Sol;Dupla;Declive;Não;1309497;Automóvel;VW/GOL CLI;1996;Passageiro;Lesões Leves;15;Masculino;0;1;0;0;-24,62186492;-53,91653951;SPRF-PR;DEL06-PR;UOP02-DEL06-PR
733916;1640787;23/11/2025;domingo;17:20:00;PR;163;265;TOLEDO;Sim;Reação tardia ou ineficiente do condutor;1;Saída de leito carroçável;Com Vítimas Feridas;Pleno dia;Decrescente;Sol;Dupla;Declive;Não;1309497;Automóvel;VW/GOL CLI;1996;Passageiro;Lesões Leves;12;Masculino;0;1;0;0;-24,62186492;-53,91653951;SPRF-PR;DEL06-PR;UOP02-DEL06-PR
733916;1640783;23/11/2025;domingo;17:20:00;PR;163;265;TOLEDO;Sim;Reação tardia ou ineficiente do condutor;1;Saída de leito carroçável;Com Vítimas Feridas;Pleno dia;Decrescente;Sol;Dupla;Declive;Não;1309497;Automóvel;VW/GOL CLI;1996;Passageiro;Lesões Leves;15;Feminino;0;1;0;0;-24,62186492;-53,91653951;SPRF-PR;DEL06-PR;UOP02-DEL06-PR
733916;1640782;23/11/2025;domingo;17:20:00;PR;163;265;TOLEDO;Sim;Reação tardia ou ineficiente do condutor;1;Saída de leito carroçável;Com Vítimas Feridas;Pleno dia;Decrescente;Sol;Dupla;Declive;Não;1309497;Automóvel;VW/GOL CLI;1996;Passageiro;Lesões Leves;0;Feminino;0;1;0;0;-24,62186492;-53,91653951;SPRF-PR;DEL06-PR;UOP02-DEL06-PR
733916;1640781;23/11/2025;domingo;17:20:00;PR;163;265;TOLEDO;Sim;Reação tardia ou ineficiente do condutor;1;Saída de leito carroçável;Com Vítimas Feridas;Pleno dia;Decrescente;Sol;Dupla;Declive;Não;1309497;Automóvel;VW/GOL CLI;1996;Passageiro;Lesões Leves;15;Masculino;0;1;0;0;-24,62186492;-53,91653951;SPRF-PR;DEL06-PR;UOP02-DEL06-PR
733953;1640834;23/11/2025;domingo;18:45:00;PR;277;334;GUARAPUAVA;Não;Ausência de reação do condutor;3;Saída de leito carroçável;Com Vítimas Feridas;Anoitecer;Crescente;Garoa/Chuvisco;Simples;Curva;Não;1309536;Caminhonete;FIAT/STRADA ADVENTURE CD;2010;Passageiro;Lesões Leves;14;Feminino;0;1;0;0;-25,366;-51,348;SPRF-PR;DEL08-PR;UOP01-DEL08-PR
733953;1640834;23/11/2025;domingo;18:45:00;PR;277;334;GUARAPUAVA;Não;Ausência de reação do condutor;2;Colisão traseira;Com Vítimas Feridas;Anoitecer;Crescente;Garoa/Chuvisco;Simples;Curva;Não;1309536;Caminhonete;FIAT/STRADA ADVENTURE CD;2010;Passageiro;Lesões Leves;14;Feminino;0;1;0;0;-25,366;-51,348;SPRF-PR;DEL08-PR;UOP01-DEL08-PR
733953;1640834;23/11/2025;domingo;18:45:00;PR;277;334;GUARAPUAVA;Não;Ausência de reação do condutor;1;Colisão frontal;Com Vítimas Feridas;Anoitecer;Crescente;Garoa/Chuvisco;Simples;Curva;Não;1309536;Caminhonete;FIAT/STRADA ADVENTURE CD;2010;Passageiro;Lesões Leves;14;Feminino;0;1;0;0;-25,366;-51,348;SPRF-PR;DEL08-PR;UOP01-DEL08-PR
733953;1640834;23/11/2025;domingo;18:45:00;PR;277;334;GUARAPUAVA;Sim;Velocidade Incompatível;3;Saída de leito carroçável;Com Vítimas Feridas;Anoitecer;Crescente;Garoa/Chuvisco;Simples;Curva;Não;1309536;Caminhonete;FIAT/STRADA ADVENTURE CD;2010;Passageiro;Lesões Leves;14;Feminino;0;1;0;0;-25,366;-51,348;SPRF-PR;DEL08-PR;UOP01-DEL08-PR
733953;1640834;23/11/2025;domingo;18:45:00;PR;277;334;GUARAPUAVA;Sim;Velocidade Incompatível;2;Colisão traseira;Com Vítimas Feridas;Anoitecer;Crescente;Garoa/Chuvisco;Simples;Curva;Não;1309536;Caminhonete;FIAT/STRADA ADVENTURE CD;2010;Passageiro;Lesões Leves;14;Feminino;0;1;0;0;-25,366;-51,348;SPRF-PR;DEL08-PR;UOP01-DEL08-PR
733953;1640834;23/11/2025;domingo;18:45:00;PR;277;334;GUARAPUAVA;Sim;Velocidade Incompatível;1;Colisão frontal;Com Vítimas Feridas;Anoitecer;Crescente;Garoa/Chuvisco;Simples;Curva;Não;1309536;Caminhonete;FIAT/STRADA ADVENTURE CD;2010;Passageiro;Lesões Leves;14;Feminino;0;1;0;0;-25,366;-51,348;SPRF-PR;DEL08-PR;UOP01-DEL08-PR
733994;1640958;23/11/2025;domingo;23:15:00;PR;277;72,6;SAO JOSE DOS PINHAIS;Sim;Transitar na contramão;3;Queda de ocupante de veículo;Com Vítimas Feridas;Plena Noite;Decrescente;Chuva;Dupla;"Aclive;Reta";Não;1309615;Camioneta;RENAULT/DUSTER ICOUT TCE;2024;Passageiro;Ileso;15;Feminino;1;0;0;0;-25,503415;-49,146556;SPRF-PR;DEL01-PR;UOP07-DEL01-PR
733994;1640958;23/11/2025;domingo;23:15:00;PR;277;72,6;SAO JOSE DOS PINHAIS;Sim;Transitar na contramão;2;Tombamento;Com Vítimas Feridas;Plena Noite;Decrescente;Chuva;Dupla;"Aclive;Reta";Não;1309615;Camioneta;RENAULT/DUSTER ICOUT TCE;2024;Passageiro;Ileso;15;Feminino;1;0;0;0;-25,503415;-49,146556;SPRF-PR;DEL01-PR;UOP07-DEL01-PR
733994;1640958;23/11/2025;domingo;23:15:00;PR;277;72,6;SAO JOSE DOS PINHAIS;Sim;Transitar na contramão;1;Colisão frontal;Com Vítimas Feridas;Plena Noite;Decrescente;Chuva;Dupla;"Aclive;Reta";Não;1309615;Camioneta;RENAULT/DUSTER ICOUT TCE;2024;Passageiro;Ileso;15;Feminino;1;0;0;0;-25,503415;-49,146556;SPRF-PR;DEL01-PR;UOP07-DEL01-PR
734129;1641237;27/10/2025;segunda-feira;11:50:00;PR;277;493,2;GUARANIACU;Sim;Ultrapassagem Indevida;2;Colisão lateral sentido oposto;Com Vítimas Feridas;Pleno dia;Decrescente;Céu Claro;Simples;Reta;Não;1309838;Camioneta;JEEP/COMPASS LONGITUDE F;2017;Passageiro;Lesões Leves;14;Masculino;0;1;0;0;-25,194672;-52,655526;SPRF-PR;DEL04-PR;UOP04-DEL04-PR
734129;1641237;27/10/2025;segunda-feira;11:50:00;PR;277;493,2;GUARANIACU;Sim;Ultrapassagem Indevida;1;Colisão frontal;Com Vítimas Feridas;Pleno dia;Decrescente;Céu Claro;Simples;Reta;Não;1309838;Camioneta;JEEP/COMPASS LONGITUDE F;2017;Passageiro;Lesões Leves;14;Masculino;0;1;0;0;-25,194672;-52,655526;SPRF-PR;DEL04-PR;UOP04-DEL04-PR
734137;1641270;24/11/2025;segunda-feira;09:00:00;PR;369;231,7;JANDAIA DO SUL;Não;Demais falhas na via;1;Colisão frontal;Com Vítimas Fatais;Pleno dia;Decrescente;Céu Claro;Simples;Curva;Não;1309867;Automóvel;VW/GOL 1.0;2006;Passageiro;Lesões Leves;9;Masculino;0;1;0;0;-23,60657674;-51,66594315;SPRF-PR;DEL09-PR;UOP01-DEL09-PR
734137;1641267;24/11/2025;segunda-feira;09:00:00;PR;369;231,7;JANDAIA DO SUL;Não;Demais falhas na via;1;Colisão frontal;Com Vítimas Fatais;Pleno dia;Decrescente;Céu Claro;Simples;Curva;Não;1309867;Automóvel;VW/GOL 1.0;2006;Passageiro;Lesões Graves;4;Masculino;0;0;1;0;-23,60657674;-51,66594315;SPRF-PR;DEL09-PR;UOP01-DEL09-PR
734137;1641270;24/11/2025;segunda-feira;09:00:00;PR;369;231,7;JANDAIA DO SUL;Não;Velocidade Incompatível;1;Colisão frontal;Com Vítimas Fatais;Pleno dia;Decrescente;Céu Claro;Simples;Curva;Não;1309867;Automóvel;VW/GOL 1.0;2006;Passageiro;Lesões Leves;9;Masculino;0;1;0;0;-23,60657674;-51,66594315;SPRF-PR;DEL09-PR;UOP01-DEL09-PR
734137;1641267;24/11/2025;segunda-feira;09:00:00;PR;369;231,7;JANDAIA DO SUL;Não;Velocidade Incompatível;1;Colisão frontal;Com Vítimas Fatais;Pleno dia;Decrescente;Céu Claro;Simples;Curva;Não;1309867;Automóvel;VW/GOL 1.0;2006;Passageiro;Lesões Graves;4;Masculino;0;0;1;0;-23,60657674;-51,66594315;SPRF-PR;DEL09-PR;UOP01-DEL09-PR
734137;1641270;24/11/2025;segunda-feira;09:00:00;PR;369;231,7;JANDAIA DO SUL;Sim;Manobra de mudança de faixa;1;Colisão frontal;Com Vítimas Fatais;Pleno dia;Decrescente;Céu Claro;Simples;Curva;Não;1309867;Automóvel;VW/GOL 1.0;2006;Passageiro;Lesões Leves;9;Masculino;0;1;0;0;-23,60657674;-51,66594315;SPRF-PR;DEL09-PR;UOP01-DEL09-PR
734137;1641267;24/11/2025;segunda-feira;09:00:00;PR;369;231,7;JANDAIA DO SUL;Sim;Manobra de mudança de faixa;1;Colisão frontal;Com Vítimas Fatais;Pleno dia;Decrescente;Céu Claro;Simples;Curva;Não;1309867;Automóvel;VW/GOL 1.0;2006;Passageiro;Lesões Graves;4;Masculino;0;0;1;0;-23,60657674;-51,66594315;SPRF-PR;DEL09-PR;UOP01-DEL09-PR
734241;1641552;20/10/2025;segunda-feira;13:50:00;PR;376;3,8;SAO JOSE DOS PINHAIS;Sim;Reação tardia ou ineficiente do condutor;1;Engavetamento;Com Vítimas Feridas;Pleno dia;Decrescente;Céu Claro;Dupla;Reta;Sim;1310055;Automóvel;VW/NOVO GOL 1.0;2013;Passageiro;Lesões Leves;5;Masculino;0;1;0;0;-25,537245;-49,192665;SPRF-PR;DEL01-PR;UOP04-DEL01-PR
734241;1641552;20/10/2025;segunda-feira;13:50:00;PR;376;3,8;SAO JOSE DOS PINHAIS;Não;Velocidade Incompatível;1;Engavetamento;Com Vítimas Feridas;Pleno dia;Decrescente;Céu Claro;Dupla;Reta;Sim;1310055;Automóvel;VW/NOVO GOL 1.0;2013;Passageiro;Lesões Leves;5;Masculino;0;1;0;0;-25,537245;-49,192665;SPRF-PR;DEL01-PR;UOP04-DEL01-PR
734809;1643091;28/11/2025;sexta-feira;04:20:00;PR;116;63;QUATRO BARRAS;Não;Neblina;3;Colisão frontal;Sem Vítimas;Amanhecer;Decrescente;Nevoeiro/Neblina;Dupla;Reta;Não;1311277;Automóvel;FIAT/ARGO DRIVE 1.0;2019;Passageiro;Ileso;10;Masculino;1;0;0;0;-25,30699047;-48,99347126;SPRF-PR;DEL01-PR;UOP02-DEL01-PR
734809;1643090;28/11/2025;sexta-feira;04:20:00;PR;116;63;QUATRO BARRAS;Não;Neblina;3;Colisão frontal;Sem Vítimas;Amanhecer;Decrescente;Nevoeiro/Neblina;Dupla;Reta;Não;1311277;Automóvel;FIAT/ARGO DRIVE 1.0;2019;Passageiro;Ileso;4;Feminino;1;0;0;0;-25,30699047;-48,99347126;SPRF-PR;DEL01-PR;UOP02-DEL01-PR
734809;1643091;28/11/2025;sexta-feira;04:20:00;PR;116;63;QUATRO BARRAS;Não;Neblina;2;Colisão com objeto;Sem Vítimas;Amanhecer;Decrescente;Nevoeiro/Neblina;Dupla;Reta;Não;1311277;Automóvel;FIAT/ARGO DRIVE 1.0;2019;Passageiro;Ileso;10;Masculino;1;0;0;0;-25,30699047;-48,99347126;SPRF-PR;DEL01-PR;UOP02-DEL01-PR
734809;1643090;28/11/2025;sexta-feira;04:20:00;PR;116;63;QUATRO BARRAS;Não;Neblina;2;Colisão com objeto;Sem Vítimas;Amanhecer;Decrescente;Nevoeiro/Neblina;Dupla;Reta;Não;1311277;Automóvel;FIAT/ARGO DRIVE 1.0;2019;Passageiro;Ileso;4;Feminino;1;0;0;0;-25,30699047;-48,99347126;SPRF-PR;DEL01-PR;UOP02-DEL01-PR
734809;1643091;28/11/2025;sexta-feira;04:20:00;PR;116;63;QUATRO BARRAS;Não;Neblina;1;Colisão traseira;Sem Vítimas;Amanhecer;Decrescente;Nevoeiro/Neblina;Dupla;Reta;Não;1311277;Automóvel;FIAT/ARGO DRIVE 1.0;2019;Passageiro;Ileso;10;Masculino;1;0;0;0;-25,30699047;-48,99347126;SPRF-PR;DEL01-PR;UOP02-DEL01-PR
734809;1643090;28/11/2025;sexta-feira;04:20:00;PR;116;63;QUATRO BARRAS;Não;Neblina;1;Colisão traseira;Sem Vítimas;Amanhecer;Decrescente;Nevoeiro/Neblina;Dupla;Reta;Não;1311277;Automóvel;FIAT/ARGO DRIVE 1.0;2019;Passageiro;Ileso;4;Feminino;1;0;0;0;-25,30699047;-48,99347126;SPRF-PR;DEL01-PR;UOP02-DEL01-PR
734809;1643091;28/11/2025;sexta-feira;04:20:00;PR;116;63;QUATRO BARRAS;Sim;Reação tardia ou ineficiente do condutor;3;Colisão frontal;Sem Vítimas;Amanhecer;Decrescente;Nevoeiro/Neblina;Dupla;Reta;Não;1311277;Automóvel;FIAT/ARGO DRIVE 1.0;2019;Passageiro;Ileso;10;Masculino;1;0;0;0;-25,30699047;-48,99347126;SPRF-PR;DEL01-PR;UOP02-DEL01-PR
734809;1643090;28/11/2025;sexta-feira;04:20:00;PR;116;63;QUATRO BARRAS;Sim;Reação tardia ou ineficiente do condutor;3;Colisão frontal;Sem Vítimas;Amanhecer;Decrescente;Nevoeiro/Neblina;Dupla;Reta;Não;1311277;Automóvel;FIAT/ARGO DRIVE 1.0;2019;Passageiro;Ileso;4;Feminino;1;0;0;0;-25,30699047;-48,99347126;SPRF-PR;DEL01-PR;UOP02-DEL01-PR
734809;1643091;28/11/2025;sexta-feira;04:20:00;PR;116;63;QUATRO BARRAS;Sim;Reação tardia ou ineficiente do condutor;2;Colisão com objeto;Sem Vítimas;Amanhecer;Decrescente;Nevoeiro/Neblina;Dupla;Reta;Não;1311277;Automóvel;FIAT/ARGO DRIVE 1.0;2019;Passageiro;Ileso;10;Masculino;1;0;0;0;-25,30699047;-48,99347126;SPRF-PR;DEL01-PR;UOP02-DEL01-PR
734809;1643090;28/11/2025;sexta-feira;04:20:00;PR;116;63;QUATRO BARRAS;Sim;Reação tardia ou ineficiente do condutor;2;Colisão com objeto;Sem Vítimas;Amanhecer;Decrescente;Nevoeiro/Neblina;Dupla;Reta;Não;1311277;Automóvel;FIAT/ARGO DRIVE 1.0;2019;Passageiro;Ileso;4;Feminino;1;0;0;0;-25,30699047;-48,99347126;SPRF-PR;DEL01-PR;UOP02-DEL01-PR
734809;1643091;28/11/2025;sexta-feira;04:20:00;PR;116;63;QUATRO BARRAS;Sim;Reação tardia ou ineficiente do condutor;1;Colisão traseira;Sem Vítimas;Amanhecer;Decrescente;Nevoeiro/Neblina;Dupla;Reta;Não;1311277;Automóvel;FIAT/ARGO DRIVE 1.0;2019;Passageiro;Ileso;10;Masculino;1;0;0;0;-25,30699047;-48,99347126;SPRF-PR;DEL01-PR;UOP02-DEL01-PR
734809;1643090;28/11/2025;sexta-feira;04:20:00;PR;116;63;QUATRO BARRAS;Sim;Reação tardia ou ineficiente do condutor;1;Colisão traseira;Sem Vítimas;Amanhecer;Decrescente;Nevoeiro/Neblina;Dupla;Reta;Não;1311277;Automóvel;FIAT/ARGO DRIVE 1.0;2019;Passageiro;Ileso;4;Feminino;1;0;0;0;-25,30699047;-48,99347126;SPRF-PR;DEL01-PR;UOP02-DEL01-PR
734929;1643340;28/11/2025;sexta-feira;15:05:00;PR;116;118;CURITIBA;Não;Reação tardia ou ineficiente do condutor;3;Queda de ocupante de veículo;Com Vítimas Feridas;Pleno dia;Crescente;Céu Claro;Dupla;Reta;Sim;1311499;Motocicleta;HONDA/CG 160 TITAN;2021;Passageiro;Lesões Leves;16;Masculino;0;1;0;0;-25,5645193;-49,3090451;SPRF-PR;DEL01-PR;UOP03-DEL01-PR
734929;1643340;28/11/2025;sexta-feira;15:05:00;PR;116;118;CURITIBA;Não;Reação tardia ou ineficiente do condutor;2;Tombamento;Com Vítimas Feridas;Pleno dia;Crescente;Céu Claro;Dupla;Reta;Sim;1311499;Motocicleta;HONDA/CG 160 TITAN;2021;Passageiro;Lesões Leves;16;Masculino;0;1;0;0;-25,5645193;-49,3090451;SPRF-PR;DEL01-PR;UOP03-DEL01-PR
734929;1643340;28/11/2025;sexta-feira;15:05:00;PR;116;118;CURITIBA;Não;Reação tardia ou ineficiente do condutor;1;Colisão traseira;Com Vítimas Feridas;Pleno dia;Crescente;Céu Claro;Dupla;Reta;Sim;1311499;Motocicleta;HONDA/CG 160 TITAN;2021;Passageiro;Lesões Leves;16;Masculino;0;1;0;0;-25,5645193;-49,3090451;SPRF-PR;DEL01-PR;UOP03-DEL01-PR
734929;1643340;28/11/2025;sexta-feira;15:05:00;PR;116;118;CURITIBA;Sim;Condutor deixou de manter distância do veículo da frente;3;Queda de ocupante de veículo;Com Vítimas Feridas;Pleno dia;Crescente;Céu Claro;Dupla;Reta;Sim;1311499;Motocicleta;HONDA/CG 160 TITAN;2021;Passageiro;Lesões Leves;16;Masculino;0;1;0;0;-25,5645193;-49,3090451;SPRF-PR;DEL01-PR;UOP03-DEL01-PR
734929;1643340;28/11/2025;sexta-feira;15:05:00;PR;116;118;CURITIBA;Sim;Condutor deixou de manter distância do veículo da frente;2;Tombamento;Com Vítimas Feridas;Pleno dia;Crescente;Céu Claro;Dupla;Reta;Sim;1311499;Motocicleta;HONDA/CG 160 TITAN;2021;Passageiro;Lesões Leves;16;Masculino;0;1;0;0;-25,5645193;-49,3090451;SPRF-PR;DEL01-PR;UOP03-DEL01-PR
734929;1643340;28/11/2025;sexta-feira;15:05:00;PR;116;118;CURITIBA;Sim;Condutor deixou de manter distância do veículo da frente;1;Colisão traseira;Com Vítimas Feridas;Pleno dia;Crescente;Céu Claro;Dupla;Reta;Sim;1311499;Motocicleta;HONDA/CG 160 TITAN;2021;Passageiro;Lesões Leves;16;Masculino;0;1;0;0;-25,5645193;-49,3090451;SPRF-PR;DEL01-PR;UOP03-DEL01-PR
734957;1643418;28/11/2025;sexta-feira;16:00:00;PR;116;197;RIO NEGRO;Não;Velocidade Incompatível;4;Capotamento;Com Vítimas Feridas;Pleno dia;Decrescente;Chuva;Simples;Curva;Não;1311561;Automóvel;CHEVROLET/ONIX 1.4MT LTZ;2014;Passageiro;Lesões Leves;2;Masculino;0;1;0;0;-26,05342508;-49,70957547;SPRF-SC;DEL06-SC;UOP01-DEL06-SC
734957;1643418;28/11/2025;sexta-feira;16:00:00;PR;116;197;RIO NEGRO;Não;Velocidade Incompatível;3;Colisão traseira;Com Vítimas Feridas;Pleno dia;Decrescente;Chuva;Simples;Curva;Não;1311561;Automóvel;CHEVROLET/ONIX 1.4MT LTZ;2014;Passageiro;Lesões Leves;2;Masculino;0;1;0;0;-26,05342508;-49,70957547;SPRF-SC;DEL06-SC;UOP01-DEL06-SC
734957;1643418;28/11/2025;sexta-feira;16:00:00;PR;116;197;RIO NEGRO;Não;Velocidade Incompatível;2;Colisão traseira;Com Vítimas Feridas;Pleno dia;Decrescente;Chuva;Simples;Curva;Não;1311561;Automóvel;CHEVROLET/ONIX 1.4MT LTZ;2014;Passageiro;Lesões Leves;2;Masculino;0;1;0;0;-26,05342508;-49,70957547;SPRF-SC;DEL06-SC;UOP01-DEL06-SC
734957;1643418;28/11/2025;sexta-feira;16:00:00;PR;116;197;RIO NEGRO;Não;Velocidade Incompatível;1;Colisão lateral sentido oposto;Com Vítimas Feridas;Pleno dia;Decrescente;Chuva;Simples;Curva;Não;1311561;Automóvel;CHEVROLET/ONIX 1.4MT LTZ;2014;Passageiro;Lesões Leves;2;Masculino;0;1;0;0;-26,05342508;-49,70957547;SPRF-SC;DEL06-SC;UOP01-DEL06-SC