id;pesid;data_inversa;dia_semana;horario;uf;br;km;municipio;causa_principal;causa_acidente;ordem_tipo_acidente;tipo_acidente;classificacao_acidente;fase_dia;sentido_via;condicao_metereologica;tipo_pista;tracado_via;uso_solo;id_veiculo;tipo_veiculo;marca;ano_fabricacao_veiculo;tipo_envolvido;estado_fisico;idade;sexo;ilesos;feridos_leves;feridos_graves;mortos;latitude;longitude;regional;delegacia;uop
734957;1643418;28/11/2025;sexta-feira;16:00:00;PR;116;197;RIO NEGRO;Não;Reação tardia ou ineficiente do condutor;4;Capotamento;Com Vítimas Feridas;Pleno dia;Decrescente;Chuva;Simples;Curva;Não;1311561;Automóvel;CHEVROLET/ONIX 1.4MT LTZ;2014;Passageiro;Lesões Leves;2;Masculino;0;1;0;0;-26,05342508;-49,70957547;SPRF-SC;DEL06-SC;UOP01-DEL06-SC
734957;1643418;28/11/2025;sexta-feira;16:00:00;PR;116;197;RIO NEGRO;Não;Reação tardia ou ineficiente do condutor;3;Colisão traseira;Com Vítimas Feridas;Pleno dia;Decrescente;Chuva;Simples;Curva;Não;1311561;Automóvel;CHEVROLET/ONIX 1.4MT LTZ;2014;Passageiro;Lesões Leves;2;Masculino;0;1;0;0;-26,05342508;-49,70957547;SPRF-SC;DEL06-SC;UOP01-DEL06-SC
734957;1643418;28/11/2025;sexta-feira;16:00:00;PR;116;197;RIO NEGRO;Não;Reação tardia ou ineficiente do condutor;2;Colisão traseira;Com Vítimas Feridas;Pleno dia;Decrescente;Chuva;Simples;Curva;Não;1311561;Automóvel;CHEVROLET/ONIX 1.4MT LTZ;2014;Passageiro;Lesões Leves;2;Masculino;0;1;0;0;-26,05342508;-49,70957547;SPRF-SC;DEL06-SC;UOP01-DEL06-SC
734957;1643418;28/11/2025;sexta-feira;16:00:00;PR;116;197;RIO NEGRO;Não;Reação tardia ou ineficiente do condutor;1;Colisão lateral sentido oposto;Com Vítimas Feridas;Pleno dia;Decrescente;Chuva;Simples;Curva;Não;1311561;Automóvel;CHEVROLET/ONIX 1.4MT LTZ;2014;Passageiro;Lesões Leves;2;Masculino;0;1;0;0;-26,05342508;-49,70957547;SPRF-SC;DEL06-SC;UOP01-DEL06-SC
734957;1643418;28/11/2025;sexta-feira;16:00:00;PR;116;197;RIO NEGRO;Não;Chuva;4;Capotamento;Com Vítimas Feridas;Pleno dia;Decrescente;Chuva;Simples;Curva;Não;1311561;Automóvel;CHEVROLET/ONIX 1.4MT LTZ;2014;Passageiro;Lesões Leves;2;Masculino;0;1;0;0;-26,05342508;-49,70957547;SPRF-SC;DEL06-SC;UOP01-DEL06-SC
734957;1643418;28/11/2025;sexta-feira;16:00:00;PR;116;197;RIO NEGRO;Não;Chuva;3;Colisão traseira;Com Vítimas Feridas;Pleno dia;Decrescente;Chuva;Simples;Curva;Não;1311561;Automóvel;CHEVROLET/ONIX 1.4MT LTZ;2014;Passageiro;Lesões Leves;2;Masculino;0;1;0;0;-26,05342508;-49,70957547;SPRF-SC;DEL06-SC;UOP01-DEL06-SC
734957;1643418;28/11/2025;sexta-feira;16:00:00;PR;116;197;RIO NEGRO;Não;Chuva;2;Colisão traseira;Com Vítimas Feridas;Pleno dia;Decrescente;Chuva;Simples;Curva;Não;1311561;Automóvel;CHEVROLET/ONIX 1.4MT LTZ;2014;Passageiro;Lesões Leves;2;Masculino;0;1;0;0;-26,05342508;-49,70957547;SPRF-SC;DEL06-SC;UOP01-DEL06-SC
734957;1643418;28/11/2025;sexta-feira;16:00:00;PR;116;197;RIO NEGRO;Não;Chuva;1;Colisão lateral sentido oposto;Com Vítimas Feridas;Pleno dia;Decrescente;Chuva;Simples;Curva;Não;1311561;Automóvel;CHEVROLET/ONIX 1.4MT LTZ;2014;Passageiro;Lesões Leves;2;Masculino;0;1;0;0;-26,05342508;-49,70957547;SPRF-SC;DEL06-SC;UOP01-DEL06-SC
734957;1643418;28/11/2025;sexta-feira;16:00:00;PR;116;197;RIO NEGRO;Sim;Curva acentuada;4;Capotamento;Com Vítimas Feridas;Pleno dia;Decrescente;Chuva;Simples;Curva;Não;1311561;Automóvel;CHEVROLET/ONIX 1.4MT LTZ;2014;Passageiro;Lesões Leves;2;Masculino;0;1;0;0;-26,05342508;-49,70957547;SPRF-SC;DEL06-SC;UOP01-DEL06-SC
734957;1643418;28/11/2025;sexta-feira;16:00:00;PR;116;197;RIO NEGRO;Sim;Curva acentuada;3;Colisão traseira;Com Vítimas Feridas;Pleno dia;Decrescente;Chuva;Simples;Curva;Não;1311561;Automóvel;CHEVROLET/ONIX 1.4MT LTZ;2014;Passageiro;Lesões Leves;2;Masculino;0;1;0;0;-26,05342508;-49,70957547;SPRF-SC;DEL06-SC;UOP01-DEL06-SC
734957;1643418;28/11/2025;sexta-feira;16:00:00;PR;116;197;RIO NEGRO;Sim;Curva acentuada;2;Colisão traseira;Com Vítimas Feridas;Pleno dia;Decrescente;Chuva;Simples;Curva;Não;1311561;Automóvel;CHEVROLET/ONIX 1.4MT LTZ;2014;Passageiro;Lesões Leves;2;Masculino;0;1;0;0;-26,05342508;-49,70957547;SPRF-SC;DEL06-SC;UOP01-DEL06-SC
734957;1643418;28/11/2025;sexta-feira;16:00:00;PR;116;197;RIO NEGRO;Sim;Curva acentuada;1;Colisão lateral sentido oposto;Com Vítimas Feridas;Pleno dia;Decrescente;Chuva;Simples;Curva;Não;1311561;Automóvel;CHEVROLET/ONIX 1.4MT LTZ;2014;Passageiro;Lesões Leves;2;Masculino;0;1;0;0;-26,05342508;-49,70957547;SPRF-SC;DEL06-SC;UOP01-DEL06-SC
735050;1643670;28/11/2025;sexta-feira;23:00:00;PR;277;314;GUARAPUAVA;Não;Transitar na contramão;3;Engavetamento;Com Vítimas Fatais;Plena Noite;Crescente;Céu Claro;Simples;"Curva;Declive";Não;1311753;Automóvel;I/FIAT CRONOS DRIVE 1.3;2021;Passageiro;Lesões Leves;12;Masculino;0;1;0;0;-25,3074;-51,2105;SPRF-PR;DEL08-PR;UOP01-DEL08-PR
735050;1643670;28/11/2025;sexta-feira;23:00:00;PR;277;314;GUARAPUAVA;Não;Transitar na contramão;2;Colisão traseira;Com Vítimas Fatais;Plena Noite;Crescente;Céu Claro;Simples;"Curva;Declive";Não;1311753;Automóvel;I/FIAT CRONOS DRIVE 1.3;2021;Passageiro;Lesões Leves;12;Masculino;0;1;0;0;-25,3074;-51,2105;SPRF-PR;DEL08-PR;UOP01-DEL08-PR
735050;1643670;28/11/2025;sexta-feira;23:00:00;PR;277;314;GUARAPUAVA;Não;Transitar na contramão;1;Colisão frontal;Com Vítimas Fatais;Plena Noite;Crescente;Céu Claro;Simples;"Curva;Declive";Não;1311753;Automóvel;I/FIAT CRONOS DRIVE 1.3;2021;Passageiro;Lesões Leves;12;Masculino;0;1;0;0;-25,3074;-51,2105;SPRF-PR;DEL08-PR;UOP01-DEL08-PR
735050;1643670;28/11/2025;sexta-feira;23:00:00;PR;277;314;GUARAPUAVA;Não;Ultrapassagem Indevida;3;Engavetamento;Com Vítimas Fatais;Plena Noite;Crescente;Céu Claro;Simples;"Curva;Declive";Não;1311753;Automóvel;I/FIAT CRONOS DRIVE 1.3;2021;Passageiro;Lesões Leves;12;Masculino;0;1;0;0;-25,3074;-51,2105;SPRF-PR;DEL08-PR;UOP01-DEL08-PR
735050;1643670;28/11/2025;sexta-feira;23:00:00;PR;277;314;GUARAPUAVA;Não;Ultrapassagem Indevida;2;Colisão traseira;Com Vítimas Fatais;Plena Noite;Crescente;Céu Claro;Simples;"Curva;Declive";Não;1311753;Automóvel;I/FIAT CRONOS DRIVE 1.3;2021;Passageiro;Lesões Leves;12;Masculino;0;1;0;0;-25,3074;-51,2105;SPRF-PR;DEL08-PR;UOP01-DEL08-PR
735050;1643670;28/11/2025;sexta-feira;23:00:00;PR;277;314;GUARAPUAVA;Não;Ultrapassagem Indevida;1;Colisão frontal;Com Vítimas Fatais;Plena Noite;Crescente;Céu Claro;Simples;"Curva;Declive";Não;1311753;Automóvel;I/FIAT CRONOS DRIVE 1.3;2021;Passageiro;Lesões Leves;12;Masculino;0;1;0;0;-25,3074;-51,2105;SPRF-PR;DEL08-PR;UOP01-DEL08-PR
735050;1643670;28/11/2025;sexta-feira;23:00:00;PR;277;314;GUARAPUAVA;Não;Condutor deixou de manter distância do veículo da frente;3;Engavetamento;Com Vítimas Fatais;Plena Noite;Crescente;Céu Claro;Simples;"Curva;Declive";Não;1311753;Automóvel;I/FIAT CRONOS DRIVE 1.3;2021;Passageiro;Lesões Leves;12;Masculino;0;1;0;0;-25,3074;-51,2105;SPRF-PR;DEL08-PR;UOP01-DEL08-PR
735050;1643670;28/11/2025;sexta-feira;23:00:00;PR;277;314;GUARAPUAVA;Não;Condutor deixou de manter distância do veículo da frente;2;Colisão traseira;Com Vítimas Fatais;Plena Noite;Crescente;Céu Claro;Simples;"Curva;Declive";Não;1311753;Automóvel;I/FIAT CRONOS DRIVE 1.3;2021;Passageiro;Lesões Leves;12;Masculino;0;1;0;0;-25,3074;-51,2105;SPRF-PR;DEL08-PR;UOP01-DEL08-PR
735050;1643670;28/11/2025;sexta-feira;23:00:00;PR;277;314;GUARAPUAVA;Não;Condutor deixou de manter distância do veículo da frente;1;Colisão frontal;Com Vítimas Fatais;Plena Noite;Crescente;Céu Claro;Simples;"Curva;Declive";Não;1311753;Automóvel;I/FIAT CRONOS DRIVE 1.3;2021;Passageiro;Lesões Leves;12;Masculino;0;1;0;0;-25,3074;-51,2105;SPRF-PR;DEL08-PR;UOP01-DEL08-PR
735050;1643670;28/11/2025;sexta-feira;23:00:00;PR;277;314;GUARAPUAVA;Não;Velocidade Incompatível;3;Engavetamento;Com Vítimas Fatais;Plena Noite;Crescente;Céu Claro;Simples;"Curva;Declive";Não;1311753;Automóvel;I/FIAT CRONOS DRIVE 1.3;2021;Passageiro;Lesões Leves;12;Masculino;0;1;0;0;-25,3074;-51,2105;SPRF-PR;DEL08-PR;UOP01-DEL08-PR
735050;1643670;28/11/2025;sexta-feira;23:00:00;PR;277;314;GUARAPUAVA;Não;Velocidade Incompatível;2;Colisão traseira;Com Vítimas Fatais;Plena Noite;Crescente;Céu Claro;Simples;"Curva;Declive";Não;1311753;Automóvel;I/FIAT CRONOS DRIVE 1.3;2021;Passageiro;Lesões Leves;12;Masculino;0;1;0;0;-25,3074;-51,2105;SPRF-PR;DEL08-PR;UOP01-DEL08-PR
735050;1643670;28/11/2025;sexta-feira;23:00:00;PR;277;314;GUARAPUAVA;Não;Velocidade Incompatível;1;Colisão frontal;Com Vítimas Fatais;Plena Noite;Crescente;Céu Claro;Simples;"Curva;Declive";Não;1311753;Automóvel;I/FIAT CRONOS DRIVE 1.3;2021;Passageiro;Lesões Leves;12;Masculino;0;1;0;0;-25,3074;-51,2105;SPRF-PR;DEL08-PR;UOP01-DEL08-PR
735050;1643670;28/11/2025;sexta-feira;23:00:00;PR;277;314;GUARAPUAVA;Sim;Manobra de mudança de faixa;3;Engavetamento;Com Vítimas Fatais;Plena Noite;Crescente;Céu Claro;Simples;"Curva;Declive";Não;1311753;Automóvel;I/FIAT CRONOS DRIVE 1.3;2021;Passageiro;Lesões Leves;12;Masculino;0;1;0;0;-25,3074;-51,2105;SPRF-PR;DEL08-PR;UOP01-DEL08-PR
735050;1643670;28/11/2025;sexta-feira;23:00:00;PR;277;314;GUARAPUAVA;Sim;Manobra de mudança de faixa;2;Colisão traseira;Com Vítimas Fatais;Plena Noite;Crescente;Céu Claro;Simples;"Curva;Declive";Não;1311753;Automóvel;I/FIAT CRONOS DRIVE 1.3;2021;Passageiro;Lesões Leves;12;Masculino;0;1;0;0;-25,3074;-51,2105;SPRF-PR;DEL08-PR;UOP01-DEL08-PR
735050;1643670;28/11/2025;sexta-feira;23:00:00;PR;277;314;GUARAPUAVA;Sim;Manobra de mudança de faixa;1;Colisão frontal;Com Vítimas Fatais;Plena Noite;Crescente;Céu Claro;Simples;"Curva;Declive";Não;1311753;Automóvel;I/FIAT CRONOS DRIVE 1.3;2021;Passageiro;Lesões Leves;12;Masculino;0;1;0;0;-25,3074;-51,2105;SPRF-PR;DEL08-PR;UOP01-DEL08-PR
735342;1646511;29/11/2025;sábado;23:55:00;PR;376;167,5;MARINGA;Sim;Velocidade Incompatível;1;Colisão traseira;Com Vítimas Fatais;Plena Noite;Crescente;Céu Claro;Dupla;Reta;Não;1312315;Motocicleta;YAMAHA/FZ25 FAZER;2023;Passageiro;Lesões Graves;12;Feminino;0;0;1;0;-23,391793;-52,011926;SPRF-PR;DEL09-PR;UOP01-DEL09-PR
735422;1644564;30/11/2025;domingo;08:40:00;PR;369;395,3;JURANDA;Sim;Desrespeitar a preferência no cruzamento;1;Colisão transversal;Com Vítimas Feridas;Pleno dia;Decrescente;Céu Claro;Simples;Interseção de Vias;Não;1312436;Caminhonete;I/VW AMAROK CD 4X4 TREND;2015;Passageiro;Ileso;10;Feminino;1;0;0;0;-24,34442812;-52,72741199;SPRF-PR;DEL04-PR;UOP03-DEL04-PR
735422;1644558;30/11/2025;domingo;08:40:00;PR;369;395,3;JURANDA;Sim;Desrespeitar a preferência no cruzamento;1;Colisão transversal;Com Vítimas Feridas;Pleno dia;Decrescente;Céu Claro;Simples;Interseção de Vias;Não;1312435;Caminhonete;I/VW AMAROK CD 4X4 HIGH;2013;Passageiro;Ileso;6;Masculino;1;0;0;0;-24,34442812;-52,72741199;SPRF-PR;DEL04-PR;UOP03-DEL04-PR
735499;1646662;30/11/2025;domingo;18:00:00;PR;116;59;CAMPINA GRANDE DO SUL;Sim;Condutor deixou de manter distância do veículo da frente;1;Colisão traseira;Com Vítimas Feridas;Pleno dia;Crescente;Chuva;Dupla;"Aclive;Curva";Não;1312614;Automóvel;RENAULT/LOGAN EXPR 1016V;2015;Passageiro;Lesões Leves;12;Masculino;0;1;0;0;-25,30088952;-48,94237518;SPRF-PR;DEL01-PR;UOP02-DEL01-PR
735499;1646659;30/11/2025;domingo;18:00:00;PR;116;59;CAMPINA GRANDE DO SUL;Sim;Condutor deixou de manter distância do veículo da frente;1;Colisão traseira;Com Vítimas Feridas;Pleno dia;Crescente;Chuva;Dupla;"Aclive;Curva";Não;1312614;Automóvel;RENAULT/LOGAN EXPR 1016V;2015;Passageiro;Lesões Leves;0;Feminino;0;1;0;0;-25,30088952;-48,94237518;SPRF-PR;DEL01-PR;UOP02-DEL01-PR
735519;1644706;30/11/2025;domingo;17:05:00;PR;277;495,9;NOVA LARANJEIRAS;Não;Velocidade Incompatível;2;Tombamento;Com Vítimas Feridas;Pleno dia;Decrescente;Nublado;Simples;Reta;Não;1312596;Automóvel;CITROEN/C3 90M TENDANCE;2014;Passageiro;Ileso;1;Feminino;1;0;0;0;-25,19889;-52,65477;SPRF-PR;DEL04-PR;UOP04-DEL04-PR
735519;1644706;30/11/2025;domingo;17:05:00;PR;277;495,9;NOVA LARANJEIRAS;Não;Velocidade Incompatível;3;Queda de ocupante de veículo;Com Vítimas Feridas;Pleno dia;Decrescente;Nublado;Simples;Reta;Não;1312596;Automóvel;CITROEN/C3 90M TENDANCE;2014;Passageiro;Ileso;1;Feminino;1;0;0;0;-25,19889;-52,65477;SPRF-PR;DEL04-PR;UOP04-DEL04-PR
735519;1644706;30/11/2025;domingo;17:05:00;PR;277;495,9;NOVA LARANJEIRAS;Não;Velocidade Incompatível;1;Colisão traseira;Com Vítimas Feridas;Pleno dia;Decrescente;Nublado;Simples;Reta;Não;1312596;Automóvel;CITROEN/C3 90M TENDANCE;2014;Passageiro;Ileso;1;Feminino;1;0;0;0;-25,19889;-52,65477;SPRF-PR;DEL04-PR;UOP04-DEL04-PR
735519;1644706;30/11/2025;domingo;17:05:00;PR;277;495,9;NOVA LARANJEIRAS;Não;Condutor deixou de manter distância do veículo da frente;2;Tombamento;Com Vítimas Feridas;Pleno dia;Decrescente;Nublado;Simples;Reta;Não;1312596;Automóvel;CITROEN/C3 90M TENDANCE;2014;Passageiro;Ileso;1;Feminino;1;0;0;0;-25,19889;-52,65477;SPRF-PR;DEL04-PR;UOP04-DEL04-PR
735519;1644706;30/11/2025;domingo;17:05:00;PR;277;495,9;NOVA LARANJEIRAS;Não;Condutor deixou de manter distância do veículo da frente;3;Queda de ocupante de veículo;Com Vítimas Feridas;Pleno dia;Decrescente;Nublado;Simples;Reta;Não;1312596;Automóvel;CITROEN/C3 90M TENDANCE;2014;Passageiro;Ileso;1;Feminino;1;0;0;0;-25,19889;-52,65477;SPRF-PR;DEL04-PR;UOP04-DEL04-PR
735519;1644706;30/11/2025;domingo;17:05:00;PR;277;495,9;NOVA LARANJEIRAS;Não;Condutor deixou de manter distância do veículo da frente;1;Colisão traseira;Com Vítimas Feridas;Pleno dia;Decrescente;Nublado;Simples;Reta;Não;1312596;Automóvel;CITROEN/C3 90M TENDANCE;2014;Passageiro;Ileso;1;Feminino;1;0;0;0;-25,19889;-52,65477;SPRF-PR;DEL04-PR;UOP04-DEL04-PR
735519;1644706;30/11/2025;domingo;17:05:00;PR;277;495,9;NOVA LARANJEIRAS;Sim;Ausência de reação do condutor;2;Tombamento;Com Vítimas Feridas;Pleno dia;Decrescente;Nublado;Simples;Reta;Não;1312596;Automóvel;CITROEN/C3 90M TENDANCE;2014;Passageiro;Ileso;1;Feminino;1;0;0;0;-25,19889;-52,65477;SPRF-PR;DEL04-PR;UOP04-DEL04-PR
735519;1644706;30/11/2025;domingo;17:05:00;PR;277;495,9;NOVA LARANJEIRAS;Sim;Ausência de reação do condutor;3;Queda de ocupante de veículo;Com Vítimas Feridas;Pleno dia;Decrescente;Nublado;Simples;Reta;Não;1312596;Automóvel;CITROEN/C3 90M TENDANCE;2014;Passageiro;Ileso;1;Feminino;1;0;0;0;-25,19889;-52,65477;SPRF-PR;DEL04-PR;UOP04-DEL04-PR
735519;1644706;30/11/2025;domingo;17:05:00;PR;277;495,9;NOVA LARANJEIRAS;Sim;Ausência de reação do condutor;1;Colisão traseira;Com Vítimas Feridas;Pleno dia;Decrescente;Nublado;Simples;Reta;Não;1312596;Automóvel;CITROEN/C3 90M TENDANCE;2014;Passageiro;Ileso;1;Feminino;1;0;0;0;-25,19889;-52,65477;SPRF-PR;DEL04-PR;UOP04-DEL04-PR
735554;1644838;30/11/2025;domingo;22:20:00;PR;376;676;GUARATUBA;Não;Reação tardia ou ineficiente do condutor;2;Saída de leito carroçável;Com Vítimas Feridas;Plena Noite;Decrescente;Garoa/Chuvisco;Dupla;"Curva;Declive";Não;1312695;Automóvel;VW/GOL 1.0 GIV;2011;Passageiro;Lesões Leves;3;Masculino;0;1;0;0;-25,94071475;-48,90720204;SPRF-PR;DEL01-PR;UOP04-DEL01-PR
735554;1644838;30/11/2025;domingo;22:20:00;PR;376;676;GUARATUBA;Não;Reação tardia ou ineficiente do condutor;1;Capotamento;Com Vítimas Feridas;Plena Noite;Decrescente;Garoa/Chuvisco;Dupla;"Curva;Declive";Não;1312695;Automóvel;VW/GOL 1.0 GIV;2011;Passageiro;Lesões Leves;3;Masculino;0;1;0;0;-25,94071475;-48,90720204;SPRF-PR;DEL01-PR;UOP04-DEL01-PR
735554;1644838;30/11/2025;domingo;22:20:00;PR;376;676;GUARATUBA;Não;Pista Escorregadia;2;Saída de leito carroçável;Com Vítimas Feridas;Plena Noite;Decrescente;Garoa/Chuvisco;Dupla;"Curva;Declive";Não;1312695;Automóvel;VW/GOL 1.0 GIV;2011;Passageiro;Lesões Leves;3;Masculino;0;1;0;0;-25,94071475;-48,90720204;SPRF-PR;DEL01-PR;UOP04-DEL01-PR
735554;1644838;30/11/2025;domingo;22:20:00;PR;376;676;GUARATUBA;Não;Pista Escorregadia;1;Capotamento;Com Vítimas Feridas;Plena Noite;Decrescente;Garoa/Chuvisco;Dupla;"Curva;Declive";Não;1312695;Automóvel;VW/GOL 1.0 GIV;2011;Passageiro;Lesões Leves;3;Masculino;0;1;0;0;-25,94071475;-48,90720204;SPRF-PR;DEL01-PR;UOP04-DEL01-PR
735554;1644838;30/11/2025;domingo;22:20:00;PR;376;676;GUARATUBA;Não;Chuva;2;Saída de leito carroçável;Com Vítimas Feridas;Plena Noite;Decrescente;Garoa/Chuvisco;Dupla;"Curva;Declive";Não;1312695;Automóvel;VW/GOL 1.0 GIV;2011;Passageiro;Lesões Leves;3;Masculino;0;1;0;0;-25,94071475;-48,90720204;SPRF-PR;DEL01-PR;UOP04-DEL01-PR
735554;1644838;30/11/2025;domingo;22:20:00;PR;376;676;GUARATUBA;Não;Chuva;1;Capotamento;Com Vítimas Feridas;Plena Noite;Decrescente;Garoa/Chuvisco;Dupla;"Curva;Declive";Não;1312695;Automóvel;VW/GOL 1.0 GIV;2011;Passageiro;Lesões Leves;3;Masculino;0;1;0;0;-25,94071475;-48,90720204;SPRF-PR;DEL01-PR;UOP04-DEL01-PR
735554;1644838;30/11/2025;domingo;22:20:00;PR;376;676;GUARATUBA;Sim;Ausência de reação do condutor;2;Saída de leito carroçável;Com Vítimas Feridas;Plena Noite;Decrescente;Garoa/Chuvisco;Dupla;"Curva;Declive";Não;1312695;Automóvel;VW/GOL 1.0 GIV;2011;Passageiro;Lesões Leves;3;Masculino;0;1;0;0;-25,94071475;-48,90720204;SPRF-PR;DEL01-PR;UOP04-DEL01-PR
735554;1644838;30/11/2025;domingo;22:20:00;PR;376;676;GUARATUBA;Sim;Ausência de reação do condutor;1;Capotamento;Com Vítimas Feridas;Plena Noite;Decrescente;Garoa/Chuvisco;Dupla;"Curva;Declive";Não;1312695;Automóvel;VW/GOL 1.0 GIV;2011;Passageiro;Lesões Leves;3;Masculino;0;1;0;0;-25,94071475;-48,90720204;SPRF-PR;DEL01-PR;UOP04-DEL01-PR
735826;1645531;01/12/2025;segunda-feira;20:35:00;PR;277;314;GUARAPUAVA;Não;Chuva;9;Tombamento;Com Vítimas Fatais;Plena Noite;Crescente;Chuva;Simples;"Reta;Aclive";Não;1313222;Automóvel;VW/T CROSS TSI;2025;Passageiro;Ileso;8;Feminino;1;0;0;0;-25,31117075;-51,20613813;SPRF-PR;DEL08-PR;UOP01-DEL08-PR
735826;1645531;01/12/2025;segunda-feira;20:35:00;PR;277;314;GUARAPUAVA;Não;Chuva;8;Saída de leito carroçável;Com Vítimas Fatais;Plena Noite;Crescente;Chuva;Simples;"Reta;Aclive";Não;1313222;Automóvel;VW/T CROSS TSI;2025;Passageiro;Ileso;8;Feminino;1;0;0;0;-25,31117075;-51,20613813;SPRF-PR;DEL08-PR;UOP01-DEL08-PR
735826;1645531;01/12/2025;segunda-feira;20:35:00;PR;277;314;GUARAPUAVA;Não;Chuva;7;Colisão lateral mesmo sentido;Com Vítimas Fatais;Plena Noite;Crescente;Chuva;Simples;"Reta;Aclive";Não;1313222;Automóvel;VW/T CROSS TSI;2025;Passageiro;Ileso;8;Feminino;1;0;0;0;-25,31117075;-51,20613813;SPRF-PR;DEL08-PR;UOP01-DEL08-PR
735826;1645531;01/12/2025;segunda-feira;20:35:00;PR;277;314;GUARAPUAVA;Não;Chuva;6;Engavetamento;Com Vítimas Fatais;Plena Noite;Crescente;Chuva;Simples;"Reta;Aclive";Não;1313222;Automóvel;VW/T CROSS TSI;2025;Passageiro;Ileso;8;Feminino;1;0;0;0;-25,31117075;-51,20613813;SPRF-PR;DEL08-PR;UOP01-DEL08-PR
735826;1645531;01/12/2025;segunda-feira;20:35:00;PR;277;314;GUARAPUAVA;Não;Chuva;5;Tombamento;Com Vítimas Fatais;Plena Noite;Crescente;Chuva;Simples;"Reta;Aclive";Não;1313222;Automóvel;VW/T CROSS TSI;2025;Passageiro;Ileso;8;Feminino;1;0;0;0;-25,31117075;-51,20613813;SPRF-PR;DEL08-PR;UOP01-DEL08-PR
735826;1645531;01/12/2025;segunda-feira;20:35:00;PR;277;314;GUARAPUAVA;Não;Chuva;4;Saída de leito carroçável;Com Vítimas Fatais;Plena Noite;Crescente;Chuva;Simples;"Reta;Aclive";Não;1313222;Automóvel;VW/T CROSS TSI;2025;Passageiro;Ileso;8;Feminino;1;0;0;0;-25,31117075;-51,20613813;SPRF-PR;DEL08-PR;UOP01-DEL08-PR
735826;1645531;01/12/2025;segunda-feira;20:35:00;PR;277;314;GUARAPUAVA;Não;Chuva;3;Colisão traseira;Com Vítimas Fatais;Plena Noite;Crescente;Chuva;Simples;"Reta;Aclive";Não;1313222;Automóvel;VW/T CROSS TSI;2025;Passageiro;Ileso;8;Feminino;1;0;0;0;-25,31117075;-51,20613813;SPRF-PR;DEL08-PR;UOP01-DEL08-PR
735826;1645531;01/12/2025;segunda-feira;20:35:00;PR;277;314;GUARAPUAVA;Não;Chuva;2;Colisão lateral mesmo sentido;Com Vítimas Fatais;Plena Noite;Crescente;Chuva;Simples;"Reta;Aclive";Não;1313222;Automóvel;VW/T CROSS TSI;2025;Passageiro;Ileso;8;Feminino;1;0;0;0;-25,31117075;-51,20613813;SPRF-PR;DEL08-PR;UOP01-DEL08-PR
735826;1645531;01/12/2025;segunda-feira;20:35:00;PR;277;314;GUARAPUAVA;Não;Chuva;1;Colisão lateral sentido oposto;Com Vítimas Fatais;Plena Noite;Crescente;Chuva;Simples;"Reta;Aclive";Não;1313222;Automóvel;VW/T CROSS TSI;2025;Passageiro;Ileso;8;Feminino;1;0;0;0;-25,31117075;-51,20613813;SPRF-PR;DEL08-PR;UOP01-DEL08-PR
735826;1645531;01/12/2025;segunda-feira;20:35:00;PR;277;314;GUARAPUAVA;Sim;Velocidade Incompatível;9;Tombamento;Com Vítimas Fatais;Plena Noite;Crescente;Chuva;Simples;"Reta;Aclive";Não;1313222;Automóvel;VW/T CROSS TSI;2025;Passageiro;Ileso;8;Feminino;1;0;0;0;-25,31117075;-51,20613813;SPRF-PR;DEL08-PR;UOP01-DEL08-PR
735826;1645531;01/12/2025;segunda-feira;20:35:00;PR;277;314;GUARAPUAVA;Sim;Velocidade Incompatível;8;Saída de leito carroçável;Com Vítimas Fatais;Plena Noite;Crescente;Chuva;Simples;"Reta;Aclive";Não;1313222;Automóvel;VW/T CROSS TSI;2025;Passageiro;Ileso;8;Feminino;1;0;0;0;-25,31117075;-51,20613813;SPRF-PR;DEL08-PR;UOP01-DEL08-PR
735826;1645531;01/12/2025;segunda-feira;20:35:00;PR;277;314;GUARAPUAVA;Sim;Velocidade Incompatível;7;Colisão lateral mesmo sentido;Com Vítimas Fatais;Plena Noite;Crescente;Chuva;Simples;"Reta;Aclive";Não;1313222;Automóvel;VW/T CROSS TSI;2025;Passageiro;Ileso;8;Feminino;1;0;0;0;-25,31117075;-51,20613813;SPRF-PR;DEL08-PR;UOP01-DEL08-PR
735826;1645531;01/12/2025;segunda-feira;20:35:00;PR;277;314;GUARAPUAVA;Sim;Velocidade Incompatível;6;Engavetamento;Com Vítimas Fatais;Plena Noite;Crescente;Chuva;Simples;"Reta;Aclive";Não;1313222;Automóvel;VW/T CROSS TSI;2025;Passageiro;Ileso;8;Feminino;1;0;0;0;-25,31117075;-51,20613813;SPRF-PR;DEL08-PR;UOP01-DEL08-PR
735826;1645531;01/12/2025;segunda-feira;20:35:00;PR;277;314;GUARAPUAVA;Sim;Velocidade Incompatível;5;Tombamento;Com Vítimas Fatais;Plena Noite;Crescente;Chuva;Simples;"Reta;Aclive";Não;1313222;Automóvel;VW/T CROSS TSI;2025;Passageiro;Ileso;8;Feminino;1;0;0;0;-25,31117075;-51,20613813;SPRF-PR;DEL08-PR;UOP01-DEL08-PR
735826;1645531;01/12/2025;segunda-feira;20:35:00;PR;277;314;GUARAPUAVA;Sim;Velocidade Incompatível;4;Saída de leito carroçável;Com Vítimas Fatais;Plena Noite;Crescente;Chuva;Simples;"Reta;Aclive";Não;1313222;Automóvel;VW/T CROSS TSI;2025;Passageiro;Ileso;8;Feminino;1;0;0;0;-25,31117075;-51,20613813;SPRF-PR;DEL08-PR;UOP01-DEL08-PR