id;pesid;data_inversa;dia_semana;horario;uf;br;km;municipio;causa_principal;causa_acidente;ordem_tipo_acidente;tipo_acidente;classificacao_acidente;fase_dia;sentido_via;condicao_metereologica;tipo_pista;tracado_via;uso_solo;id_veiculo;tipo_veiculo;marca;ano_fabricacao_veiculo;tipo_envolvido;estado_fisico;idade;sexo;ilesos;feridos_leves;feridos_graves;mortos;latitude;longitude;regional;delegacia;uop
735826;1645531;01/12/2025;segunda-feira;20:35:00;PR;277;314;GUARAPUAVA;Sim;Velocidade Incompatível;3;Colisão traseira;Com Vítimas Fatais;Plena Noite;Crescente;Chuva;Simples;"Reta;Aclive";Não;1313222;Automóvel;VW/T CROSS TSI;2025;Passageiro;Ileso;8;Feminino;1;0;0;0;-25,31117075;-51,20613813;SPRF-PR;DEL08-PR;UOP01-DEL08-PR
735826;1645531;01/12/2025;segunda-feira;20:35:00;PR;277;314;GUARAPUAVA;Sim;Velocidade Incompatível;2;Colisão lateral mesmo sentido;Com Vítimas Fatais;Plena Noite;Crescente;Chuva;Simples;"Reta;Aclive";Não;1313222;Automóvel;VW/T CROSS TSI;2025;Passageiro;Ileso;8;Feminino;1;0;0;0;-25,31117075;-51,20613813;SPRF-PR;DEL08-PR;UOP01-DEL08-PR
735826;1645531;01/12/2025;segunda-feira;20:35:00;PR;277;314;GUARAPUAVA;Sim;Velocidade Incompatível;1;Colisão lateral sentido oposto;Com Vítimas Fatais;Plena Noite;Crescente;Chuva;Simples;"Reta;Aclive";Não;1313222;Automóvel;VW/T CROSS TSI;2025;Passageiro;Ileso;8;Feminino;1;0;0;0;-25,31117075;-51,20613813;SPRF-PR;DEL08-PR;UOP01-DEL08-PR
735895;1645712;02/12/2025;terça-feira;08:20:00;PR;277;723;FOZ DO IGUACU;Sim;Área urbana sem a presença de local apropriado para a travessia de pedestres;2;Queda de ocupante de veículo;Com Vítimas Feridas;Pleno dia;Crescente;Céu Claro;Dupla;Reta;Sim;NA;NA;NA/NA;NA;Pedestre;Lesões Leves;16;Masculino;0;1;0;0;-25,48938189;-54,5072937;SPRF-PR;DEL05-PR;UOP03-DEL05-PR
735895;1645712;02/12/2025;terça-feira;08:20:00;PR;277;723;FOZ DO IGUACU;Sim;Área urbana sem a presença de local apropriado para a travessia de pedestres;1;Atropelamento de Pedestre;Com Vítimas Feridas;Pleno dia;Crescente;Céu Claro;Dupla;Reta;Sim;NA;NA;NA/NA;NA;Pedestre;Lesões Leves;16;Masculino;0;1;0;0;-25,48938189;-54,5072937;SPRF-PR;DEL05-PR;UOP03-DEL05-PR
736607;1648421;05/12/2025;sexta-feira;16:05:00;PR;376;515,9;PONTA GROSSA;Não;Condutor deixou de manter distância do veículo da frente;4;Capotamento;Com Vítimas Feridas;Pleno dia;Decrescente;Sol;Dupla;"Reta;Declive";Não;1315536;Automóvel;I/NISSAN KICKS SL CVT;2016;Passageiro;Ileso;7;Masculino;1;0;0;0;-25,2665163;-49,9640893;SPRF-PR;DEL03-PR;UOP04-DEL03-PR
736607;1648421;05/12/2025;sexta-feira;16:05:00;PR;376;515,9;PONTA GROSSA;Não;Condutor deixou de manter distância do veículo da frente;3;Saída de leito carroçável;Com Vítimas Feridas;Pleno dia;Decrescente;Sol;Dupla;"Reta;Declive";Não;1315536;Automóvel;I/NISSAN KICKS SL CVT;2016;Passageiro;Ileso;7;Masculino;1;0;0;0;-25,2665163;-49,9640893;SPRF-PR;DEL03-PR;UOP04-DEL03-PR
736607;1648421;05/12/2025;sexta-feira;16:05:00;PR;376;515,9;PONTA GROSSA;Não;Condutor deixou de manter distância do veículo da frente;2;Colisão com objeto;Com Vítimas Feridas;Pleno dia;Decrescente;Sol;Dupla;"Reta;Declive";Não;1315536;Automóvel;I/NISSAN KICKS SL CVT;2016;Passageiro;Ileso;7;Masculino;1;0;0;0;-25,2665163;-49,9640893;SPRF-PR;DEL03-PR;UOP04-DEL03-PR
736607;1648421;05/12/2025;sexta-feira;16:05:00;PR;376;515,9;PONTA GROSSA;Não;Condutor deixou de manter distância do veículo da frente;1;Colisão traseira;Com Vítimas Feridas;Pleno dia;Decrescente;Sol;Dupla;"Reta;Declive";Não;1315536;Automóvel;I/NISSAN KICKS SL CVT;2016;Passageiro;Ileso;7;Masculino;1;0;0;0;-25,2665163;-49,9640893;SPRF-PR;DEL03-PR;UOP04-DEL03-PR
736607;1648421;05/12/2025;sexta-feira;16:05:00;PR;376;515,9;PONTA GROSSA;Sim;Velocidade Incompatível;4;Capotamento;Com Vítimas Feridas;Pleno dia;Decrescente;Sol;Dupla;"Reta;Declive";Não;1315536;Automóvel;I/NISSAN KICKS SL CVT;2016;Passageiro;Ileso;7;Masculino;1;0;0;0;-25,2665163;-49,9640893;SPRF-PR;DEL03-PR;UOP04-DEL03-PR
736607;1648421;05/12/2025;sexta-feira;16:05:00;PR;376;515,9;PONTA GROSSA;Sim;Velocidade Incompatível;3;Saída de leito carroçável;Com Vítimas Feridas;Pleno dia;Decrescente;Sol;Dupla;"Reta;Declive";Não;1315536;Automóvel;I/NISSAN KICKS SL CVT;2016;Passageiro;Ileso;7;Masculino;1;0;0;0;-25,2665163;-49,9640893;SPRF-PR;DEL03-PR;UOP04-DEL03-PR
736607;1648421;05/12/2025;sexta-feira;16:05:00;PR;376;515,9;PONTA GROSSA;Sim;Velocidade Incompatível;2;Colisão com objeto;Com Vítimas Feridas;Pleno dia;Decrescente;Sol;Dupla;"Reta;Declive";Não;1315536;Automóvel;I/NISSAN KICKS SL CVT;2016;Passageiro;Ileso;7;Masculino;1;0;0;0;-25,2665163;-49,9640893;SPRF-PR;DEL03-PR;UOP04-DEL03-PR
736607;1648421;05/12/2025;sexta-feira;16:05:00;PR;376;515,9;PONTA GROSSA;Sim;Velocidade Incompatível;1;Colisão traseira;Com Vítimas Feridas;Pleno dia;Decrescente;Sol;Dupla;"Reta;Declive";Não;1315536;Automóvel;I/NISSAN KICKS SL CVT;2016;Passageiro;Ileso;7;Masculino;1;0;0;0;-25,2665163;-49,9640893;SPRF-PR;DEL03-PR;UOP04-DEL03-PR
736684;1647598;05/12/2025;sexta-feira;21:00:00;PR;277;344;GUARAPUAVA;Sim;Reação tardia ou ineficiente do condutor;2;Saída de leito carroçável;Com Vítimas Feridas;Plena Noite;Crescente;Céu Claro;Dupla;"Aclive;Reta";Sim;1314931;Automóvel;GM/CELTA 2P LIFE;2008;Passageiro;Lesões Leves;7;Feminino;0;1;0;0;-25,343894;-51,438933;SPRF-PR;DEL08-PR;UOP01-DEL08-PR
736684;1647598;05/12/2025;sexta-feira;21:00:00;PR;277;344;GUARAPUAVA;Sim;Reação tardia ou ineficiente do condutor;1;Colisão lateral mesmo sentido;Com Vítimas Feridas;Plena Noite;Crescente;Céu Claro;Dupla;"Aclive;Reta";Sim;1314931;Automóvel;GM/CELTA 2P LIFE;2008;Passageiro;Lesões Leves;7;Feminino;0;1;0;0;-25,343894;-51,438933;SPRF-PR;DEL08-PR;UOP01-DEL08-PR
736933;1648176;06/12/2025;sábado;21:40:00;PR;376;596;CURITIBA;Sim;Reação tardia ou ineficiente do condutor;1;Saída de leito carroçável;Com Vítimas Feridas;Plena Noite;Crescente;Céu Claro;Dupla;Reta;Sim;1315415;Automóvel;VW/GOL CL;1988;Passageiro;Lesões Graves;7;Feminino;0;0;1;0;-25,48207664;-49,3488249;SPRF-PR;DEL01-PR;UOP03-DEL01-PR
736981;1648236;07/12/2025;domingo;01:30:00;PR;277;667;MEDIANEIRA;Sim;Reação tardia ou ineficiente do condutor;1;Saída de leito carroçável;Com Vítimas Feridas;Plena Noite;Decrescente;Céu Claro;Dupla;Reta;Não;1315467;Automóvel;TOYOTA/COROLLA XEI18FLEX;2009;Passageiro;Lesões Graves;11;Masculino;0;0;1;0;-25,25402919;-54,03341644;SPRF-PR;DEL05-PR;UOP02-DEL05-PR
737052;1648486;07/12/2025;domingo;09:30:00;PR;476;145,5;CURITIBA;Não;Falta de elemento de contenção que evite a saída do leito carroçável;2;Capotamento;Com Vítimas Feridas;Pleno dia;Crescente;Céu Claro;Dupla;Reta;Sim;1315637;Automóvel;FIAT/UNO CS IE;1995;Passageiro;Lesões Leves;14;Masculino;0;1;0;0;-25,55023096;-49,32782857;SPRF-PR;DEL01-PR;UOP06-DEL01-PR
737052;1648485;07/12/2025;domingo;09:30:00;PR;476;145,5;CURITIBA;Não;Falta de elemento de contenção que evite a saída do leito carroçável;2;Capotamento;Com Vítimas Feridas;Pleno dia;Crescente;Céu Claro;Dupla;Reta;Sim;1315637;Automóvel;FIAT/UNO CS IE;1995;Passageiro;Lesões Leves;4;Feminino;0;1;0;0;-25,55023096;-49,32782857;SPRF-PR;DEL01-PR;UOP06-DEL01-PR
737052;1648484;07/12/2025;domingo;09:30:00;PR;476;145,5;CURITIBA;Não;Falta de elemento de contenção que evite a saída do leito carroçável;2;Capotamento;Com Vítimas Feridas;Pleno dia;Crescente;Céu Claro;Dupla;Reta;Sim;1315637;Automóvel;FIAT/UNO CS IE;1995;Passageiro;Lesões Leves;10;Masculino;0;1;0;0;-25,55023096;-49,32782857;SPRF-PR;DEL01-PR;UOP06-DEL01-PR
737052;1648482;07/12/2025;domingo;09:30:00;PR;476;145,5;CURITIBA;Não;Falta de elemento de contenção que evite a saída do leito carroçável;2;Capotamento;Com Vítimas Feridas;Pleno dia;Crescente;Céu Claro;Dupla;Reta;Sim;1315637;Automóvel;FIAT/UNO CS IE;1995;Passageiro;Lesões Leves;11;Feminino;0;1;0;0;-25,55023096;-49,32782857;SPRF-PR;DEL01-PR;UOP06-DEL01-PR
737052;1648479;07/12/2025;domingo;09:30:00;PR;476;145,5;CURITIBA;Não;Falta de elemento de contenção que evite a saída do leito carroçável;2;Capotamento;Com Vítimas Feridas;Pleno dia;Crescente;Céu Claro;Dupla;Reta;Sim;1315637;Automóvel;FIAT/UNO CS IE;1995;Passageiro;Lesões Graves;11;Masculino;0;0;1;0;-25,55023096;-49,32782857;SPRF-PR;DEL01-PR;UOP06-DEL01-PR
737052;1648486;07/12/2025;domingo;09:30:00;PR;476;145,5;CURITIBA;Não;Falta de elemento de contenção que evite a saída do leito carroçável;1;Saída de leito carroçável;Com Vítimas Feridas;Pleno dia;Crescente;Céu Claro;Dupla;Reta;Sim;1315637;Automóvel;FIAT/UNO CS IE;1995;Passageiro;Lesões Leves;14;Masculino;0;1;0;0;-25,55023096;-49,32782857;SPRF-PR;DEL01-PR;UOP06-DEL01-PR
737052;1648485;07/12/2025;domingo;09:30:00;PR;476;145,5;CURITIBA;Não;Falta de elemento de contenção que evite a saída do leito carroçável;1;Saída de leito carroçável;Com Vítimas Feridas;Pleno dia;Crescente;Céu Claro;Dupla;Reta;Sim;1315637;Automóvel;FIAT/UNO CS IE;1995;Passageiro;Lesões Leves;4;Feminino;0;1;0;0;-25,55023096;-49,32782857;SPRF-PR;DEL01-PR;UOP06-DEL01-PR
737052;1648484;07/12/2025;domingo;09:30:00;PR;476;145,5;CURITIBA;Não;Falta de elemento de contenção que evite a saída do leito carroçável;1;Saída de leito carroçável;Com Vítimas Feridas;Pleno dia;Crescente;Céu Claro;Dupla;Reta;Sim;1315637;Automóvel;FIAT/UNO CS IE;1995;Passageiro;Lesões Leves;10;Masculino;0;1;0;0;-25,55023096;-49,32782857;SPRF-PR;DEL01-PR;UOP06-DEL01-PR
737052;1648482;07/12/2025;domingo;09:30:00;PR;476;145,5;CURITIBA;Não;Falta de elemento de contenção que evite a saída do leito carroçável;1;Saída de leito carroçável;Com Vítimas Feridas;Pleno dia;Crescente;Céu Claro;Dupla;Reta;Sim;1315637;Automóvel;FIAT/UNO CS IE;1995;Passageiro;Lesões Leves;11;Feminino;0;1;0;0;-25,55023096;-49,32782857;SPRF-PR;DEL01-PR;UOP06-DEL01-PR
737052;1648479;07/12/2025;domingo;09:30:00;PR;476;145,5;CURITIBA;Não;Falta de elemento de contenção que evite a saída do leito carroçável;1;Saída de leito carroçável;Com Vítimas Feridas;Pleno dia;Crescente;Céu Claro;Dupla;Reta;Sim;1315637;Automóvel;FIAT/UNO CS IE;1995;Passageiro;Lesões Graves;11;Masculino;0;0;1;0;-25,55023096;-49,32782857;SPRF-PR;DEL01-PR;UOP06-DEL01-PR
737052;1648486;07/12/2025;domingo;09:30:00;PR;476;145,5;CURITIBA;Sim;Reação tardia ou ineficiente do condutor;2;Capotamento;Com Vítimas Feridas;Pleno dia;Crescente;Céu Claro;Dupla;Reta;Sim;1315637;Automóvel;FIAT/UNO CS IE;1995;Passageiro;Lesões Leves;14;Masculino;0;1;0;0;-25,55023096;-49,32782857;SPRF-PR;DEL01-PR;UOP06-DEL01-PR
737052;1648485;07/12/2025;domingo;09:30:00;PR;476;145,5;CURITIBA;Sim;Reação tardia ou ineficiente do condutor;2;Capotamento;Com Vítimas Feridas;Pleno dia;Crescente;Céu Claro;Dupla;Reta;Sim;1315637;Automóvel;FIAT/UNO CS IE;1995;Passageiro;Lesões Leves;4;Feminino;0;1;0;0;-25,55023096;-49,32782857;SPRF-PR;DEL01-PR;UOP06-DEL01-PR
737052;1648484;07/12/2025;domingo;09:30:00;PR;476;145,5;CURITIBA;Sim;Reação tardia ou ineficiente do condutor;2;Capotamento;Com Vítimas Feridas;Pleno dia;Crescente;Céu Claro;Dupla;Reta;Sim;1315637;Automóvel;FIAT/UNO CS IE;1995;Passageiro;Lesões Leves;10;Masculino;0;1;0;0;-25,55023096;-49,32782857;SPRF-PR;DEL01-PR;UOP06-DEL01-PR
737052;1648482;07/12/2025;domingo;09:30:00;PR;476;145,5;CURITIBA;Sim;Reação tardia ou ineficiente do condutor;2;Capotamento;Com Vítimas Feridas;Pleno dia;Crescente;Céu Claro;Dupla;Reta;Sim;1315637;Automóvel;FIAT/UNO CS IE;1995;Passageiro;Lesões Leves;11;Feminino;0;1;0;0;-25,55023096;-49,32782857;SPRF-PR;DEL01-PR;UOP06-DEL01-PR
737052;1648479;07/12/2025;domingo;09:30:00;PR;476;145,5;CURITIBA;Sim;Reação tardia ou ineficiente do condutor;2;Capotamento;Com Vítimas Feridas;Pleno dia;Crescente;Céu Claro;Dupla;Reta;Sim;1315637;Automóvel;FIAT/UNO CS IE;1995;Passageiro;Lesões Graves;11;Masculino;0;0;1;0;-25,55023096;-49,32782857;SPRF-PR;DEL01-PR;UOP06-DEL01-PR
737052;1648486;07/12/2025;domingo;09:30:00;PR;476;145,5;CURITIBA;Sim;Reação tardia ou ineficiente do condutor;1;Saída de leito carroçável;Com Vítimas Feridas;Pleno dia;Crescente;Céu Claro;Dupla;Reta;Sim;1315637;Automóvel;FIAT/UNO CS IE;1995;Passageiro;Lesões Leves;14;Masculino;0;1;0;0;-25,55023096;-49,32782857;SPRF-PR;DEL01-PR;UOP06-DEL01-PR
737052;1648485;07/12/2025;domingo;09:30:00;PR;476;145,5;CURITIBA;Sim;Reação tardia ou ineficiente do condutor;1;Saída de leito carroçável;Com Vítimas Feridas;Pleno dia;Crescente;Céu Claro;Dupla;Reta;Sim;1315637;Automóvel;FIAT/UNO CS IE;1995;Passageiro;Lesões Leves;4;Feminino;0;1;0;0;-25,55023096;-49,32782857;SPRF-PR;DEL01-PR;UOP06-DEL01-PR
737052;1648484;07/12/2025;domingo;09:30:00;PR;476;145,5;CURITIBA;Sim;Reação tardia ou ineficiente do condutor;1;Saída de leito carroçável;Com Vítimas Feridas;Pleno dia;Crescente;Céu Claro;Dupla;Reta;Sim;1315637;Automóvel;FIAT/UNO CS IE;1995;Passageiro;Lesões Leves;10;Masculino;0;1;0;0;-25,55023096;-49,32782857;SPRF-PR;DEL01-PR;UOP06-DEL01-PR
737052;1648482;07/12/2025;domingo;09:30:00;PR;476;145,5;CURITIBA;Sim;Reação tardia ou ineficiente do condutor;1;Saída de leito carroçável;Com Vítimas Feridas;Pleno dia;Crescente;Céu Claro;Dupla;Reta;Sim;1315637;Automóvel;FIAT/UNO CS IE;1995;Passageiro;Lesões Leves;11;Feminino;0;1;0;0;-25,55023096;-49,32782857;SPRF-PR;DEL01-PR;UOP06-DEL01-PR
737052;1648479;07/12/2025;domingo;09:30:00;PR;476;145,5;CURITIBA;Sim;Reação tardia ou ineficiente do condutor;1;Saída de leito carroçável;Com Vítimas Feridas;Pleno dia;Crescente;Céu Claro;Dupla;Reta;Sim;1315637;Automóvel;FIAT/UNO CS IE;1995;Passageiro;Lesões Graves;11;Masculino;0;0;1;0;-25,55023096;-49,32782857;SPRF-PR;DEL01-PR;UOP06-DEL01-PR
737058;1648435;07/12/2025;domingo;09:00:00;PR;376;335,6;ORTIGUEIRA;Sim;Reação tardia ou ineficiente do condutor;2;Capotamento;Com Vítimas Feridas;Pleno dia;Decrescente;Sol;Simples;Curva;Não;1315640;Automóvel;CITROEN/C3 GLX 14 FLEX;2009;Passageiro;Lesões Leves;16;Feminino;0;1;0;0;-24,139247;-51,005945;SPRF-PR;DEL07-PR;UOP02-DEL07-PR
737058;1648435;07/12/2025;domingo;09:00:00;PR;376;335,6;ORTIGUEIRA;Sim;Reação tardia ou ineficiente do condutor;1;Saída de leito carroçável;Com Vítimas Feridas;Pleno dia;Decrescente;Sol;Simples;Curva;Não;1315640;Automóvel;CITROEN/C3 GLX 14 FLEX;2009;Passageiro;Lesões Leves;16;Feminino;0;1;0;0;-24,139247;-51,005945;SPRF-PR;DEL07-PR;UOP02-DEL07-PR
737129;1650165;07/12/2025;domingo;16:13:00;PR;476;114;COLOMBO;Sim;Acessar a via sem observar a presença dos outros veículos;1;Colisão transversal;Com Vítimas Feridas;Pleno dia;Crescente;Sol;Simples;Interseção de Vias;Sim;1315776;Automóvel;I/CHEVROLET AGILE LTZ;2010;Passageiro;Lesões Leves;16;Feminino;0;1;0;0;-25,34021018;-49,1573565;SPRF-PR;DEL01-PR;UOP01-DEL01-PR
737140;1648915;07/12/2025;domingo;18:20:00;PR;277;14;PARANAGUA;Sim;Ausência de reação do condutor;1;Colisão com objeto;Com Vítimas Feridas;Anoitecer;Crescente;Céu Claro;Dupla;Reta;Não;1315859;Automóvel;GM/CELTA;2002;Passageiro;Lesões Leves;8;Feminino;0;1;0;0;-25,55708;-48,654698;SPRF-PR;DEL01-PR;UOP05-DEL01-PR
737164;1650576;07/12/2025;domingo;19:30:00;PR;272;366;CAMPO MOURAO;Sim;Transitar na contramão;1;Colisão frontal;Com Vítimas Feridas;Plena Noite;Crescente;Céu Claro;Dupla;Reta;Sim;1315888;Automóvel;RENAULT/SCENIC EXP 1616V;2007;Passageiro;Lesões Leves;11;Feminino;0;1;0;0;-24,04944297;-52,39942329;SPRF-PR;DEL09-PR;UOP03-DEL09-PR
737240;1648885;08/12/2025;segunda-feira;01:48:00;PR;277;704;SAO MIGUEL DO IGUACU;Sim;Mal súbito do condutor;2;Colisão com objeto;Com Vítimas Feridas;Plena Noite;Crescente;Céu Claro;Dupla;Reta;Não;1315951;Automóvel;I/HONDA CITY LX FLEX;2014;Passageiro;Lesões Leves;8;Masculino;0;1;0;0;-25,4154;-54,3445;SPRF-PR;DEL05-PR;UOP01-DEL05-PR
737240;1648884;08/12/2025;segunda-feira;01:48:00;PR;277;704;SAO MIGUEL DO IGUACU;Sim;Mal súbito do condutor;2;Colisão com objeto;Com Vítimas Feridas;Plena Noite;Crescente;Céu Claro;Dupla;Reta;Não;1315951;Automóvel;I/HONDA CITY LX FLEX;2014;Passageiro;Lesões Leves;8;Masculino;0;1;0;0;-25,4154;-54,3445;SPRF-PR;DEL05-PR;UOP01-DEL05-PR
737240;1648885;08/12/2025;segunda-feira;01:48:00;PR;277;704;SAO MIGUEL DO IGUACU;Sim;Mal súbito do condutor;1;Saída de leito carroçável;Com Vítimas Feridas;Plena Noite;Crescente;Céu Claro;Dupla;Reta;Não;1315951;Automóvel;I/HONDA CITY LX FLEX;2014;Passageiro;Lesões Leves;8;Masculino;0;1;0;0;-25,4154;-54,3445;SPRF-PR;DEL05-PR;UOP01-DEL05-PR
737240;1648884;08/12/2025;segunda-feira;01:48:00;PR;277;704;SAO MIGUEL DO IGUACU;Sim;Mal súbito do condutor;1;Saída de leito carroçável;Com Vítimas Feridas;Plena Noite;Crescente;Céu Claro;Dupla;Reta;Não;1315951;Automóvel;I/HONDA CITY LX FLEX;2014;Passageiro;Lesões Leves;8;Masculino;0;1;0;0;-25,4154;-54,3445;SPRF-PR;DEL05-PR;UOP01-DEL05-PR
737415;1649371;08/12/2025;segunda-feira;18:20:00;PR;163;132,7;CAPITAO LEONIDAS MARQUES;Sim;Chuva;2;Colisão com objeto;Com Vítimas Feridas;Anoitecer;Crescente;Chuva;Dupla;Curva;Não;1316383;Automóvel;I/KIA SPORTAGE;2014;Passageiro;Ileso;8;Masculino;1;0;0;0;-25,53249292;-53,59807773;SPRF-PR;DEL05-PR;UOP05-DEL05-PR
737415;1649373;08/12/2025;segunda-feira;18:20:00;PR;163;132,7;CAPITAO LEONIDAS MARQUES;Sim;Chuva;2;Colisão com objeto;Com Vítimas Feridas;Anoitecer;Crescente;Chuva;Dupla;Curva;Não;1316383;Automóvel;I/KIA SPORTAGE;2014;Passageiro;Ileso;2;Masculino;1;0;0;0;-25,53249292;-53,59807773;SPRF-PR;DEL05-PR;UOP05-DEL05-PR
737415;1649372;08/12/2025;segunda-feira;18:20:00;PR;163;132,7;CAPITAO LEONIDAS MARQUES;Sim;Chuva;2;Colisão com objeto;Com Vítimas Feridas;Anoitecer;Crescente;Chuva;Dupla;Curva;Não;1316383;Automóvel;I/KIA SPORTAGE;2014;Passageiro;Ileso;4;Feminino;1;0;0;0;-25,53249292;-53,59807773;SPRF-PR;DEL05-PR;UOP05-DEL05-PR
737415;1649371;08/12/2025;segunda-feira;18:20:00;PR;163;132,7;CAPITAO LEONIDAS MARQUES;Sim;Chuva;1;Saída de leito carroçável;Com Vítimas Feridas;Anoitecer;Crescente;Chuva;Dupla;Curva;Não;1316383;Automóvel;I/KIA SPORTAGE;2014;Passageiro;Ileso;8;Masculino;1;0;0;0;-25,53249292;-53,59807773;SPRF-PR;DEL05-PR;UOP05-DEL05-PR
737415;1649373;08/12/2025;segunda-feira;18:20:00;PR;163;132,7;CAPITAO LEONIDAS MARQUES;Sim;Chuva;1;Saída de leito carroçável;Com Vítimas Feridas;Anoitecer;Crescente;Chuva;Dupla;Curva;Não;1316383;Automóvel;I/KIA SPORTAGE;2014;Passageiro;Ileso;2;Masculino;1;0;0;0;-25,53249292;-53,59807773;SPRF-PR;DEL05-PR;UOP05-DEL05-PR
737415;1649372;08/12/2025;segunda-feira;18:20:00;PR;163;132,7;CAPITAO LEONIDAS MARQUES;Sim;Chuva;1;Saída de leito carroçável;Com Vítimas Feridas;Anoitecer;Crescente;Chuva;Dupla;Curva;Não;1316383;Automóvel;I/KIA SPORTAGE;2014;Passageiro;Ileso;4;Feminino;1;0;0;0;-25,53249292;-53,59807773;SPRF-PR;DEL05-PR;UOP05-DEL05-PR
737505;1649954;09/12/2025;terça-feira;07:25:00;PR;376;168,1;MARINGA;Sim;Velocidade Incompatível;4;Derramamento de carga;Sem Vítimas;Pleno dia;Crescente;Chuva;Dupla;"Reta;Declive";Não;1316847;Automóvel;GM/CELTA 4P LIFE;2006;Passageiro;Ileso;15;Masculino;1;0;0;0;-23,39506308;-52,00772636;SPRF-PR;DEL09-PR;UOP01-DEL09-PR
737505;1649954;09/12/2025;terça-feira;07:25:00;PR;376;168,1;MARINGA;Sim;Velocidade Incompatível;3;Tombamento;Sem Vítimas;Pleno dia;Crescente;Chuva;Dupla;"Reta;Declive";Não;1316847;Automóvel;GM/CELTA 4P LIFE;2006;Passageiro;Ileso;15;Masculino;1;0;0;0;-23,39506308;-52,00772636;SPRF-PR;DEL09-PR;UOP01-DEL09-PR
737505;1649954;09/12/2025;terça-feira;07:25:00;PR;376;168,1;MARINGA;Sim;Velocidade Incompatível;2;Saída de leito carroçável;Sem Vítimas;Pleno dia;Crescente;Chuva;Dupla;"Reta;Declive";Não;1316847;Automóvel;GM/CELTA 4P LIFE;2006;Passageiro;Ileso;15;Masculino;1;0;0;0;-23,39506308;-52,00772636;SPRF-PR;DEL09-PR;UOP01-DEL09-PR
737505;1649954;09/12/2025;terça-feira;07:25:00;PR;376;168,1;MARINGA;Sim;Velocidade Incompatível;1;Colisão traseira;Sem Vítimas;Pleno dia;Crescente;Chuva;Dupla;"Reta;Declive";Não;1316847;Automóvel;GM/CELTA 4P LIFE;2006;Passageiro;Ileso;15;Masculino;1;0;0;0;-23,39506308;-52,00772636;SPRF-PR;DEL09-PR;UOP01-DEL09-PR
737955;1650625;11/12/2025;quinta-feira;07:50:00;PR;277;181,8;PALMEIRA;Não;Transitar na contramão;5;Capotamento;Com Vítimas Fatais;Pleno dia;Crescente;Céu Claro;Simples;"Aclive;Reta";Não;1317402;Utilitário;I/BYD SONG PRO GS DM;2024;Passageiro;Ileso;13;Feminino;1;0;0;0;-25,433489;-50,049101;SPRF-PR;DEL08-PR;UOP02-DEL08-PR
737955;1650625;11/12/2025;quinta-feira;07:50:00;PR;277;181,8;PALMEIRA;Não;Transitar na contramão;4;Saída de leito carroçável;Com Vítimas Fatais;Pleno dia;Crescente;Céu Claro;Simples;"Aclive;Reta";Não;1317402;Utilitário;I/BYD SONG PRO GS DM;2024;Passageiro;Ileso;13;Feminino;1;0;0;0;-25,433489;-50,049101;SPRF-PR;DEL08-PR;UOP02-DEL08-PR
737955;1650625;11/12/2025;quinta-feira;07:50:00;PR;277;181,8;PALMEIRA;Não;Transitar na contramão;3;Colisão lateral mesmo sentido;Com Vítimas Fatais;Pleno dia;Crescente;Céu Claro;Simples;"Aclive;Reta";Não;1317402;Utilitário;I/BYD SONG PRO GS DM;2024;Passageiro;Ileso;13;Feminino;1;0;0;0;-25,433489;-50,049101;SPRF-PR;DEL08-PR;UOP02-DEL08-PR
737955;1650625;11/12/2025;quinta-feira;07:50:00;PR;277;181,8;PALMEIRA;Não;Transitar na contramão;2;Capotamento;Com Vítimas Fatais;Pleno dia;Crescente;Céu Claro;Simples;"Aclive;Reta";Não;1317402;Utilitário;I/BYD SONG PRO GS DM;2024;Passageiro;Ileso;13;Feminino;1;0;0;0;-25,433489;-50,049101;SPRF-PR;DEL08-PR;UOP02-DEL08-PR
737955;1650625;11/12/2025;quinta-feira;07:50:00;PR;277;181,8;PALMEIRA;Não;Transitar na contramão;1;Colisão lateral sentido oposto;Com Vítimas Fatais;Pleno dia;Crescente;Céu Claro;Simples;"Aclive;Reta";Não;1317402;Utilitário;I/BYD SONG PRO GS DM;2024;Passageiro;Ileso;13;Feminino;1;0;0;0;-25,433489;-50,049101;SPRF-PR;DEL08-PR;UOP02-DEL08-PR
737955;1650625;11/12/2025;quinta-feira;07:50:00;PR;277;181,8;PALMEIRA;Sim;Ultrapassagem Indevida;5;Capotamento;Com Vítimas Fatais;Pleno dia;Crescente;Céu Claro;Simples;"Aclive;Reta";Não;1317402;Utilitário;I/BYD SONG PRO GS DM;2024;Passageiro;Ileso;13;Feminino;1;0;0;0;-25,433489;-50,049101;SPRF-PR;DEL08-PR;UOP02-DEL08-PR