id;pesid;data_inversa;dia_semana;horario;uf;br;km;municipio;causa_principal;causa_acidente;ordem_tipo_acidente;tipo_acidente;classificacao_acidente;fase_dia;sentido_via;condicao_metereologica;tipo_pista;tracado_via;uso_solo;id_veiculo;tipo_veiculo;marca;ano_fabricacao_veiculo;tipo_envolvido;estado_fisico;idade;sexo;ilesos;feridos_leves;feridos_graves;mortos;latitude;longitude;regional;delegacia;uop
740613;1657385;21/12/2025;domingo;17:00:00;PR;116;121,3;CURITIBA;Não;Manobra de mudança de faixa;1;Colisão traseira;Com Vítimas Feridas;Pleno dia;Decrescente;Nublado;Dupla;"Reta;Aclive";Não;1322409;Automóvel;HONDA/CITY SPORT;2013;Passageiro;Ileso;6;Masculino;1;0;0;0;-25,597048;-49,31662;SPRF-PR;DEL01-PR;UOP03-DEL01-PR
740613;1657385;21/12/2025;domingo;17:00:00;PR;116;121,3;CURITIBA;Sim;Trafegar com motocicleta (ou similar) entre as faixas;3;Queda de ocupante de veículo;Com Vítimas Feridas;Pleno dia;Decrescente;Nublado;Dupla;"Reta;Aclive";Não;1322409;Automóvel;HONDA/CITY SPORT;2013;Passageiro;Ileso;6;Masculino;1;0;0;0;-25,597048;-49,31662;SPRF-PR;DEL01-PR;UOP03-DEL01-PR
740613;1657385;21/12/2025;domingo;17:00:00;PR;116;121,3;CURITIBA;Sim;Trafegar com motocicleta (ou similar) entre as faixas;2;Tombamento;Com Vítimas Feridas;Pleno dia;Decrescente;Nublado;Dupla;"Reta;Aclive";Não;1322409;Automóvel;HONDA/CITY SPORT;2013;Passageiro;Ileso;6;Masculino;1;0;0;0;-25,597048;-49,31662;SPRF-PR;DEL01-PR;UOP03-DEL01-PR
740613;1657385;21/12/2025;domingo;17:00:00;PR;116;121,3;CURITIBA;Sim;Trafegar com motocicleta (ou similar) entre as faixas;1;Colisão traseira;Com Vítimas Feridas;Pleno dia;Decrescente;Nublado;Dupla;"Reta;Aclive";Não;1322409;Automóvel;HONDA/CITY SPORT;2013;Passageiro;Ileso;6;Masculino;1;0;0;0;-25,597048;-49,31662;SPRF-PR;DEL01-PR;UOP03-DEL01-PR
740622;1657341;21/12/2025;domingo;18:00:00;PR;376;410,6;TIBAGI;Sim;Demais falhas mecânicas ou elétricas;1;Incêndio;Sem Vítimas;Pleno dia;Decrescente;Céu Claro;Dupla;"Reta;Declive";Não;1322388;Automóvel;VW/FUSCA 1300;1980;Passageiro;Ileso;8;Feminino;1;0;0;0;-24,65602;-50,61215;SPRF-PR;DEL03-PR;UOP02-DEL03-PR
740622;1657339;21/12/2025;domingo;18:00:00;PR;376;410,6;TIBAGI;Sim;Demais falhas mecânicas ou elétricas;1;Incêndio;Sem Vítimas;Pleno dia;Decrescente;Céu Claro;Dupla;"Reta;Declive";Não;1322388;Automóvel;VW/FUSCA 1300;1980;Passageiro;Ileso;0;Masculino;1;0;0;0;-24,65602;-50,61215;SPRF-PR;DEL03-PR;UOP02-DEL03-PR
740670;1660570;21/12/2025;domingo;20:30:00;PR;277;201;PALMEIRA;Não;Ingestão de álcool pelo condutor;3;Saída de leito carroçável;Com Vítimas Feridas;Plena Noite;Crescente;Céu Claro;Simples;Reta;Não;1323158;Automóvel;HONDA/CIVIC EX CVT;2017;Passageiro;Lesões Leves;8;Masculino;0;1;0;0;-25,46279776;-50,22445619;SPRF-PR;DEL08-PR;UOP02-DEL08-PR
740670;1660569;21/12/2025;domingo;20:30:00;PR;277;201;PALMEIRA;Não;Ingestão de álcool pelo condutor;3;Saída de leito carroçável;Com Vítimas Feridas;Plena Noite;Crescente;Céu Claro;Simples;Reta;Não;1323158;Automóvel;HONDA/CIVIC EX CVT;2017;Passageiro;Lesões Leves;14;Masculino;0;1;0;0;-25,46279776;-50,22445619;SPRF-PR;DEL08-PR;UOP02-DEL08-PR
740670;1660575;21/12/2025;domingo;20:30:00;PR;277;201;PALMEIRA;Não;Ingestão de álcool pelo condutor;3;Saída de leito carroçável;Com Vítimas Feridas;Plena Noite;Crescente;Céu Claro;Simples;Reta;Não;1323159;Automóvel;HYUNDAI/CRETA 16A ACTION;2020;Passageiro;Ileso;2;Masculino;1;0;0;0;-25,46279776;-50,22445619;SPRF-PR;DEL08-PR;UOP02-DEL08-PR
740670;1660570;21/12/2025;domingo;20:30:00;PR;277;201;PALMEIRA;Não;Ingestão de álcool pelo condutor;2;Colisão traseira;Com Vítimas Feridas;Plena Noite;Crescente;Céu Claro;Simples;Reta;Não;1323158;Automóvel;HONDA/CIVIC EX CVT;2017;Passageiro;Lesões Leves;8;Masculino;0;1;0;0;-25,46279776;-50,22445619;SPRF-PR;DEL08-PR;UOP02-DEL08-PR
740670;1660569;21/12/2025;domingo;20:30:00;PR;277;201;PALMEIRA;Não;Ingestão de álcool pelo condutor;2;Colisão traseira;Com Vítimas Feridas;Plena Noite;Crescente;Céu Claro;Simples;Reta;Não;1323158;Automóvel;HONDA/CIVIC EX CVT;2017;Passageiro;Lesões Leves;14;Masculino;0;1;0;0;-25,46279776;-50,22445619;SPRF-PR;DEL08-PR;UOP02-DEL08-PR
740670;1660575;21/12/2025;domingo;20:30:00;PR;277;201;PALMEIRA;Não;Ingestão de álcool pelo condutor;2;Colisão traseira;Com Vítimas Feridas;Plena Noite;Crescente;Céu Claro;Simples;Reta;Não;1323159;Automóvel;HYUNDAI/CRETA 16A ACTION;2020;Passageiro;Ileso;2;Masculino;1;0;0;0;-25,46279776;-50,22445619;SPRF-PR;DEL08-PR;UOP02-DEL08-PR
740670;1660570;21/12/2025;domingo;20:30:00;PR;277;201;PALMEIRA;Não;Ingestão de álcool pelo condutor;1;Colisão transversal;Com Vítimas Feridas;Plena Noite;Crescente;Céu Claro;Simples;Reta;Não;1323158;Automóvel;HONDA/CIVIC EX CVT;2017;Passageiro;Lesões Leves;8;Masculino;0;1;0;0;-25,46279776;-50,22445619;SPRF-PR;DEL08-PR;UOP02-DEL08-PR
740670;1660569;21/12/2025;domingo;20:30:00;PR;277;201;PALMEIRA;Não;Ingestão de álcool pelo condutor;1;Colisão transversal;Com Vítimas Feridas;Plena Noite;Crescente;Céu Claro;Simples;Reta;Não;1323158;Automóvel;HONDA/CIVIC EX CVT;2017;Passageiro;Lesões Leves;14;Masculino;0;1;0;0;-25,46279776;-50,22445619;SPRF-PR;DEL08-PR;UOP02-DEL08-PR
740670;1660575;21/12/2025;domingo;20:30:00;PR;277;201;PALMEIRA;Não;Ingestão de álcool pelo condutor;1;Colisão transversal;Com Vítimas Feridas;Plena Noite;Crescente;Céu Claro;Simples;Reta;Não;1323159;Automóvel;HYUNDAI/CRETA 16A ACTION;2020;Passageiro;Ileso;2;Masculino;1;0;0;0;-25,46279776;-50,22445619;SPRF-PR;DEL08-PR;UOP02-DEL08-PR
740670;1660570;21/12/2025;domingo;20:30:00;PR;277;201;PALMEIRA;Sim;Acessar a via sem observar a presença dos outros veículos;3;Saída de leito carroçável;Com Vítimas Feridas;Plena Noite;Crescente;Céu Claro;Simples;Reta;Não;1323158;Automóvel;HONDA/CIVIC EX CVT;2017;Passageiro;Lesões Leves;8;Masculino;0;1;0;0;-25,46279776;-50,22445619;SPRF-PR;DEL08-PR;UOP02-DEL08-PR
740670;1660569;21/12/2025;domingo;20:30:00;PR;277;201;PALMEIRA;Sim;Acessar a via sem observar a presença dos outros veículos;3;Saída de leito carroçável;Com Vítimas Feridas;Plena Noite;Crescente;Céu Claro;Simples;Reta;Não;1323158;Automóvel;HONDA/CIVIC EX CVT;2017;Passageiro;Lesões Leves;14;Masculino;0;1;0;0;-25,46279776;-50,22445619;SPRF-PR;DEL08-PR;UOP02-DEL08-PR
740670;1660575;21/12/2025;domingo;20:30:00;PR;277;201;PALMEIRA;Sim;Acessar a via sem observar a presença dos outros veículos;3;Saída de leito carroçável;Com Vítimas Feridas;Plena Noite;Crescente;Céu Claro;Simples;Reta;Não;1323159;Automóvel;HYUNDAI/CRETA 16A ACTION;2020;Passageiro;Ileso;2;Masculino;1;0;0;0;-25,46279776;-50,22445619;SPRF-PR;DEL08-PR;UOP02-DEL08-PR
740670;1660570;21/12/2025;domingo;20:30:00;PR;277;201;PALMEIRA;Sim;Acessar a via sem observar a presença dos outros veículos;2;Colisão traseira;Com Vítimas Feridas;Plena Noite;Crescente;Céu Claro;Simples;Reta;Não;1323158;Automóvel;HONDA/CIVIC EX CVT;2017;Passageiro;Lesões Leves;8;Masculino;0;1;0;0;-25,46279776;-50,22445619;SPRF-PR;DEL08-PR;UOP02-DEL08-PR
740670;1660569;21/12/2025;domingo;20:30:00;PR;277;201;PALMEIRA;Sim;Acessar a via sem observar a presença dos outros veículos;2;Colisão traseira;Com Vítimas Feridas;Plena Noite;Crescente;Céu Claro;Simples;Reta;Não;1323158;Automóvel;HONDA/CIVIC EX CVT;2017;Passageiro;Lesões Leves;14;Masculino;0;1;0;0;-25,46279776;-50,22445619;SPRF-PR;DEL08-PR;UOP02-DEL08-PR
740670;1660575;21/12/2025;domingo;20:30:00;PR;277;201;PALMEIRA;Sim;Acessar a via sem observar a presença dos outros veículos;2;Colisão traseira;Com Vítimas Feridas;Plena Noite;Crescente;Céu Claro;Simples;Reta;Não;1323159;Automóvel;HYUNDAI/CRETA 16A ACTION;2020;Passageiro;Ileso;2;Masculino;1;0;0;0;-25,46279776;-50,22445619;SPRF-PR;DEL08-PR;UOP02-DEL08-PR
740670;1660570;21/12/2025;domingo;20:30:00;PR;277;201;PALMEIRA;Sim;Acessar a via sem observar a presença dos outros veículos;1;Colisão transversal;Com Vítimas Feridas;Plena Noite;Crescente;Céu Claro;Simples;Reta;Não;1323158;Automóvel;HONDA/CIVIC EX CVT;2017;Passageiro;Lesões Leves;8;Masculino;0;1;0;0;-25,46279776;-50,22445619;SPRF-PR;DEL08-PR;UOP02-DEL08-PR
740670;1660569;21/12/2025;domingo;20:30:00;PR;277;201;PALMEIRA;Sim;Acessar a via sem observar a presença dos outros veículos;1;Colisão transversal;Com Vítimas Feridas;Plena Noite;Crescente;Céu Claro;Simples;Reta;Não;1323158;Automóvel;HONDA/CIVIC EX CVT;2017;Passageiro;Lesões Leves;14;Masculino;0;1;0;0;-25,46279776;-50,22445619;SPRF-PR;DEL08-PR;UOP02-DEL08-PR
740670;1660575;21/12/2025;domingo;20:30:00;PR;277;201;PALMEIRA;Sim;Acessar a via sem observar a presença dos outros veículos;1;Colisão transversal;Com Vítimas Feridas;Plena Noite;Crescente;Céu Claro;Simples;Reta;Não;1323159;Automóvel;HYUNDAI/CRETA 16A ACTION;2020;Passageiro;Ileso;2;Masculino;1;0;0;0;-25,46279776;-50,22445619;SPRF-PR;DEL08-PR;UOP02-DEL08-PR
741114;1658868;23/12/2025;terça-feira;15:30:00;PR;277;596;CASCAVEL;Não;Reação tardia ou ineficiente do condutor;1;Engavetamento;Com Vítimas Feridas;Pleno dia;Crescente;Céu Claro;Simples;Reta;Sim;1323425;Automóvel;VW/POLO CL AD;2018;Passageiro;Ileso;15;Masculino;1;0;0;0;-24,97958559;-53,49201892;SPRF-PR;DEL04-PR;UOP01-DEL04-PR
741114;1658868;23/12/2025;terça-feira;15:30:00;PR;277;596;CASCAVEL;Sim;Condutor deixou de manter distância do veículo da frente;1;Engavetamento;Com Vítimas Feridas;Pleno dia;Crescente;Céu Claro;Simples;Reta;Sim;1323425;Automóvel;VW/POLO CL AD;2018;Passageiro;Ileso;15;Masculino;1;0;0;0;-24,97958559;-53,49201892;SPRF-PR;DEL04-PR;UOP01-DEL04-PR
741219;1661585;24/12/2025;quarta-feira;00:15:00;PR;277;351;GUARAPUAVA;Não;Demais falhas na via;1;Colisão traseira;Sem Vítimas;Plena Noite;Decrescente;Céu Claro;Simples;"Viaduto;Reta";Não;1323545;Automóvel;CHEV/SPIN 1.8L AT ACT;2014;Passageiro;Ileso;4;Masculino;1;0;0;0;-25,3677581;-51,4930816;SPRF-PR;DEL08-PR;UOP01-DEL08-PR
741219;1661585;24/12/2025;quarta-feira;00:15:00;PR;277;351;GUARAPUAVA;Não;Ausência de reação do condutor;1;Colisão traseira;Sem Vítimas;Plena Noite;Decrescente;Céu Claro;Simples;"Viaduto;Reta";Não;1323545;Automóvel;CHEV/SPIN 1.8L AT ACT;2014;Passageiro;Ileso;4;Masculino;1;0;0;0;-25,3677581;-51,4930816;SPRF-PR;DEL08-PR;UOP01-DEL08-PR
741219;1661585;24/12/2025;quarta-feira;00:15:00;PR;277;351;GUARAPUAVA;Sim;Condutor deixou de manter distância do veículo da frente;1;Colisão traseira;Sem Vítimas;Plena Noite;Decrescente;Céu Claro;Simples;"Viaduto;Reta";Não;1323545;Automóvel;CHEV/SPIN 1.8L AT ACT;2014;Passageiro;Ileso;4;Masculino;1;0;0;0;-25,3677581;-51,4930816;SPRF-PR;DEL08-PR;UOP01-DEL08-PR
741219;1661585;24/12/2025;quarta-feira;00:15:00;PR;277;351;GUARAPUAVA;Não;Condutor Dormindo;1;Colisão traseira;Sem Vítimas;Plena Noite;Decrescente;Céu Claro;Simples;"Viaduto;Reta";Não;1323545;Automóvel;CHEV/SPIN 1.8L AT ACT;2014;Passageiro;Ileso;4;Masculino;1;0;0;0;-25,3677581;-51,4930816;SPRF-PR;DEL08-PR;UOP01-DEL08-PR
741219;1661585;24/12/2025;quarta-feira;00:15:00;PR;277;351;GUARAPUAVA;Não;Ingestão de álcool pelo condutor;1;Colisão traseira;Sem Vítimas;Plena Noite;Decrescente;Céu Claro;Simples;"Viaduto;Reta";Não;1323545;Automóvel;CHEV/SPIN 1.8L AT ACT;2014;Passageiro;Ileso;4;Masculino;1;0;0;0;-25,3677581;-51,4930816;SPRF-PR;DEL08-PR;UOP01-DEL08-PR
741230;1659389;23/12/2025;terça-feira;22:50:00;PR;277;430,9;CANTAGALO;Sim;Demais falhas mecânicas ou elétricas;2;Saída de leito carroçável;Com Vítimas Feridas;Plena Noite;Crescente;Nublado;Simples;"Curva;Declive";Não;1323557;Automóvel;HYUNDAI/HB20 1.0M COMFOR;2015;Passageiro;Lesões Leves;9;Feminino;0;1;0;0;-25,3857556;-52,1679528;SPRF-PR;DEL04-PR;UOP02-DEL04-PR
741230;1659214;23/12/2025;terça-feira;22:50:00;PR;277;430,9;CANTAGALO;Sim;Demais falhas mecânicas ou elétricas;2;Saída de leito carroçável;Com Vítimas Feridas;Plena Noite;Crescente;Nublado;Simples;"Curva;Declive";Não;1323555;Caminhão;VW/9.160 DRC 4X2;2012;Passageiro;Ileso;16;Feminino;1;0;0;0;-25,3857556;-52,1679528;SPRF-PR;DEL04-PR;UOP02-DEL04-PR
741230;1659389;23/12/2025;terça-feira;22:50:00;PR;277;430,9;CANTAGALO;Sim;Demais falhas mecânicas ou elétricas;1;Colisão frontal;Com Vítimas Feridas;Plena Noite;Crescente;Nublado;Simples;"Curva;Declive";Não;1323557;Automóvel;HYUNDAI/HB20 1.0M COMFOR;2015;Passageiro;Lesões Leves;9;Feminino;0;1;0;0;-25,3857556;-52,1679528;SPRF-PR;DEL04-PR;UOP02-DEL04-PR
741230;1659214;23/12/2025;terça-feira;22:50:00;PR;277;430,9;CANTAGALO;Sim;Demais falhas mecânicas ou elétricas;1;Colisão frontal;Com Vítimas Feridas;Plena Noite;Crescente;Nublado;Simples;"Curva;Declive";Não;1323555;Caminhão;VW/9.160 DRC 4X2;2012;Passageiro;Ileso;16;Feminino;1;0;0;0;-25,3857556;-52,1679528;SPRF-PR;DEL04-PR;UOP02-DEL04-PR
741346;1659481;24/12/2025;quarta-feira;16:10:00;PR;277;673,3;MEDIANEIRA;Sim;Velocidade Incompatível;2;Colisão com objeto;Com Vítimas Feridas;Pleno dia;Crescente;Céu Claro;Dupla;Reta;Sim;1323796;Automóvel;I/PEUGEOT 207HB XR;2011;Passageiro;Lesões Leves;9;Feminino;0;1;0;0;-25,28662485;-54,09336297;SPRF-PR;DEL05-PR;UOP01-DEL05-PR
741346;1659481;24/12/2025;quarta-feira;16:10:00;PR;277;673,3;MEDIANEIRA;Sim;Velocidade Incompatível;1;Colisão traseira;Com Vítimas Feridas;Pleno dia;Crescente;Céu Claro;Dupla;Reta;Sim;1323796;Automóvel;I/PEUGEOT 207HB XR;2011;Passageiro;Lesões Leves;9;Feminino;0;1;0;0;-25,28662485;-54,09336297;SPRF-PR;DEL05-PR;UOP01-DEL05-PR
741442;1660488;25/12/2025;quinta-feira;01:00:00;PR;277;3,5;PARANAGUA;Sim;Ingestão de álcool pelo condutor;1;Colisão frontal;Com Vítimas Feridas;Plena Noite;Crescente;Garoa/Chuvisco;Múltipla;Rotatória;Sim;1323942;Automóvel;PEUGEOT/208 ACTIVE MT;2017;Passageiro;Lesões Leves;3;Feminino;0;1;0;0;-25,54630293;-48,56018957;SPRF-PR;DEL01-PR;UOP05-DEL01-PR
741442;1660486;25/12/2025;quinta-feira;01:00:00;PR;277;3,5;PARANAGUA;Sim;Ingestão de álcool pelo condutor;1;Colisão frontal;Com Vítimas Feridas;Plena Noite;Crescente;Garoa/Chuvisco;Múltipla;Rotatória;Sim;1323942;Automóvel;PEUGEOT/208 ACTIVE MT;2017;Passageiro;Lesões Leves;12;Feminino;0;1;0;0;-25,54630293;-48,56018957;SPRF-PR;DEL01-PR;UOP05-DEL01-PR
741636;1660299;25/12/2025;quinta-feira;23:10:00;PR;376;658,4;TIJUCAS DO SUL;Sim;Condutor Dormindo;2;Colisão com objeto;Com Vítimas Feridas;Plena Noite;Crescente;Nublado;Simples;Aclive;Não;1324268;Caminhão-trator;SCANIA/R114LA6X2NA 380;2007;Passageiro;Lesões Leves;14;Feminino;0;1;0;0;-25,850402;-49,011208;SPRF-PR;DEL01-PR;UOP04-DEL01-PR
741636;1660299;25/12/2025;quinta-feira;23:10:00;PR;376;658,4;TIJUCAS DO SUL;Sim;Condutor Dormindo;1;Saída de leito carroçável;Com Vítimas Feridas;Plena Noite;Crescente;Nublado;Simples;Aclive;Não;1324268;Caminhão-trator;SCANIA/R114LA6X2NA 380;2007;Passageiro;Lesões Leves;14;Feminino;0;1;0;0;-25,850402;-49,011208;SPRF-PR;DEL01-PR;UOP04-DEL01-PR
741679;1660475;26/12/2025;sexta-feira;09:20:00;PR;277;54;MORRETES;Sim;Reação tardia ou ineficiente do condutor;1;Engavetamento;Sem Vítimas;Pleno dia;Decrescente;Céu Claro;Dupla;"Reta;Aclive";Não;1324366;Automóvel;I/RENAULT CLIO CAM1016VH;2011;Passageiro;Ileso;14;Feminino;1;0;0;0;-25,5803821;-48,86341095;SPRF-PR;DEL01-PR;UOP05-DEL01-PR
741679;1660470;26/12/2025;sexta-feira;09:20:00;PR;277;54;MORRETES;Sim;Reação tardia ou ineficiente do condutor;1;Engavetamento;Sem Vítimas;Pleno dia;Decrescente;Céu Claro;Dupla;"Reta;Aclive";Não;1324361;Automóvel;FIAT/UNO ATTRACTIVE 1.0;2020;Passageiro;Ileso;2;Masculino;1;0;0;0;-25,5803821;-48,86341095;SPRF-PR;DEL01-PR;UOP05-DEL01-PR
741679;1660469;26/12/2025;sexta-feira;09:20:00;PR;277;54;MORRETES;Sim;Reação tardia ou ineficiente do condutor;1;Engavetamento;Sem Vítimas;Pleno dia;Decrescente;Céu Claro;Dupla;"Reta;Aclive";Não;1324361;Automóvel;FIAT/UNO ATTRACTIVE 1.0;2020;Passageiro;Ileso;4;Feminino;1;0;0;0;-25,5803821;-48,86341095;SPRF-PR;DEL01-PR;UOP05-DEL01-PR
741892;1660993;27/12/2025;sábado;06:00:00;PR;277;168;PALMEIRA;Não;Demais falhas na via;3;Capotamento;Com Vítimas Feridas;Amanhecer;Crescente;Céu Claro;Simples;Reta;Não;1324731;Caminhonete;FIAT/STRADA WORKING CD;2011;Passageiro;Lesões Leves;8;Feminino;0;1;0;0;-25,4635;-49,9267;SPRF-PR;DEL03-PR;UOP03-DEL03-PR
741892;1662850;27/12/2025;sábado;06:00:00;PR;277;168;PALMEIRA;Não;Demais falhas na via;3;Capotamento;Com Vítimas Feridas;Amanhecer;Crescente;Céu Claro;Simples;Reta;Não;1324739;Camioneta;I/HYUNDAI TUCSON GLS 20L;2009;Passageiro;Lesões Leves;0;Feminino;0;1;0;0;-25,4635;-49,9267;SPRF-PR;DEL03-PR;UOP03-DEL03-PR
741892;1662845;27/12/2025;sábado;06:00:00;PR;277;168;PALMEIRA;Não;Demais falhas na via;3;Capotamento;Com Vítimas Feridas;Amanhecer;Crescente;Céu Claro;Simples;Reta;Não;1324739;Camioneta;I/HYUNDAI TUCSON GLS 20L;2009;Passageiro;Lesões Leves;10;Masculino;0;1;0;0;-25,4635;-49,9267;SPRF-PR;DEL03-PR;UOP03-DEL03-PR
741892;1660993;27/12/2025;sábado;06:00:00;PR;277;168;PALMEIRA;Não;Demais falhas na via;2;Incêndio;Com Vítimas Feridas;Amanhecer;Crescente;Céu Claro;Simples;Reta;Não;1324731;Caminhonete;FIAT/STRADA WORKING CD;2011;Passageiro;Lesões Leves;8;Feminino;0;1;0;0;-25,4635;-49,9267;SPRF-PR;DEL03-PR;UOP03-DEL03-PR
741892;1662850;27/12/2025;sábado;06:00:00;PR;277;168;PALMEIRA;Não;Demais falhas na via;2;Incêndio;Com Vítimas Feridas;Amanhecer;Crescente;Céu Claro;Simples;Reta;Não;1324739;Camioneta;I/HYUNDAI TUCSON GLS 20L;2009;Passageiro;Lesões Leves;0;Feminino;0;1;0;0;-25,4635;-49,9267;SPRF-PR;DEL03-PR;UOP03-DEL03-PR
741892;1662845;27/12/2025;sábado;06:00:00;PR;277;168;PALMEIRA;Não;Demais falhas na via;2;Incêndio;Com Vítimas Feridas;Amanhecer;Crescente;Céu Claro;Simples;Reta;Não;1324739;Camioneta;I/HYUNDAI TUCSON GLS 20L;2009;Passageiro;Lesões Leves;10;Masculino;0;1;0;0;-25,4635;-49,9267;SPRF-PR;DEL03-PR;UOP03-DEL03-PR
741892;1660993;27/12/2025;sábado;06:00:00;PR;277;168;PALMEIRA;Não;Demais falhas na via;1;Colisão frontal;Com Vítimas Feridas;Amanhecer;Crescente;Céu Claro;Simples;Reta;Não;1324731;Caminhonete;FIAT/STRADA WORKING CD;2011;Passageiro;Lesões Leves;8;Feminino;0;1;0;0;-25,4635;-49,9267;SPRF-PR;DEL03-PR;UOP03-DEL03-PR
741892;1662850;27/12/2025;sábado;06:00:00;PR;277;168;PALMEIRA;Não;Demais falhas na via;1;Colisão frontal;Com Vítimas Feridas;Amanhecer;Crescente;Céu Claro;Simples;Reta;Não;1324739;Camioneta;I/HYUNDAI TUCSON GLS 20L;2009;Passageiro;Lesões Leves;0;Feminino;0;1;0;0;-25,4635;-49,9267;SPRF-PR;DEL03-PR;UOP03-DEL03-PR
741892;1662845;27/12/2025;sábado;06:00:00;PR;277;168;PALMEIRA;Não;Demais falhas na via;1;Colisão frontal;Com Vítimas Feridas;Amanhecer;Crescente;Céu Claro;Simples;Reta;Não;1324739;Camioneta;I/HYUNDAI TUCSON GLS 20L;2009;Passageiro;Lesões Leves;10;Masculino;0;1;0;0;-25,4635;-49,9267;SPRF-PR;DEL03-PR;UOP03-DEL03-PR
741892;1660993;27/12/2025;sábado;06:00:00;PR;277;168;PALMEIRA;Não;Ausência de reação do condutor;3;Capotamento;Com Vítimas Feridas;Amanhecer;Crescente;Céu Claro;Simples;Reta;Não;1324731;Caminhonete;FIAT/STRADA WORKING CD;2011;Passageiro;Lesões Leves;8;Feminino;0;1;0;0;-25,4635;-49,9267;SPRF-PR;DEL03-PR;UOP03-DEL03-PR
741892;1662850;27/12/2025;sábado;06:00:00;PR;277;168;PALMEIRA;Não;Ausência de reação do condutor;3;Capotamento;Com Vítimas Feridas;Amanhecer;Crescente;Céu Claro;Simples;Reta;Não;1324739;Camioneta;I/HYUNDAI TUCSON GLS 20L;2009;Passageiro;Lesões Leves;0;Feminino;0;1;0;0;-25,4635;-49,9267;SPRF-PR;DEL03-PR;UOP03-DEL03-PR
741892;1662845;27/12/2025;sábado;06:00:00;PR;277;168;PALMEIRA;Não;Ausência de reação do condutor;3;Capotamento;Com Vítimas Feridas;Amanhecer;Crescente;Céu Claro;Simples;Reta;Não;1324739;Camioneta;I/HYUNDAI TUCSON GLS 20L;2009;Passageiro;Lesões Leves;10;Masculino;0;1;0;0;-25,4635;-49,9267;SPRF-PR;DEL03-PR;UOP03-DEL03-PR
741892;1660993;27/12/2025;sábado;06:00:00;PR;277;168;PALMEIRA;Não;Ausência de reação do condutor;2;Incêndio;Com Vítimas Feridas;Amanhecer;Crescente;Céu Claro;Simples;Reta;Não;1324731;Caminhonete;FIAT/STRADA WORKING CD;2011;Passageiro;Lesões Leves;8;Feminino;0;1;0;0;-25,4635;-49,9267;SPRF-PR;DEL03-PR;UOP03-DEL03-PR
741892;1662850;27/12/2025;sábado;06:00:00;PR;277;168;PALMEIRA;Não;Ausência de reação do condutor;2;Incêndio;Com Vítimas Feridas;Amanhecer;Crescente;Céu Claro;Simples;Reta;Não;1324739;Camioneta;I/HYUNDAI TUCSON GLS 20L;2009;Passageiro;Lesões Leves;0;Feminino;0;1;0;0;-25,4635;-49,9267;SPRF-PR;DEL03-PR;UOP03-DEL03-PR
741892;1662845;27/12/2025;sábado;06:00:00;PR;277;168;PALMEIRA;Não;Ausência de reação do condutor;2;Incêndio;Com Vítimas Feridas;Amanhecer;Crescente;Céu Claro;Simples;Reta;Não;1324739;Camioneta;I/HYUNDAI TUCSON GLS 20L;2009;Passageiro;Lesões Leves;10;Masculino;0;1;0;0;-25,4635;-49,9267;SPRF-PR;DEL03-PR;UOP03-DEL03-PR
741892;1660993;27/12/2025;sábado;06:00:00;PR;277;168;PALMEIRA;Não;Ausência de reação do condutor;1;Colisão frontal;Com Vítimas Feridas;Amanhecer;Crescente;Céu Claro;Simples;Reta;Não;1324731;Caminhonete;FIAT/STRADA WORKING CD;2011;Passageiro;Lesões Leves;8;Feminino;0;1;0;0;-25,4635;-49,9267;SPRF-PR;DEL03-PR;UOP03-DEL03-PR
741892;1662850;27/12/2025;sábado;06:00:00;PR;277;168;PALMEIRA;Não;Ausência de reação do condutor;1;Colisão frontal;Com Vítimas Feridas;Amanhecer;Crescente;Céu Claro;Simples;Reta;Não;1324739;Camioneta;I/HYUNDAI TUCSON GLS 20L;2009;Passageiro;Lesões Leves;0;Feminino;0;1;0;0;-25,4635;-49,9267;SPRF-PR;DEL03-PR;UOP03-DEL03-PR
741892;1662845;27/12/2025;sábado;06:00:00;PR;277;168;PALMEIRA;Não;Ausência de reação do condutor;1;Colisão frontal;Com Vítimas Feridas;Amanhecer;Crescente;Céu Claro;Simples;Reta;Não;1324739;Camioneta;I/HYUNDAI TUCSON GLS 20L;2009;Passageiro;Lesões Leves;10;Masculino;0;1;0;0;-25,4635;-49,9267;SPRF-PR;DEL03-PR;UOP03-DEL03-PR
741892;1660993;27/12/2025;sábado;06:00:00;PR;277;168;PALMEIRA;Não;Problema na suspensão;3;Capotamento;Com Vítimas Feridas;Amanhecer;Crescente;Céu Claro;Simples;Reta;Não;1324731;Caminhonete;FIAT/STRADA WORKING CD;2011;Passageiro;Lesões Leves;8;Feminino;0;1;0;0;-25,4635;-49,9267;SPRF-PR;DEL03-PR;UOP03-DEL03-PR
741892;1662850;27/12/2025;sábado;06:00:00;PR;277;168;PALMEIRA;Não;Problema na suspensão;3;Capotamento;Com Vítimas Feridas;Amanhecer;Crescente;Céu Claro;Simples;Reta;Não;1324739;Camioneta;I/HYUNDAI TUCSON GLS 20L;2009;Passageiro;Lesões Leves;0;Feminino;0;1;0;0;-25,4635;-49,9267;SPRF-PR;DEL03-PR;UOP03-DEL03-PR