id;pesid;data_inversa;dia_semana;horario;uf;br;km;municipio;causa_principal;causa_acidente;ordem_tipo_acidente;tipo_acidente;classificacao_acidente;fase_dia;sentido_via;condicao_metereologica;tipo_pista;tracado_via;uso_solo;id_veiculo;tipo_veiculo;marca;ano_fabricacao_veiculo;tipo_envolvido;estado_fisico;idade;sexo;ilesos;feridos_leves;feridos_graves;mortos;latitude;longitude;regional;delegacia;uop
741892;1662845;27/12/2025;sábado;06:00:00;PR;277;168;PALMEIRA;Não;Problema na suspensão;3;Capotamento;Com Vítimas Feridas;Amanhecer;Crescente;Céu Claro;Simples;Reta;Não;1324739;Camioneta;I/HYUNDAI TUCSON GLS 20L;2009;Passageiro;Lesões Leves;10;Masculino;0;1;0;0;-25,4635;-49,9267;SPRF-PR;DEL03-PR;UOP03-DEL03-PR
741892;1660993;27/12/2025;sábado;06:00:00;PR;277;168;PALMEIRA;Não;Problema na suspensão;2;Incêndio;Com Vítimas Feridas;Amanhecer;Crescente;Céu Claro;Simples;Reta;Não;1324731;Caminhonete;FIAT/STRADA WORKING CD;2011;Passageiro;Lesões Leves;8;Feminino;0;1;0;0;-25,4635;-49,9267;SPRF-PR;DEL03-PR;UOP03-DEL03-PR
741892;1662850;27/12/2025;sábado;06:00:00;PR;277;168;PALMEIRA;Não;Problema na suspensão;2;Incêndio;Com Vítimas Feridas;Amanhecer;Crescente;Céu Claro;Simples;Reta;Não;1324739;Camioneta;I/HYUNDAI TUCSON GLS 20L;2009;Passageiro;Lesões Leves;0;Feminino;0;1;0;0;-25,4635;-49,9267;SPRF-PR;DEL03-PR;UOP03-DEL03-PR
741892;1662845;27/12/2025;sábado;06:00:00;PR;277;168;PALMEIRA;Não;Problema na suspensão;2;Incêndio;Com Vítimas Feridas;Amanhecer;Crescente;Céu Claro;Simples;Reta;Não;1324739;Camioneta;I/HYUNDAI TUCSON GLS 20L;2009;Passageiro;Lesões Leves;10;Masculino;0;1;0;0;-25,4635;-49,9267;SPRF-PR;DEL03-PR;UOP03-DEL03-PR
741892;1660993;27/12/2025;sábado;06:00:00;PR;277;168;PALMEIRA;Não;Problema na suspensão;1;Colisão frontal;Com Vítimas Feridas;Amanhecer;Crescente;Céu Claro;Simples;Reta;Não;1324731;Caminhonete;FIAT/STRADA WORKING CD;2011;Passageiro;Lesões Leves;8;Feminino;0;1;0;0;-25,4635;-49,9267;SPRF-PR;DEL03-PR;UOP03-DEL03-PR
741892;1662850;27/12/2025;sábado;06:00:00;PR;277;168;PALMEIRA;Não;Problema na suspensão;1;Colisão frontal;Com Vítimas Feridas;Amanhecer;Crescente;Céu Claro;Simples;Reta;Não;1324739;Camioneta;I/HYUNDAI TUCSON GLS 20L;2009;Passageiro;Lesões Leves;0;Feminino;0;1;0;0;-25,4635;-49,9267;SPRF-PR;DEL03-PR;UOP03-DEL03-PR
741892;1662845;27/12/2025;sábado;06:00:00;PR;277;168;PALMEIRA;Não;Problema na suspensão;1;Colisão frontal;Com Vítimas Feridas;Amanhecer;Crescente;Céu Claro;Simples;Reta;Não;1324739;Camioneta;I/HYUNDAI TUCSON GLS 20L;2009;Passageiro;Lesões Leves;10;Masculino;0;1;0;0;-25,4635;-49,9267;SPRF-PR;DEL03-PR;UOP03-DEL03-PR
741892;1660993;27/12/2025;sábado;06:00:00;PR;277;168;PALMEIRA;Não;Velocidade Incompatível;3;Capotamento;Com Vítimas Feridas;Amanhecer;Crescente;Céu Claro;Simples;Reta;Não;1324731;Caminhonete;FIAT/STRADA WORKING CD;2011;Passageiro;Lesões Leves;8;Feminino;0;1;0;0;-25,4635;-49,9267;SPRF-PR;DEL03-PR;UOP03-DEL03-PR
741892;1662850;27/12/2025;sábado;06:00:00;PR;277;168;PALMEIRA;Não;Velocidade Incompatível;3;Capotamento;Com Vítimas Feridas;Amanhecer;Crescente;Céu Claro;Simples;Reta;Não;1324739;Camioneta;I/HYUNDAI TUCSON GLS 20L;2009;Passageiro;Lesões Leves;0;Feminino;0;1;0;0;-25,4635;-49,9267;SPRF-PR;DEL03-PR;UOP03-DEL03-PR
741892;1662845;27/12/2025;sábado;06:00:00;PR;277;168;PALMEIRA;Não;Velocidade Incompatível;3;Capotamento;Com Vítimas Feridas;Amanhecer;Crescente;Céu Claro;Simples;Reta;Não;1324739;Camioneta;I/HYUNDAI TUCSON GLS 20L;2009;Passageiro;Lesões Leves;10;Masculino;0;1;0;0;-25,4635;-49,9267;SPRF-PR;DEL03-PR;UOP03-DEL03-PR
741892;1660993;27/12/2025;sábado;06:00:00;PR;277;168;PALMEIRA;Não;Velocidade Incompatível;2;Incêndio;Com Vítimas Feridas;Amanhecer;Crescente;Céu Claro;Simples;Reta;Não;1324731;Caminhonete;FIAT/STRADA WORKING CD;2011;Passageiro;Lesões Leves;8;Feminino;0;1;0;0;-25,4635;-49,9267;SPRF-PR;DEL03-PR;UOP03-DEL03-PR
741892;1662850;27/12/2025;sábado;06:00:00;PR;277;168;PALMEIRA;Não;Velocidade Incompatível;2;Incêndio;Com Vítimas Feridas;Amanhecer;Crescente;Céu Claro;Simples;Reta;Não;1324739;Camioneta;I/HYUNDAI TUCSON GLS 20L;2009;Passageiro;Lesões Leves;0;Feminino;0;1;0;0;-25,4635;-49,9267;SPRF-PR;DEL03-PR;UOP03-DEL03-PR
741892;1662845;27/12/2025;sábado;06:00:00;PR;277;168;PALMEIRA;Não;Velocidade Incompatível;2;Incêndio;Com Vítimas Feridas;Amanhecer;Crescente;Céu Claro;Simples;Reta;Não;1324739;Camioneta;I/HYUNDAI TUCSON GLS 20L;2009;Passageiro;Lesões Leves;10;Masculino;0;1;0;0;-25,4635;-49,9267;SPRF-PR;DEL03-PR;UOP03-DEL03-PR
741892;1660993;27/12/2025;sábado;06:00:00;PR;277;168;PALMEIRA;Não;Velocidade Incompatível;1;Colisão frontal;Com Vítimas Feridas;Amanhecer;Crescente;Céu Claro;Simples;Reta;Não;1324731;Caminhonete;FIAT/STRADA WORKING CD;2011;Passageiro;Lesões Leves;8;Feminino;0;1;0;0;-25,4635;-49,9267;SPRF-PR;DEL03-PR;UOP03-DEL03-PR
741892;1662850;27/12/2025;sábado;06:00:00;PR;277;168;PALMEIRA;Não;Velocidade Incompatível;1;Colisão frontal;Com Vítimas Feridas;Amanhecer;Crescente;Céu Claro;Simples;Reta;Não;1324739;Camioneta;I/HYUNDAI TUCSON GLS 20L;2009;Passageiro;Lesões Leves;0;Feminino;0;1;0;0;-25,4635;-49,9267;SPRF-PR;DEL03-PR;UOP03-DEL03-PR
741892;1662845;27/12/2025;sábado;06:00:00;PR;277;168;PALMEIRA;Não;Velocidade Incompatível;1;Colisão frontal;Com Vítimas Feridas;Amanhecer;Crescente;Céu Claro;Simples;Reta;Não;1324739;Camioneta;I/HYUNDAI TUCSON GLS 20L;2009;Passageiro;Lesões Leves;10;Masculino;0;1;0;0;-25,4635;-49,9267;SPRF-PR;DEL03-PR;UOP03-DEL03-PR
741892;1660993;27/12/2025;sábado;06:00:00;PR;277;168;PALMEIRA;Sim;Curva acentuada;3;Capotamento;Com Vítimas Feridas;Amanhecer;Crescente;Céu Claro;Simples;Reta;Não;1324731;Caminhonete;FIAT/STRADA WORKING CD;2011;Passageiro;Lesões Leves;8;Feminino;0;1;0;0;-25,4635;-49,9267;SPRF-PR;DEL03-PR;UOP03-DEL03-PR
741892;1662850;27/12/2025;sábado;06:00:00;PR;277;168;PALMEIRA;Sim;Curva acentuada;3;Capotamento;Com Vítimas Feridas;Amanhecer;Crescente;Céu Claro;Simples;Reta;Não;1324739;Camioneta;I/HYUNDAI TUCSON GLS 20L;2009;Passageiro;Lesões Leves;0;Feminino;0;1;0;0;-25,4635;-49,9267;SPRF-PR;DEL03-PR;UOP03-DEL03-PR
741892;1662845;27/12/2025;sábado;06:00:00;PR;277;168;PALMEIRA;Sim;Curva acentuada;3;Capotamento;Com Vítimas Feridas;Amanhecer;Crescente;Céu Claro;Simples;Reta;Não;1324739;Camioneta;I/HYUNDAI TUCSON GLS 20L;2009;Passageiro;Lesões Leves;10;Masculino;0;1;0;0;-25,4635;-49,9267;SPRF-PR;DEL03-PR;UOP03-DEL03-PR
741892;1660993;27/12/2025;sábado;06:00:00;PR;277;168;PALMEIRA;Sim;Curva acentuada;2;Incêndio;Com Vítimas Feridas;Amanhecer;Crescente;Céu Claro;Simples;Reta;Não;1324731;Caminhonete;FIAT/STRADA WORKING CD;2011;Passageiro;Lesões Leves;8;Feminino;0;1;0;0;-25,4635;-49,9267;SPRF-PR;DEL03-PR;UOP03-DEL03-PR
741892;1662850;27/12/2025;sábado;06:00:00;PR;277;168;PALMEIRA;Sim;Curva acentuada;2;Incêndio;Com Vítimas Feridas;Amanhecer;Crescente;Céu Claro;Simples;Reta;Não;1324739;Camioneta;I/HYUNDAI TUCSON GLS 20L;2009;Passageiro;Lesões Leves;0;Feminino;0;1;0;0;-25,4635;-49,9267;SPRF-PR;DEL03-PR;UOP03-DEL03-PR
741892;1662845;27/12/2025;sábado;06:00:00;PR;277;168;PALMEIRA;Sim;Curva acentuada;2;Incêndio;Com Vítimas Feridas;Amanhecer;Crescente;Céu Claro;Simples;Reta;Não;1324739;Camioneta;I/HYUNDAI TUCSON GLS 20L;2009;Passageiro;Lesões Leves;10;Masculino;0;1;0;0;-25,4635;-49,9267;SPRF-PR;DEL03-PR;UOP03-DEL03-PR
741892;1660993;27/12/2025;sábado;06:00:00;PR;277;168;PALMEIRA;Sim;Curva acentuada;1;Colisão frontal;Com Vítimas Feridas;Amanhecer;Crescente;Céu Claro;Simples;Reta;Não;1324731;Caminhonete;FIAT/STRADA WORKING CD;2011;Passageiro;Lesões Leves;8;Feminino;0;1;0;0;-25,4635;-49,9267;SPRF-PR;DEL03-PR;UOP03-DEL03-PR
741892;1662850;27/12/2025;sábado;06:00:00;PR;277;168;PALMEIRA;Sim;Curva acentuada;1;Colisão frontal;Com Vítimas Feridas;Amanhecer;Crescente;Céu Claro;Simples;Reta;Não;1324739;Camioneta;I/HYUNDAI TUCSON GLS 20L;2009;Passageiro;Lesões Leves;0;Feminino;0;1;0;0;-25,4635;-49,9267;SPRF-PR;DEL03-PR;UOP03-DEL03-PR
741892;1662845;27/12/2025;sábado;06:00:00;PR;277;168;PALMEIRA;Sim;Curva acentuada;1;Colisão frontal;Com Vítimas Feridas;Amanhecer;Crescente;Céu Claro;Simples;Reta;Não;1324739;Camioneta;I/HYUNDAI TUCSON GLS 20L;2009;Passageiro;Lesões Leves;10;Masculino;0;1;0;0;-25,4635;-49,9267;SPRF-PR;DEL03-PR;UOP03-DEL03-PR
741931;1661176;27/12/2025;sábado;11:50:00;PR;277;24;MORRETES;Sim;Manobra de mudança de faixa;2;Queda de ocupante de veículo;Com Vítimas Feridas;Pleno dia;Crescente;Céu Claro;Dupla;Reta;Não;1324850;Motocicleta;HONDA/CG 160 FAN;0;Condutor;Lesões Leves;16;Masculino;0;1;0;0;-25,52839171;-48,74251692;SPRF-PR;DEL01-PR;UOP05-DEL01-PR
741931;1661176;27/12/2025;sábado;11:50:00;PR;277;24;MORRETES;Sim;Manobra de mudança de faixa;1;Colisão lateral mesmo sentido;Com Vítimas Feridas;Pleno dia;Crescente;Céu Claro;Dupla;Reta;Não;1324850;Motocicleta;HONDA/CG 160 FAN;0;Condutor;Lesões Leves;16;Masculino;0;1;0;0;-25,52839171;-48,74251692;SPRF-PR;DEL01-PR;UOP05-DEL01-PR
741992;1661358;27/12/2025;sábado;16:50:00;PR;376;464;PONTA GROSSA;Sim;Chuva;1;Saída de leito carroçável;Com Vítimas Feridas;Pleno dia;Crescente;Chuva;Dupla;Reta;Não;1324974;Caminhonete;RENAULT/OROCH EXP 16 SCE;2018;Passageiro;Ileso;1;Feminino;1;0;0;0;-25,016239;-50,337761;SPRF-PR;DEL03-PR;UOP01-DEL03-PR
741992;1661357;27/12/2025;sábado;16:50:00;PR;376;464;PONTA GROSSA;Sim;Chuva;1;Saída de leito carroçável;Com Vítimas Feridas;Pleno dia;Crescente;Chuva;Dupla;Reta;Não;1324974;Caminhonete;RENAULT/OROCH EXP 16 SCE;2018;Passageiro;Ileso;7;Masculino;1;0;0;0;-25,016239;-50,337761;SPRF-PR;DEL03-PR;UOP01-DEL03-PR
741999;1661260;27/12/2025;sábado;17:30:00;PR;163;215,9;CASCAVEL;Sim;Demais falhas mecânicas ou elétricas;3;Colisão com objeto;Com Vítimas Feridas;Pleno dia;Decrescente;Céu Claro;Dupla;"Aclive;Reta";Não;1324904;Automóvel;PEUGEOT/2008 CROSS EAT6;2018;Passageiro;Ileso;8;Masculino;1;0;0;0;-24,8781432;-53,5616381;SPRF-PR;DEL04-PR;UOP01-DEL04-PR
741999;1661261;27/12/2025;sábado;17:30:00;PR;163;215,9;CASCAVEL;Sim;Demais falhas mecânicas ou elétricas;3;Colisão com objeto;Com Vítimas Feridas;Pleno dia;Decrescente;Céu Claro;Dupla;"Aclive;Reta";Não;1324904;Automóvel;PEUGEOT/2008 CROSS EAT6;2018;Passageiro;Ileso;2;Feminino;1;0;0;0;-24,8781432;-53,5616381;SPRF-PR;DEL04-PR;UOP01-DEL04-PR
741999;1661260;27/12/2025;sábado;17:30:00;PR;163;215,9;CASCAVEL;Sim;Demais falhas mecânicas ou elétricas;2;Saída de leito carroçável;Com Vítimas Feridas;Pleno dia;Decrescente;Céu Claro;Dupla;"Aclive;Reta";Não;1324904;Automóvel;PEUGEOT/2008 CROSS EAT6;2018;Passageiro;Ileso;8;Masculino;1;0;0;0;-24,8781432;-53,5616381;SPRF-PR;DEL04-PR;UOP01-DEL04-PR
741999;1661261;27/12/2025;sábado;17:30:00;PR;163;215,9;CASCAVEL;Sim;Demais falhas mecânicas ou elétricas;2;Saída de leito carroçável;Com Vítimas Feridas;Pleno dia;Decrescente;Céu Claro;Dupla;"Aclive;Reta";Não;1324904;Automóvel;PEUGEOT/2008 CROSS EAT6;2018;Passageiro;Ileso;2;Feminino;1;0;0;0;-24,8781432;-53,5616381;SPRF-PR;DEL04-PR;UOP01-DEL04-PR
741999;1661260;27/12/2025;sábado;17:30:00;PR;163;215,9;CASCAVEL;Sim;Demais falhas mecânicas ou elétricas;1;Colisão com objeto;Com Vítimas Feridas;Pleno dia;Decrescente;Céu Claro;Dupla;"Aclive;Reta";Não;1324904;Automóvel;PEUGEOT/2008 CROSS EAT6;2018;Passageiro;Ileso;8;Masculino;1;0;0;0;-24,8781432;-53,5616381;SPRF-PR;DEL04-PR;UOP01-DEL04-PR
741999;1661261;27/12/2025;sábado;17:30:00;PR;163;215,9;CASCAVEL;Sim;Demais falhas mecânicas ou elétricas;1;Colisão com objeto;Com Vítimas Feridas;Pleno dia;Decrescente;Céu Claro;Dupla;"Aclive;Reta";Não;1324904;Automóvel;PEUGEOT/2008 CROSS EAT6;2018;Passageiro;Ileso;2;Feminino;1;0;0;0;-24,8781432;-53,5616381;SPRF-PR;DEL04-PR;UOP01-DEL04-PR
742059;1661495;27/12/2025;sábado;23:15:00;PR;277;220;TEIXEIRA SOARES;Sim;Demais falhas mecânicas ou elétricas;1;Incêndio;Sem Vítimas;Plena Noite;Crescente;Céu Claro;Simples;Reta;Não;1325023;Ônibus;MBENZ/MPOLO PARADISO DD;2023;Passageiro;Ileso;15;Masculino;1;0;0;0;-25,465944;-50,390401;SPRF-PR;DEL08-PR;UOP02-DEL08-PR
742059;1661478;27/12/2025;sábado;23:15:00;PR;277;220;TEIXEIRA SOARES;Sim;Demais falhas mecânicas ou elétricas;1;Incêndio;Sem Vítimas;Plena Noite;Crescente;Céu Claro;Simples;Reta;Não;1325023;Ônibus;MBENZ/MPOLO PARADISO DD;2023;Passageiro;Ileso;4;Feminino;1;0;0;0;-25,465944;-50,390401;SPRF-PR;DEL08-PR;UOP02-DEL08-PR
742059;1661459;27/12/2025;sábado;23:15:00;PR;277;220;TEIXEIRA SOARES;Sim;Demais falhas mecânicas ou elétricas;1;Incêndio;Sem Vítimas;Plena Noite;Crescente;Céu Claro;Simples;Reta;Não;1325023;Ônibus;MBENZ/MPOLO PARADISO DD;2023;Passageiro;Ileso;9;Masculino;1;0;0;0;-25,465944;-50,390401;SPRF-PR;DEL08-PR;UOP02-DEL08-PR
742059;1661451;27/12/2025;sábado;23:15:00;PR;277;220;TEIXEIRA SOARES;Sim;Demais falhas mecânicas ou elétricas;1;Incêndio;Sem Vítimas;Plena Noite;Crescente;Céu Claro;Simples;Reta;Não;1325023;Ônibus;MBENZ/MPOLO PARADISO DD;2023;Passageiro;Ileso;4;Masculino;1;0;0;0;-25,465944;-50,390401;SPRF-PR;DEL08-PR;UOP02-DEL08-PR
742059;1661450;27/12/2025;sábado;23:15:00;PR;277;220;TEIXEIRA SOARES;Sim;Demais falhas mecânicas ou elétricas;1;Incêndio;Sem Vítimas;Plena Noite;Crescente;Céu Claro;Simples;Reta;Não;1325023;Ônibus;MBENZ/MPOLO PARADISO DD;2023;Passageiro;Ileso;2;Feminino;1;0;0;0;-25,465944;-50,390401;SPRF-PR;DEL08-PR;UOP02-DEL08-PR
742154;1661839;28/12/2025;domingo;12:55:00;PR;469;13,5;FOZ DO IGUACU;Sim;Ingestão de álcool pelo condutor;1;Queda de ocupante de veículo;Com Vítimas Feridas;Pleno dia;Decrescente;Sol;Dupla;"Declive;Curva;Em Obras";Sim;1325245;Motocicleta;Não Informado/Não Informado;2021;Passageiro;Lesões Leves;9;Feminino;0;1;0;0;-25,5131648;-54,5619968;SPRF-PR;DEL05-PR;UOP04-DEL05-PR
742187;1661823;28/12/2025;domingo;15:00:00;PR;163;292;MARECHAL CANDIDO RONDON;Não;Reação tardia ou ineficiente do condutor;1;Colisão transversal;Com Vítimas Feridas;Pleno dia;Crescente;Céu Claro;Simples;"Reta;Interseção de Vias";Não;1325246;Camioneta;JEEP/COMPASS LIMITED TF;2021;Passageiro;Ileso;1;Masculino;1;0;0;0;-24,51597249;-54,11445586;SPRF-PR;DEL06-PR;UOP02-DEL06-PR
742187;1661823;28/12/2025;domingo;15:00:00;PR;163;292;MARECHAL CANDIDO RONDON;Sim;Acessar a via sem observar a presença dos outros veículos;1;Colisão transversal;Com Vítimas Feridas;Pleno dia;Crescente;Céu Claro;Simples;"Reta;Interseção de Vias";Não;1325246;Camioneta;JEEP/COMPASS LIMITED TF;2021;Passageiro;Ileso;1;Masculino;1;0;0;0;-24,51597249;-54,11445586;SPRF-PR;DEL06-PR;UOP02-DEL06-PR
742196;1661901;28/12/2025;domingo;16:40:00;PR;116;60,8;CAMPINA GRANDE DO SUL;Não;Reação tardia ou ineficiente do condutor;2;Tombamento;Com Vítimas Feridas;Pleno dia;Decrescente;Nublado;Dupla;"Aclive;Curva";Não;1325272;Automóvel;CHEVROLET/CELTA 1.0L LT;2014;Passageiro;Ileso;12;Masculino;1;0;0;0;-25,303045;-48,961835;SPRF-PR;DEL01-PR;UOP02-DEL01-PR
742196;1661901;28/12/2025;domingo;16:40:00;PR;116;60,8;CAMPINA GRANDE DO SUL;Não;Reação tardia ou ineficiente do condutor;1;Colisão com objeto;Com Vítimas Feridas;Pleno dia;Decrescente;Nublado;Dupla;"Aclive;Curva";Não;1325272;Automóvel;CHEVROLET/CELTA 1.0L LT;2014;Passageiro;Ileso;12;Masculino;1;0;0;0;-25,303045;-48,961835;SPRF-PR;DEL01-PR;UOP02-DEL01-PR
742196;1661901;28/12/2025;domingo;16:40:00;PR;116;60,8;CAMPINA GRANDE DO SUL;Não;Acesso irregular;2;Tombamento;Com Vítimas Feridas;Pleno dia;Decrescente;Nublado;Dupla;"Aclive;Curva";Não;1325272;Automóvel;CHEVROLET/CELTA 1.0L LT;2014;Passageiro;Ileso;12;Masculino;1;0;0;0;-25,303045;-48,961835;SPRF-PR;DEL01-PR;UOP02-DEL01-PR
742196;1661901;28/12/2025;domingo;16:40:00;PR;116;60,8;CAMPINA GRANDE DO SUL;Não;Acesso irregular;1;Colisão com objeto;Com Vítimas Feridas;Pleno dia;Decrescente;Nublado;Dupla;"Aclive;Curva";Não;1325272;Automóvel;CHEVROLET/CELTA 1.0L LT;2014;Passageiro;Ileso;12;Masculino;1;0;0;0;-25,303045;-48,961835;SPRF-PR;DEL01-PR;UOP02-DEL01-PR
742196;1661901;28/12/2025;domingo;16:40:00;PR;116;60,8;CAMPINA GRANDE DO SUL;Sim;Acumulo de areia ou detritos sobre o pavimento;2;Tombamento;Com Vítimas Feridas;Pleno dia;Decrescente;Nublado;Dupla;"Aclive;Curva";Não;1325272;Automóvel;CHEVROLET/CELTA 1.0L LT;2014;Passageiro;Ileso;12;Masculino;1;0;0;0;-25,303045;-48,961835;SPRF-PR;DEL01-PR;UOP02-DEL01-PR
742196;1661901;28/12/2025;domingo;16:40:00;PR;116;60,8;CAMPINA GRANDE DO SUL;Sim;Acumulo de areia ou detritos sobre o pavimento;1;Colisão com objeto;Com Vítimas Feridas;Pleno dia;Decrescente;Nublado;Dupla;"Aclive;Curva";Não;1325272;Automóvel;CHEVROLET/CELTA 1.0L LT;2014;Passageiro;Ileso;12;Masculino;1;0;0;0;-25,303045;-48,961835;SPRF-PR;DEL01-PR;UOP02-DEL01-PR
742209;1661889;28/12/2025;domingo;12:00:00;PR;376;310;MAUA DA SERRA;Sim;Demais falhas mecânicas ou elétricas;2;Queda de ocupante de veículo;Com Vítimas Feridas;Pleno dia;Decrescente;Céu Claro;Dupla;Curva;Não;1325267;Motocicleta;HONDA/CB250F TWISTER CBS;2018;Passageiro;Lesões Leves;15;Masculino;0;1;0;0;-23,97835;-51,09539;SPRF-PR;DEL07-PR;UOP02-DEL07-PR
742209;1661889;28/12/2025;domingo;12:00:00;PR;376;310;MAUA DA SERRA;Sim;Demais falhas mecânicas ou elétricas;1;Colisão com objeto;Com Vítimas Feridas;Pleno dia;Decrescente;Céu Claro;Dupla;Curva;Não;1325267;Motocicleta;HONDA/CB250F TWISTER CBS;2018;Passageiro;Lesões Leves;15;Masculino;0;1;0;0;-23,97835;-51,09539;SPRF-PR;DEL07-PR;UOP02-DEL07-PR
742225;1662014;28/12/2025;domingo;19:45:00;PR;277;0,5;CURITIBA;Sim;Ingestão de álcool pelo condutor;2;Colisão traseira;Com Vítimas Feridas;Plena Noite;Crescente;Céu Claro;Dupla;Reta;Sim;1325323;Automóvel;RENAULT/SANDERO STEPWAY;2011;Passageiro;Ileso;10;Masculino;1;0;0;0;-25,431456;-49,361701;SPRF-PR;DEL01-PR;UOP06-DEL01-PR
742225;1662014;28/12/2025;domingo;19:45:00;PR;277;0,5;CURITIBA;Sim;Ingestão de álcool pelo condutor;1;Colisão lateral mesmo sentido;Com Vítimas Feridas;Plena Noite;Crescente;Céu Claro;Dupla;Reta;Sim;1325323;Automóvel;RENAULT/SANDERO STEPWAY;2011;Passageiro;Ileso;10;Masculino;1;0;0;0;-25,431456;-49,361701;SPRF-PR;DEL01-PR;UOP06-DEL01-PR
742226;1662011;28/12/2025;domingo;19:40:00;PR;116;62;CAMPINA GRANDE DO SUL;Sim;Ausência de reação do condutor;1;Colisão traseira;Com Vítimas Feridas;Anoitecer;Crescente;Nublado;Dupla;Reta;Não;1325347;Camioneta;VW/KOMBI;1983;Passageiro;Lesões Leves;13;Feminino;0;1;0;0;-25,29126706;-48,93482208;SPRF-PR;DEL01-PR;UOP02-DEL01-PR
742226;1662009;28/12/2025;domingo;19:40:00;PR;116;62;CAMPINA GRANDE DO SUL;Sim;Ausência de reação do condutor;1;Colisão traseira;Com Vítimas Feridas;Anoitecer;Crescente;Nublado;Dupla;Reta;Não;1325347;Camioneta;VW/KOMBI;1983;Passageiro;Lesões Leves;16;Feminino;0;1;0;0;-25,29126706;-48,93482208;SPRF-PR;DEL01-PR;UOP02-DEL01-PR
742300;1662166;29/12/2025;segunda-feira;06:53:00;PR;116;38,6;CAMPINA GRANDE DO SUL;Não;Curva acentuada;1;Capotamento;Com Vítimas Feridas;Pleno dia;Crescente;Chuva;Dupla;Curva;Não;1325423;Automóvel;FORD/FIESTA HA 1.5L S;2013;Passageiro;Ileso;8;Feminino;1;0;0;0;-25,155525;-48,861363;SPRF-PR;DEL01-PR;UOP02-DEL01-PR
742300;1662166;29/12/2025;segunda-feira;06:53:00;PR;116;38,6;CAMPINA GRANDE DO SUL;Não;Acumulo de água sobre o pavimento;1;Capotamento;Com Vítimas Feridas;Pleno dia;Crescente;Chuva;Dupla;Curva;Não;1325423;Automóvel;FORD/FIESTA HA 1.5L S;2013;Passageiro;Ileso;8;Feminino;1;0;0;0;-25,155525;-48,861363;SPRF-PR;DEL01-PR;UOP02-DEL01-PR
742300;1662166;29/12/2025;segunda-feira;06:53:00;PR;116;38,6;CAMPINA GRANDE DO SUL;Sim;Chuva;1;Capotamento;Com Vítimas Feridas;Pleno dia;Crescente;Chuva;Dupla;Curva;Não;1325423;Automóvel;FORD/FIESTA HA 1.5L S;2013;Passageiro;Ileso;8;Feminino;1;0;0;0;-25,155525;-48,861363;SPRF-PR;DEL01-PR;UOP02-DEL01-PR
742351;1662458;29/12/2025;segunda-feira;10:15:00;PR;277;421,5;CANTAGALO;Sim;Velocidade Incompatível;4;Tombamento;Com Vítimas Feridas;Pleno dia;Crescente;Céu Claro;Simples;"Curva;Aclive";Não;1325614;Automóvel;VW/POLO TRACK MA;2024;Passageiro;Lesões Leves;5;Masculino;0;1;0;0;-25,40407924;-52,10097671;SPRF-PR;DEL04-PR;UOP02-DEL04-PR
742351;1662458;29/12/2025;segunda-feira;10:15:00;PR;277;421,5;CANTAGALO;Sim;Velocidade Incompatível;3;Colisão com objeto;Com Vítimas Feridas;Pleno dia;Crescente;Céu Claro;Simples;"Curva;Aclive";Não;1325614;Automóvel;VW/POLO TRACK MA;2024;Passageiro;Lesões Leves;5;Masculino;0;1;0;0;-25,40407924;-52,10097671;SPRF-PR;DEL04-PR;UOP02-DEL04-PR
742351;1662458;29/12/2025;segunda-feira;10:15:00;PR;277;421,5;CANTAGALO;Sim;Velocidade Incompatível;2;Saída de leito carroçável;Com Vítimas Feridas;Pleno dia;Crescente;Céu Claro;Simples;"Curva;Aclive";Não;1325614;Automóvel;VW/POLO TRACK MA;2024;Passageiro;Lesões Leves;5;Masculino;0;1;0;0;-25,40407924;-52,10097671;SPRF-PR;DEL04-PR;UOP02-DEL04-PR
742351;1662458;29/12/2025;segunda-feira;10:15:00;PR;277;421,5;CANTAGALO;Sim;Velocidade Incompatível;1;Colisão lateral mesmo sentido;Com Vítimas Feridas;Pleno dia;Crescente;Céu Claro;Simples;"Curva;Aclive";Não;1325614;Automóvel;VW/POLO TRACK MA;2024;Passageiro;Lesões Leves;5;Masculino;0;1;0;0;-25,40407924;-52,10097671;SPRF-PR;DEL04-PR;UOP02-DEL04-PR
742371;1662372;29/12/2025;segunda-feira;13:50:00;PR;277;64;PIRAQUARA;Não;Falta de elemento de contenção que evite a saída do leito carroçável;3;Capotamento;Com Vítimas Feridas;Pleno dia;Decrescente;Céu Claro;Dupla;Reta;Não;1325559;Automóvel;I/NISSAN VERSA 16SL FLEX;2012;Passageiro;Lesões Leves;9;Masculino;0;1;0;0;-25,53733018;-49,07077789;SPRF-PR;DEL01-PR;UOP01-DEL01-PR
742371;1662372;29/12/2025;segunda-feira;13:50:00;PR;277;64;PIRAQUARA;Não;Falta de elemento de contenção que evite a saída do leito carroçável;2;Colisão com objeto;Com Vítimas Feridas;Pleno dia;Decrescente;Céu Claro;Dupla;Reta;Não;1325559;Automóvel;I/NISSAN VERSA 16SL FLEX;2012;Passageiro;Lesões Leves;9;Masculino;0;1;0;0;-25,53733018;-49,07077789;SPRF-PR;DEL01-PR;UOP01-DEL01-PR
742371;1662372;29/12/2025;segunda-feira;13:50:00;PR;277;64;PIRAQUARA;Não;Falta de elemento de contenção que evite a saída do leito carroçável;1;Saída de leito carroçável;Com Vítimas Feridas;Pleno dia;Decrescente;Céu Claro;Dupla;Reta;Não;1325559;Automóvel;I/NISSAN VERSA 16SL FLEX;2012;Passageiro;Lesões Leves;9;Masculino;0;1;0;0;-25,53733018;-49,07077789;SPRF-PR;DEL01-PR;UOP01-DEL01-PR