id;pesid;data_inversa;dia_semana;horario;uf;br;km;municipio;causa_principal;causa_acidente;ordem_tipo_acidente;tipo_acidente;classificacao_acidente;fase_dia;sentido_via;condicao_metereologica;tipo_pista;tracado_via;uso_solo;id_veiculo;tipo_veiculo;marca;ano_fabricacao_veiculo;tipo_envolvido;estado_fisico;idade;sexo;ilesos;feridos_leves;feridos_graves;mortos;latitude;longitude;regional;delegacia;uop
742371;1662372;29/12/2025;segunda-feira;13:50:00;PR;277;64;PIRAQUARA;Sim;Manobra de mudança de faixa;3;Capotamento;Com Vítimas Feridas;Pleno dia;Decrescente;Céu Claro;Dupla;Reta;Não;1325559;Automóvel;I/NISSAN VERSA 16SL FLEX;2012;Passageiro;Lesões Leves;9;Masculino;0;1;0;0;-25,53733018;-49,07077789;SPRF-PR;DEL01-PR;UOP01-DEL01-PR
742371;1662372;29/12/2025;segunda-feira;13:50:00;PR;277;64;PIRAQUARA;Sim;Manobra de mudança de faixa;2;Colisão com objeto;Com Vítimas Feridas;Pleno dia;Decrescente;Céu Claro;Dupla;Reta;Não;1325559;Automóvel;I/NISSAN VERSA 16SL FLEX;2012;Passageiro;Lesões Leves;9;Masculino;0;1;0;0;-25,53733018;-49,07077789;SPRF-PR;DEL01-PR;UOP01-DEL01-PR
742371;1662372;29/12/2025;segunda-feira;13:50:00;PR;277;64;PIRAQUARA;Sim;Manobra de mudança de faixa;1;Saída de leito carroçável;Com Vítimas Feridas;Pleno dia;Decrescente;Céu Claro;Dupla;Reta;Não;1325559;Automóvel;I/NISSAN VERSA 16SL FLEX;2012;Passageiro;Lesões Leves;9;Masculino;0;1;0;0;-25,53733018;-49,07077789;SPRF-PR;DEL01-PR;UOP01-DEL01-PR
742375;1662471;29/12/2025;segunda-feira;13:10:00;PR;373;430;CHOPINZINHO;Não;Curva acentuada;2;Tombamento;Com Vítimas Feridas;Pleno dia;Crescente;Céu Claro;Simples;"Declive;Curva";Não;1325619;Caminhão-trator;VOLVO/FH 540 6X4T;2018;Passageiro;Lesões Leves;13;Feminino;0;1;0;0;-25,878571;-52,348802;SPRF-PR;DEL02-PR;UOP01-DEL02-PR
742375;1662470;29/12/2025;segunda-feira;13:10:00;PR;373;430;CHOPINZINHO;Não;Curva acentuada;2;Tombamento;Com Vítimas Feridas;Pleno dia;Crescente;Céu Claro;Simples;"Declive;Curva";Não;1325619;Caminhão-trator;VOLVO/FH 540 6X4T;2018;Passageiro;Ileso;6;Feminino;1;0;0;0;-25,878571;-52,348802;SPRF-PR;DEL02-PR;UOP01-DEL02-PR
742375;1662469;29/12/2025;segunda-feira;13:10:00;PR;373;430;CHOPINZINHO;Não;Curva acentuada;2;Tombamento;Com Vítimas Feridas;Pleno dia;Crescente;Céu Claro;Simples;"Declive;Curva";Não;1325619;Caminhão-trator;VOLVO/FH 540 6X4T;2018;Passageiro;Ileso;9;Masculino;1;0;0;0;-25,878571;-52,348802;SPRF-PR;DEL02-PR;UOP01-DEL02-PR
742375;1662471;29/12/2025;segunda-feira;13:10:00;PR;373;430;CHOPINZINHO;Não;Curva acentuada;1;Saída de leito carroçável;Com Vítimas Feridas;Pleno dia;Crescente;Céu Claro;Simples;"Declive;Curva";Não;1325619;Caminhão-trator;VOLVO/FH 540 6X4T;2018;Passageiro;Lesões Leves;13;Feminino;0;1;0;0;-25,878571;-52,348802;SPRF-PR;DEL02-PR;UOP01-DEL02-PR
742375;1662470;29/12/2025;segunda-feira;13:10:00;PR;373;430;CHOPINZINHO;Não;Curva acentuada;1;Saída de leito carroçável;Com Vítimas Feridas;Pleno dia;Crescente;Céu Claro;Simples;"Declive;Curva";Não;1325619;Caminhão-trator;VOLVO/FH 540 6X4T;2018;Passageiro;Ileso;6;Feminino;1;0;0;0;-25,878571;-52,348802;SPRF-PR;DEL02-PR;UOP01-DEL02-PR
742375;1662469;29/12/2025;segunda-feira;13:10:00;PR;373;430;CHOPINZINHO;Não;Curva acentuada;1;Saída de leito carroçável;Com Vítimas Feridas;Pleno dia;Crescente;Céu Claro;Simples;"Declive;Curva";Não;1325619;Caminhão-trator;VOLVO/FH 540 6X4T;2018;Passageiro;Ileso;9;Masculino;1;0;0;0;-25,878571;-52,348802;SPRF-PR;DEL02-PR;UOP01-DEL02-PR
742375;1662471;29/12/2025;segunda-feira;13:10:00;PR;373;430;CHOPINZINHO;Sim;Ausência de reação do condutor;2;Tombamento;Com Vítimas Feridas;Pleno dia;Crescente;Céu Claro;Simples;"Declive;Curva";Não;1325619;Caminhão-trator;VOLVO/FH 540 6X4T;2018;Passageiro;Lesões Leves;13;Feminino;0;1;0;0;-25,878571;-52,348802;SPRF-PR;DEL02-PR;UOP01-DEL02-PR
742375;1662470;29/12/2025;segunda-feira;13:10:00;PR;373;430;CHOPINZINHO;Sim;Ausência de reação do condutor;2;Tombamento;Com Vítimas Feridas;Pleno dia;Crescente;Céu Claro;Simples;"Declive;Curva";Não;1325619;Caminhão-trator;VOLVO/FH 540 6X4T;2018;Passageiro;Ileso;6;Feminino;1;0;0;0;-25,878571;-52,348802;SPRF-PR;DEL02-PR;UOP01-DEL02-PR
742375;1662469;29/12/2025;segunda-feira;13:10:00;PR;373;430;CHOPINZINHO;Sim;Ausência de reação do condutor;2;Tombamento;Com Vítimas Feridas;Pleno dia;Crescente;Céu Claro;Simples;"Declive;Curva";Não;1325619;Caminhão-trator;VOLVO/FH 540 6X4T;2018;Passageiro;Ileso;9;Masculino;1;0;0;0;-25,878571;-52,348802;SPRF-PR;DEL02-PR;UOP01-DEL02-PR
742375;1662471;29/12/2025;segunda-feira;13:10:00;PR;373;430;CHOPINZINHO;Sim;Ausência de reação do condutor;1;Saída de leito carroçável;Com Vítimas Feridas;Pleno dia;Crescente;Céu Claro;Simples;"Declive;Curva";Não;1325619;Caminhão-trator;VOLVO/FH 540 6X4T;2018;Passageiro;Lesões Leves;13;Feminino;0;1;0;0;-25,878571;-52,348802;SPRF-PR;DEL02-PR;UOP01-DEL02-PR
742375;1662470;29/12/2025;segunda-feira;13:10:00;PR;373;430;CHOPINZINHO;Sim;Ausência de reação do condutor;1;Saída de leito carroçável;Com Vítimas Feridas;Pleno dia;Crescente;Céu Claro;Simples;"Declive;Curva";Não;1325619;Caminhão-trator;VOLVO/FH 540 6X4T;2018;Passageiro;Ileso;6;Feminino;1;0;0;0;-25,878571;-52,348802;SPRF-PR;DEL02-PR;UOP01-DEL02-PR
742375;1662469;29/12/2025;segunda-feira;13:10:00;PR;373;430;CHOPINZINHO;Sim;Ausência de reação do condutor;1;Saída de leito carroçável;Com Vítimas Feridas;Pleno dia;Crescente;Céu Claro;Simples;"Declive;Curva";Não;1325619;Caminhão-trator;VOLVO/FH 540 6X4T;2018;Passageiro;Ileso;9;Masculino;1;0;0;0;-25,878571;-52,348802;SPRF-PR;DEL02-PR;UOP01-DEL02-PR
742387;1662438;29/12/2025;segunda-feira;15:20:00;PR;277;357;GUARAPUAVA;Não;Velocidade Incompatível;1;Colisão transversal;Com Vítimas Feridas;Pleno dia;Crescente;Céu Claro;Simples;Reta;Não;1325609;Automóvel;VW/GOL 1.0;2006;Passageiro;Ileso;14;Feminino;1;0;0;0;-25,399595;-51,538539;SPRF-PR;DEL08-PR;UOP01-DEL08-PR
742387;1662440;29/12/2025;segunda-feira;15:20:00;PR;277;357;GUARAPUAVA;Não;Velocidade Incompatível;1;Colisão transversal;Com Vítimas Feridas;Pleno dia;Crescente;Céu Claro;Simples;Reta;Não;1325609;Automóvel;VW/GOL 1.0;2006;Passageiro;Ileso;13;Feminino;1;0;0;0;-25,399595;-51,538539;SPRF-PR;DEL08-PR;UOP01-DEL08-PR
742387;1662438;29/12/2025;segunda-feira;15:20:00;PR;277;357;GUARAPUAVA;Não;Demais falhas mecânicas ou elétricas;1;Colisão transversal;Com Vítimas Feridas;Pleno dia;Crescente;Céu Claro;Simples;Reta;Não;1325609;Automóvel;VW/GOL 1.0;2006;Passageiro;Ileso;14;Feminino;1;0;0;0;-25,399595;-51,538539;SPRF-PR;DEL08-PR;UOP01-DEL08-PR
742387;1662440;29/12/2025;segunda-feira;15:20:00;PR;277;357;GUARAPUAVA;Não;Demais falhas mecânicas ou elétricas;1;Colisão transversal;Com Vítimas Feridas;Pleno dia;Crescente;Céu Claro;Simples;Reta;Não;1325609;Automóvel;VW/GOL 1.0;2006;Passageiro;Ileso;13;Feminino;1;0;0;0;-25,399595;-51,538539;SPRF-PR;DEL08-PR;UOP01-DEL08-PR
742387;1662438;29/12/2025;segunda-feira;15:20:00;PR;277;357;GUARAPUAVA;Não;Ausência de reação do condutor;1;Colisão transversal;Com Vítimas Feridas;Pleno dia;Crescente;Céu Claro;Simples;Reta;Não;1325609;Automóvel;VW/GOL 1.0;2006;Passageiro;Ileso;14;Feminino;1;0;0;0;-25,399595;-51,538539;SPRF-PR;DEL08-PR;UOP01-DEL08-PR
742387;1662440;29/12/2025;segunda-feira;15:20:00;PR;277;357;GUARAPUAVA;Não;Ausência de reação do condutor;1;Colisão transversal;Com Vítimas Feridas;Pleno dia;Crescente;Céu Claro;Simples;Reta;Não;1325609;Automóvel;VW/GOL 1.0;2006;Passageiro;Ileso;13;Feminino;1;0;0;0;-25,399595;-51,538539;SPRF-PR;DEL08-PR;UOP01-DEL08-PR
742387;1662438;29/12/2025;segunda-feira;15:20:00;PR;277;357;GUARAPUAVA;Sim;Acessar a via sem observar a presença dos outros veículos;1;Colisão transversal;Com Vítimas Feridas;Pleno dia;Crescente;Céu Claro;Simples;Reta;Não;1325609;Automóvel;VW/GOL 1.0;2006;Passageiro;Ileso;14;Feminino;1;0;0;0;-25,399595;-51,538539;SPRF-PR;DEL08-PR;UOP01-DEL08-PR
742387;1662440;29/12/2025;segunda-feira;15:20:00;PR;277;357;GUARAPUAVA;Sim;Acessar a via sem observar a presença dos outros veículos;1;Colisão transversal;Com Vítimas Feridas;Pleno dia;Crescente;Céu Claro;Simples;Reta;Não;1325609;Automóvel;VW/GOL 1.0;2006;Passageiro;Ileso;13;Feminino;1;0;0;0;-25,399595;-51,538539;SPRF-PR;DEL08-PR;UOP01-DEL08-PR
742412;1662542;29/12/2025;segunda-feira;16:00:00;PR;153;513,1;GENERAL CARNEIRO;Sim;Reação tardia ou ineficiente do condutor;2;Capotamento;Com Vítimas Feridas;Pleno dia;Crescente;Nublado;Simples;Reta;Não;1325656;Automóvel;I/CHEV CRUZE LT HB AT;2019;Passageiro;Ileso;11;Masculino;1;0;0;0;-26,59251826;-51,4548111;SPRF-PR;DEL02-PR;UOP03-DEL02-PR
742412;1662542;29/12/2025;segunda-feira;16:00:00;PR;153;513,1;GENERAL CARNEIRO;Sim;Reação tardia ou ineficiente do condutor;1;Colisão lateral mesmo sentido;Com Vítimas Feridas;Pleno dia;Crescente;Nublado;Simples;Reta;Não;1325656;Automóvel;I/CHEV CRUZE LT HB AT;2019;Passageiro;Ileso;11;Masculino;1;0;0;0;-26,59251826;-51,4548111;SPRF-PR;DEL02-PR;UOP03-DEL02-PR
742424;1662651;29/12/2025;segunda-feira;16:00:00;PR;116;29;CAMPINA GRANDE DO SUL;Sim;Chuva;1;Colisão com objeto;Com Vítimas Feridas;Pleno dia;Decrescente;Chuva;Dupla;"Declive;Curva";Não;1325731;Automóvel;TOYOTA/COROLLA XEI20FLEX;2010;Passageiro;Lesões Leves;15;Feminino;0;1;0;0;-25,112188;-48,814941;SPRF-PR;DEL01-PR;UOP02-DEL01-PR
742538;1662801;29/12/2025;segunda-feira;16:00:00;PR;376;653,4;TIJUCAS DO SUL;Não;Reação tardia ou ineficiente do condutor;1;Colisão traseira;Sem Vítimas;Pleno dia;Decrescente;Céu Claro;Dupla;"Declive;Curva";Não;1325838;Automóvel;VW/GOL 1.0 PLUS;2001;Passageiro;Ileso;2;Masculino;1;0;0;0;-25,84269383;-49,0508008;SPRF-PR;DEL01-PR;UOP04-DEL01-PR
742538;1662800;29/12/2025;segunda-feira;16:00:00;PR;376;653,4;TIJUCAS DO SUL;Não;Reação tardia ou ineficiente do condutor;1;Colisão traseira;Sem Vítimas;Pleno dia;Decrescente;Céu Claro;Dupla;"Declive;Curva";Não;1325838;Automóvel;VW/GOL 1.0 PLUS;2001;Passageiro;Ileso;8;Feminino;1;0;0;0;-25,84269383;-49,0508008;SPRF-PR;DEL01-PR;UOP04-DEL01-PR
742538;1662801;29/12/2025;segunda-feira;16:00:00;PR;376;653,4;TIJUCAS DO SUL;Sim;Condutor deixou de manter distância do veículo da frente;1;Colisão traseira;Sem Vítimas;Pleno dia;Decrescente;Céu Claro;Dupla;"Declive;Curva";Não;1325838;Automóvel;VW/GOL 1.0 PLUS;2001;Passageiro;Ileso;2;Masculino;1;0;0;0;-25,84269383;-49,0508008;SPRF-PR;DEL01-PR;UOP04-DEL01-PR
742538;1662800;29/12/2025;segunda-feira;16:00:00;PR;376;653,4;TIJUCAS DO SUL;Sim;Condutor deixou de manter distância do veículo da frente;1;Colisão traseira;Sem Vítimas;Pleno dia;Decrescente;Céu Claro;Dupla;"Declive;Curva";Não;1325838;Automóvel;VW/GOL 1.0 PLUS;2001;Passageiro;Ileso;8;Feminino;1;0;0;0;-25,84269383;-49,0508008;SPRF-PR;DEL01-PR;UOP04-DEL01-PR
742582;1662958;30/12/2025;terça-feira;14:15:00;PR;376;468;PONTA GROSSA;Não;Acumulo de água sobre o pavimento;2;Capotamento;Com Vítimas Feridas;Pleno dia;Crescente;Chuva;Dupla;"Viaduto;Curva";Não;1325935;Automóvel;FIAT/PALIO FIRE;2004;Passageiro;Lesões Leves;2;Feminino;0;1;0;0;-25,03624501;-50,29802196;SPRF-PR;DEL03-PR;UOP01-DEL03-PR
742582;1662958;30/12/2025;terça-feira;14:15:00;PR;376;468;PONTA GROSSA;Não;Acumulo de água sobre o pavimento;1;Colisão com objeto;Com Vítimas Feridas;Pleno dia;Crescente;Chuva;Dupla;"Viaduto;Curva";Não;1325935;Automóvel;FIAT/PALIO FIRE;2004;Passageiro;Lesões Leves;2;Feminino;0;1;0;0;-25,03624501;-50,29802196;SPRF-PR;DEL03-PR;UOP01-DEL03-PR
742582;1662958;30/12/2025;terça-feira;14:15:00;PR;376;468;PONTA GROSSA;Não;Chuva;2;Capotamento;Com Vítimas Feridas;Pleno dia;Crescente;Chuva;Dupla;"Viaduto;Curva";Não;1325935;Automóvel;FIAT/PALIO FIRE;2004;Passageiro;Lesões Leves;2;Feminino;0;1;0;0;-25,03624501;-50,29802196;SPRF-PR;DEL03-PR;UOP01-DEL03-PR
742582;1662958;30/12/2025;terça-feira;14:15:00;PR;376;468;PONTA GROSSA;Não;Chuva;1;Colisão com objeto;Com Vítimas Feridas;Pleno dia;Crescente;Chuva;Dupla;"Viaduto;Curva";Não;1325935;Automóvel;FIAT/PALIO FIRE;2004;Passageiro;Lesões Leves;2;Feminino;0;1;0;0;-25,03624501;-50,29802196;SPRF-PR;DEL03-PR;UOP01-DEL03-PR
742582;1662958;30/12/2025;terça-feira;14:15:00;PR;376;468;PONTA GROSSA;Sim;Velocidade Incompatível;2;Capotamento;Com Vítimas Feridas;Pleno dia;Crescente;Chuva;Dupla;"Viaduto;Curva";Não;1325935;Automóvel;FIAT/PALIO FIRE;2004;Passageiro;Lesões Leves;2;Feminino;0;1;0;0;-25,03624501;-50,29802196;SPRF-PR;DEL03-PR;UOP01-DEL03-PR
742582;1662958;30/12/2025;terça-feira;14:15:00;PR;376;468;PONTA GROSSA;Sim;Velocidade Incompatível;1;Colisão com objeto;Com Vítimas Feridas;Pleno dia;Crescente;Chuva;Dupla;"Viaduto;Curva";Não;1325935;Automóvel;FIAT/PALIO FIRE;2004;Passageiro;Lesões Leves;2;Feminino;0;1;0;0;-25,03624501;-50,29802196;SPRF-PR;DEL03-PR;UOP01-DEL03-PR
742791;1663462;31/12/2025;quarta-feira;12:40:00;PR;373;446,2;CHOPINZINHO;Não;Pista esburacada;2;Capotamento;Com Vítimas Feridas;Pleno dia;Decrescente;Nublado;Simples;"Curva;Aclive";Não;1326297;Automóvel;I/RENAULT CLIO CAM1016VH;2010;Passageiro;Lesões Leves;16;Masculino;0;1;0;0;-25,79618192;-52,27226257;SPRF-PR;DEL02-PR;UOP01-DEL02-PR
742791;1663461;31/12/2025;quarta-feira;12:40:00;PR;373;446,2;CHOPINZINHO;Não;Pista esburacada;2;Capotamento;Com Vítimas Feridas;Pleno dia;Decrescente;Nublado;Simples;"Curva;Aclive";Não;1326297;Automóvel;I/RENAULT CLIO CAM1016VH;2010;Passageiro;Lesões Leves;14;Masculino;0;1;0;0;-25,79618192;-52,27226257;SPRF-PR;DEL02-PR;UOP01-DEL02-PR
742791;1663462;31/12/2025;quarta-feira;12:40:00;PR;373;446,2;CHOPINZINHO;Não;Pista esburacada;1;Saída de leito carroçável;Com Vítimas Feridas;Pleno dia;Decrescente;Nublado;Simples;"Curva;Aclive";Não;1326297;Automóvel;I/RENAULT CLIO CAM1016VH;2010;Passageiro;Lesões Leves;16;Masculino;0;1;0;0;-25,79618192;-52,27226257;SPRF-PR;DEL02-PR;UOP01-DEL02-PR
742791;1663461;31/12/2025;quarta-feira;12:40:00;PR;373;446,2;CHOPINZINHO;Não;Pista esburacada;1;Saída de leito carroçável;Com Vítimas Feridas;Pleno dia;Decrescente;Nublado;Simples;"Curva;Aclive";Não;1326297;Automóvel;I/RENAULT CLIO CAM1016VH;2010;Passageiro;Lesões Leves;14;Masculino;0;1;0;0;-25,79618192;-52,27226257;SPRF-PR;DEL02-PR;UOP01-DEL02-PR
742791;1663462;31/12/2025;quarta-feira;12:40:00;PR;373;446,2;CHOPINZINHO;Sim;Velocidade Incompatível;2;Capotamento;Com Vítimas Feridas;Pleno dia;Decrescente;Nublado;Simples;"Curva;Aclive";Não;1326297;Automóvel;I/RENAULT CLIO CAM1016VH;2010;Passageiro;Lesões Leves;16;Masculino;0;1;0;0;-25,79618192;-52,27226257;SPRF-PR;DEL02-PR;UOP01-DEL02-PR
742791;1663461;31/12/2025;quarta-feira;12:40:00;PR;373;446,2;CHOPINZINHO;Sim;Velocidade Incompatível;2;Capotamento;Com Vítimas Feridas;Pleno dia;Decrescente;Nublado;Simples;"Curva;Aclive";Não;1326297;Automóvel;I/RENAULT CLIO CAM1016VH;2010;Passageiro;Lesões Leves;14;Masculino;0;1;0;0;-25,79618192;-52,27226257;SPRF-PR;DEL02-PR;UOP01-DEL02-PR
742791;1663462;31/12/2025;quarta-feira;12:40:00;PR;373;446,2;CHOPINZINHO;Sim;Velocidade Incompatível;1;Saída de leito carroçável;Com Vítimas Feridas;Pleno dia;Decrescente;Nublado;Simples;"Curva;Aclive";Não;1326297;Automóvel;I/RENAULT CLIO CAM1016VH;2010;Passageiro;Lesões Leves;16;Masculino;0;1;0;0;-25,79618192;-52,27226257;SPRF-PR;DEL02-PR;UOP01-DEL02-PR
742791;1663461;31/12/2025;quarta-feira;12:40:00;PR;373;446,2;CHOPINZINHO;Sim;Velocidade Incompatível;1;Saída de leito carroçável;Com Vítimas Feridas;Pleno dia;Decrescente;Nublado;Simples;"Curva;Aclive";Não;1326297;Automóvel;I/RENAULT CLIO CAM1016VH;2010;Passageiro;Lesões Leves;14;Masculino;0;1;0;0;-25,79618192;-52,27226257;SPRF-PR;DEL02-PR;UOP01-DEL02-PR
742844;1663595;31/12/2025;quarta-feira;09:55:00;PR;277;416,5;CANDOI;Sim;Velocidade Incompatível;1;Saída de leito carroçável;Com Vítimas Feridas;Pleno dia;Decrescente;Céu Claro;Simples;Curva;Não;1326382;Automóvel;GM/VECTRA SEDAN;2003;Passageiro;Lesões Leves;6;Masculino;0;1;0;0;-25,4171389;-52,0580472;SPRF-PR;DEL04-PR;UOP02-DEL04-PR
746683;1673890;12/11/2025;quarta-feira;07:45:00;PR;277;313;PRUDENTOPOLIS;Não;Reação tardia ou ineficiente do condutor;2;Colisão lateral sentido oposto;Com Vítimas Feridas;Pleno dia;Crescente;Céu Claro;Simples;"Declive;Curva";Não;1333412;Caminhão-trator;VW/28.460 METEOR 6X2;2022;Passageiro;Ileso;3;Masculino;1;0;0;0;-25,315859;-51,196881;SPRF-PR;DEL08-PR;UOP01-DEL08-PR
746683;1673889;12/11/2025;quarta-feira;07:45:00;PR;277;313;PRUDENTOPOLIS;Não;Reação tardia ou ineficiente do condutor;2;Colisão lateral sentido oposto;Com Vítimas Feridas;Pleno dia;Crescente;Céu Claro;Simples;"Declive;Curva";Não;1333412;Caminhão-trator;VW/28.460 METEOR 6X2;2022;Passageiro;Ileso;5;Masculino;1;0;0;0;-25,315859;-51,196881;SPRF-PR;DEL08-PR;UOP01-DEL08-PR
746683;1673890;12/11/2025;quarta-feira;07:45:00;PR;277;313;PRUDENTOPOLIS;Não;Reação tardia ou ineficiente do condutor;1;Colisão lateral mesmo sentido;Com Vítimas Feridas;Pleno dia;Crescente;Céu Claro;Simples;"Declive;Curva";Não;1333412;Caminhão-trator;VW/28.460 METEOR 6X2;2022;Passageiro;Ileso;3;Masculino;1;0;0;0;-25,315859;-51,196881;SPRF-PR;DEL08-PR;UOP01-DEL08-PR
746683;1673889;12/11/2025;quarta-feira;07:45:00;PR;277;313;PRUDENTOPOLIS;Não;Reação tardia ou ineficiente do condutor;1;Colisão lateral mesmo sentido;Com Vítimas Feridas;Pleno dia;Crescente;Céu Claro;Simples;"Declive;Curva";Não;1333412;Caminhão-trator;VW/28.460 METEOR 6X2;2022;Passageiro;Ileso;5;Masculino;1;0;0;0;-25,315859;-51,196881;SPRF-PR;DEL08-PR;UOP01-DEL08-PR
746683;1673890;12/11/2025;quarta-feira;07:45:00;PR;277;313;PRUDENTOPOLIS;Sim;Manobra de mudança de faixa;2;Colisão lateral sentido oposto;Com Vítimas Feridas;Pleno dia;Crescente;Céu Claro;Simples;"Declive;Curva";Não;1333412;Caminhão-trator;VW/28.460 METEOR 6X2;2022;Passageiro;Ileso;3;Masculino;1;0;0;0;-25,315859;-51,196881;SPRF-PR;DEL08-PR;UOP01-DEL08-PR
746683;1673889;12/11/2025;quarta-feira;07:45:00;PR;277;313;PRUDENTOPOLIS;Sim;Manobra de mudança de faixa;2;Colisão lateral sentido oposto;Com Vítimas Feridas;Pleno dia;Crescente;Céu Claro;Simples;"Declive;Curva";Não;1333412;Caminhão-trator;VW/28.460 METEOR 6X2;2022;Passageiro;Ileso;5;Masculino;1;0;0;0;-25,315859;-51,196881;SPRF-PR;DEL08-PR;UOP01-DEL08-PR
746683;1673890;12/11/2025;quarta-feira;07:45:00;PR;277;313;PRUDENTOPOLIS;Sim;Manobra de mudança de faixa;1;Colisão lateral mesmo sentido;Com Vítimas Feridas;Pleno dia;Crescente;Céu Claro;Simples;"Declive;Curva";Não;1333412;Caminhão-trator;VW/28.460 METEOR 6X2;2022;Passageiro;Ileso;3;Masculino;1;0;0;0;-25,315859;-51,196881;SPRF-PR;DEL08-PR;UOP01-DEL08-PR
746683;1673889;12/11/2025;quarta-feira;07:45:00;PR;277;313;PRUDENTOPOLIS;Sim;Manobra de mudança de faixa;1;Colisão lateral mesmo sentido;Com Vítimas Feridas;Pleno dia;Crescente;Céu Claro;Simples;"Declive;Curva";Não;1333412;Caminhão-trator;VW/28.460 METEOR 6X2;2022;Passageiro;Ileso;5;Masculino;1;0;0;0;-25,315859;-51,196881;SPRF-PR;DEL08-PR;UOP01-DEL08-PR
746683;1673890;12/11/2025;quarta-feira;07:45:00;PR;277;313;PRUDENTOPOLIS;Não;Condutor deixou de manter distância do veículo da frente;2;Colisão lateral sentido oposto;Com Vítimas Feridas;Pleno dia;Crescente;Céu Claro;Simples;"Declive;Curva";Não;1333412;Caminhão-trator;VW/28.460 METEOR 6X2;2022;Passageiro;Ileso;3;Masculino;1;0;0;0;-25,315859;-51,196881;SPRF-PR;DEL08-PR;UOP01-DEL08-PR
746683;1673889;12/11/2025;quarta-feira;07:45:00;PR;277;313;PRUDENTOPOLIS;Não;Condutor deixou de manter distância do veículo da frente;2;Colisão lateral sentido oposto;Com Vítimas Feridas;Pleno dia;Crescente;Céu Claro;Simples;"Declive;Curva";Não;1333412;Caminhão-trator;VW/28.460 METEOR 6X2;2022;Passageiro;Ileso;5;Masculino;1;0;0;0;-25,315859;-51,196881;SPRF-PR;DEL08-PR;UOP01-DEL08-PR
746683;1673890;12/11/2025;quarta-feira;07:45:00;PR;277;313;PRUDENTOPOLIS;Não;Condutor deixou de manter distância do veículo da frente;1;Colisão lateral mesmo sentido;Com Vítimas Feridas;Pleno dia;Crescente;Céu Claro;Simples;"Declive;Curva";Não;1333412;Caminhão-trator;VW/28.460 METEOR 6X2;2022;Passageiro;Ileso;3;Masculino;1;0;0;0;-25,315859;-51,196881;SPRF-PR;DEL08-PR;UOP01-DEL08-PR
746683;1673889;12/11/2025;quarta-feira;07:45:00;PR;277;313;PRUDENTOPOLIS;Não;Condutor deixou de manter distância do veículo da frente;1;Colisão lateral mesmo sentido;Com Vítimas Feridas;Pleno dia;Crescente;Céu Claro;Simples;"Declive;Curva";Não;1333412;Caminhão-trator;VW/28.460 METEOR 6X2;2022;Passageiro;Ileso;5;Masculino;1;0;0;0;-25,315859;-51,196881;SPRF-PR;DEL08-PR;UOP01-DEL08-PR
746683;1673890;12/11/2025;quarta-feira;07:45:00;PR;277;313;PRUDENTOPOLIS;Não;Deficiência do Sistema de Iluminação/Sinalização;2;Colisão lateral sentido oposto;Com Vítimas Feridas;Pleno dia;Crescente;Céu Claro;Simples;"Declive;Curva";Não;1333412;Caminhão-trator;VW/28.460 METEOR 6X2;2022;Passageiro;Ileso;3;Masculino;1;0;0;0;-25,315859;-51,196881;SPRF-PR;DEL08-PR;UOP01-DEL08-PR
746683;1673889;12/11/2025;quarta-feira;07:45:00;PR;277;313;PRUDENTOPOLIS;Não;Deficiência do Sistema de Iluminação/Sinalização;2;Colisão lateral sentido oposto;Com Vítimas Feridas;Pleno dia;Crescente;Céu Claro;Simples;"Declive;Curva";Não;1333412;Caminhão-trator;VW/28.460 METEOR 6X2;2022;Passageiro;Ileso;5;Masculino;1;0;0;0;-25,315859;-51,196881;SPRF-PR;DEL08-PR;UOP01-DEL08-PR
746683;1673890;12/11/2025;quarta-feira;07:45:00;PR;277;313;PRUDENTOPOLIS;Não;Deficiência do Sistema de Iluminação/Sinalização;1;Colisão lateral mesmo sentido;Com Vítimas Feridas;Pleno dia;Crescente;Céu Claro;Simples;"Declive;Curva";Não;1333412;Caminhão-trator;VW/28.460 METEOR 6X2;2022;Passageiro;Ileso;3;Masculino;1;0;0;0;-25,315859;-51,196881;SPRF-PR;DEL08-PR;UOP01-DEL08-PR
746683;1673889;12/11/2025;quarta-feira;07:45:00;PR;277;313;PRUDENTOPOLIS;Não;Deficiência do Sistema de Iluminação/Sinalização;1;Colisão lateral mesmo sentido;Com Vítimas Feridas;Pleno dia;Crescente;Céu Claro;Simples;"Declive;Curva";Não;1333412;Caminhão-trator;VW/28.460 METEOR 6X2;2022;Passageiro;Ileso;5;Masculino;1;0;0;0;-25,315859;-51,196881;SPRF-PR;DEL08-PR;UOP01-DEL08-PR
;;;;;;;;;;;;;;;;;;;;;;;;0,123287671;;;;;;;;;;;;